fips,state,county,iana,iana_minor,minor_pct,source
01001,AL,"Autauga",America/Chicago,,,"tzbb-2026d area-majority; NWS c_16ap26 TIME_ZONE=C"
01003,AL,"Baldwin",America/Chicago,,,"tzbb-2026d area-majority; NWS c_16ap26 TIME_ZONE=C"
01005,AL,"Barbour",America/Chicago,,,"tzbb-2026d area-majority; NWS c_16ap26 TIME_ZONE=C"
01007,AL,"Bibb",America/Chicago,,,"tzbb-2026d area-majority; NWS c_16ap26 TIME_ZONE=C"
01009,AL,"Blount",America/Chicago,,,"tzbb-2026d area-majority; NWS c_16ap26 TIME_ZONE=C"
01011,AL,"Bullock",America/Chicago,,,"tzbb-2026d area-majority; NWS c_16ap26 TIME_ZONE=C"
01013,AL,"Butler",America/Chicago,,,"tzbb-2026d area-majority; NWS c_16ap26 TIME_ZONE=C"
01015,AL,"Calhoun",America/Chicago,,,"tzbb-2026d area-majority; NWS c_16ap26 TIME_ZONE=C"
01017,AL,"Chambers",America/Chicago,America/New_York,12.1,"tzbb-2026d area-majority; NWS c_16ap26 TIME_ZONE=C; RESOLVED: Valley/Lanett area observes Eastern unofficially (tzbb 12%). County = Central. OWNER FLAG (same as Russell)."
01019,AL,"Cherokee",America/Chicago,,,"tzbb-2026d area-majority; NWS c_16ap26 TIME_ZONE=C"
01021,AL,"Chilton",America/Chicago,,,"tzbb-2026d area-majority; NWS c_16ap26 TIME_ZONE=C"
01023,AL,"Choctaw",America/Chicago,,,"tzbb-2026d area-majority; NWS c_16ap26 TIME_ZONE=C"
01025,AL,"Clarke",America/Chicago,,,"tzbb-2026d area-majority; NWS c_16ap26 TIME_ZONE=C"
01027,AL,"Clay",America/Chicago,,,"tzbb-2026d area-majority; NWS c_16ap26 TIME_ZONE=C"
01029,AL,"Cleburne",America/Chicago,,,"tzbb-2026d area-majority; NWS c_16ap26 TIME_ZONE=C"
01031,AL,"Coffee",America/Chicago,,,"tzbb-2026d area-majority; NWS c_16ap26 TIME_ZONE=C"
01033,AL,"Colbert",America/Chicago,,,"tzbb-2026d area-majority; NWS c_16ap26 TIME_ZONE=C"
01035,AL,"Conecuh",America/Chicago,,,"tzbb-2026d area-majority; NWS c_16ap26 TIME_ZONE=C"
01037,AL,"Coosa",America/Chicago,,,"tzbb-2026d area-majority; NWS c_16ap26 TIME_ZONE=C"
01039,AL,"Covington",America/Chicago,,,"tzbb-2026d area-majority; NWS c_16ap26 TIME_ZONE=C"
01041,AL,"Crenshaw",America/Chicago,,,"tzbb-2026d area-majority; NWS c_16ap26 TIME_ZONE=C"
01043,AL,"Cullman",America/Chicago,,,"tzbb-2026d area-majority; NWS c_16ap26 TIME_ZONE=C"
01045,AL,"Dale",America/Chicago,,,"tzbb-2026d area-majority; NWS c_16ap26 TIME_ZONE=C"
01047,AL,"Dallas",America/Chicago,,,"tzbb-2026d area-majority; NWS c_16ap26 TIME_ZONE=C"
01049,AL,"DeKalb",America/Chicago,,,"tzbb-2026d area-majority; NWS c_16ap26 TIME_ZONE=C"
01051,AL,"Elmore",America/Chicago,,,"tzbb-2026d area-majority; NWS c_16ap26 TIME_ZONE=C"
01053,AL,"Escambia",America/Chicago,,,"tzbb-2026d area-majority; NWS c_16ap26 TIME_ZONE=C"
01055,AL,"Etowah",America/Chicago,,,"tzbb-2026d area-majority; NWS c_16ap26 TIME_ZONE=C"
01057,AL,"Fayette",America/Chicago,,,"tzbb-2026d area-majority; NWS c_16ap26 TIME_ZONE=C"
01059,AL,"Franklin",America/Chicago,,,"tzbb-2026d area-majority; NWS c_16ap26 TIME_ZONE=C"
01061,AL,"Geneva",America/Chicago,,,"tzbb-2026d area-majority; NWS c_16ap26 TIME_ZONE=C"
01063,AL,"Greene",America/Chicago,,,"tzbb-2026d area-majority; NWS c_16ap26 TIME_ZONE=C"
01065,AL,"Hale",America/Chicago,,,"tzbb-2026d area-majority; NWS c_16ap26 TIME_ZONE=C"
01067,AL,"Henry",America/Chicago,,,"tzbb-2026d area-majority; NWS c_16ap26 TIME_ZONE=C"
01069,AL,"Houston",America/Chicago,,,"tzbb-2026d area-majority; NWS c_16ap26 TIME_ZONE=C"
01071,AL,"Jackson",America/Chicago,,,"tzbb-2026d area-majority; NWS c_16ap26 TIME_ZONE=C"
01073,AL,"Jefferson",America/Chicago,,,"tzbb-2026d area-majority; NWS c_16ap26 TIME_ZONE=C"
01075,AL,"Lamar",America/Chicago,,,"tzbb-2026d area-majority; NWS c_16ap26 TIME_ZONE=C"
01077,AL,"Lauderdale",America/Chicago,,,"tzbb-2026d area-majority; NWS c_16ap26 TIME_ZONE=C"
01079,AL,"Lawrence",America/Chicago,,,"tzbb-2026d area-majority; NWS c_16ap26 TIME_ZONE=C"
01081,AL,"Lee",America/Chicago,America/New_York,21.84,"tzbb-2026d area-majority; NWS c_16ap26 TIME_ZONE=C; RESOLVED: Smiths Station area observes Eastern unofficially (tzbb 22%). County = Central. OWNER FLAG (same as Russell)."
01083,AL,"Limestone",America/Chicago,,,"tzbb-2026d area-majority; NWS c_16ap26 TIME_ZONE=C"
01085,AL,"Lowndes",America/Chicago,,,"tzbb-2026d area-majority; NWS c_16ap26 TIME_ZONE=C"
01087,AL,"Macon",America/Chicago,,,"tzbb-2026d area-majority; NWS c_16ap26 TIME_ZONE=C"
01089,AL,"Madison",America/Chicago,,,"tzbb-2026d area-majority; NWS c_16ap26 TIME_ZONE=C"
01091,AL,"Marengo",America/Chicago,,,"tzbb-2026d area-majority; NWS c_16ap26 TIME_ZONE=C"
01093,AL,"Marion",America/Chicago,,,"tzbb-2026d area-majority; NWS c_16ap26 TIME_ZONE=C"
01095,AL,"Marshall",America/Chicago,,,"tzbb-2026d area-majority; NWS c_16ap26 TIME_ZONE=C"
01097,AL,"Mobile",America/Chicago,,,"tzbb-2026d area-majority; NWS c_16ap26 TIME_ZONE=C"
01099,AL,"Monroe",America/Chicago,,,"tzbb-2026d area-majority; NWS c_16ap26 TIME_ZONE=C"
01101,AL,"Montgomery",America/Chicago,,,"tzbb-2026d area-majority; NWS c_16ap26 TIME_ZONE=C"
01103,AL,"Morgan",America/Chicago,,,"tzbb-2026d area-majority; NWS c_16ap26 TIME_ZONE=C"
01105,AL,"Perry",America/Chicago,,,"tzbb-2026d area-majority; NWS c_16ap26 TIME_ZONE=C"
01107,AL,"Pickens",America/Chicago,,,"tzbb-2026d area-majority; NWS c_16ap26 TIME_ZONE=C"
01109,AL,"Pike",America/Chicago,,,"tzbb-2026d area-majority; NWS c_16ap26 TIME_ZONE=C"
01111,AL,"Randolph",America/Chicago,,,"tzbb-2026d area-majority; NWS c_16ap26 TIME_ZONE=C"
01113,AL,"Russell",America/Chicago,America/New_York,10.92,"tzbb-2026d area-majority; NWS c_16ap26 TIME_ZONE=C; RESOLVED: Phenix City area observes Eastern time unofficially (Columbus GA metro); tzbb/OSM map it as America/New_York (11% of county). Legal zone of all Alabama = Central (49 CFR 71.7); NWS C. County = Central; points/cells follow tzbb (observed clock). OWNER FLAG."
01115,AL,"St. Clair",America/Chicago,,,"tzbb-2026d area-majority; NWS c_16ap26 TIME_ZONE=C"
01117,AL,"Shelby",America/Chicago,,,"tzbb-2026d area-majority; NWS c_16ap26 TIME_ZONE=C"
01119,AL,"Sumter",America/Chicago,,,"tzbb-2026d area-majority; NWS c_16ap26 TIME_ZONE=C"
01121,AL,"Talladega",America/Chicago,,,"tzbb-2026d area-majority; NWS c_16ap26 TIME_ZONE=C"
01123,AL,"Tallapoosa",America/Chicago,,,"tzbb-2026d area-majority; NWS c_16ap26 TIME_ZONE=C"
01125,AL,"Tuscaloosa",America/Chicago,,,"tzbb-2026d area-majority; NWS c_16ap26 TIME_ZONE=C"
01127,AL,"Walker",America/Chicago,,,"tzbb-2026d area-majority; NWS c_16ap26 TIME_ZONE=C"
01129,AL,"Washington",America/Chicago,,,"tzbb-2026d area-majority; NWS c_16ap26 TIME_ZONE=C"
01131,AL,"Wilcox",America/Chicago,,,"tzbb-2026d area-majority; NWS c_16ap26 TIME_ZONE=C"
01133,AL,"Winston",America/Chicago,,,"tzbb-2026d area-majority; NWS c_16ap26 TIME_ZONE=C"
02013,AK,"Aleutians East",America/Anchorage,America/Nome,45.95,"tzbb-2026d area-majority; NWS c_16ap26 TIME_ZONE=A; same-rule split: America/Nome 46.0% (identical UTC offsets and DST since 2021-10-01, so the day window is the same)"
02016,AK,"Aleutians West",America/Adak,America/Nome,43.15,"tzbb-2026d area-majority; NWS c_16ap26 TIME_ZONE=Ah; RESOLVED: Aleutians West: west of 169.5W = America/Adak (HST/HDT); Unalaska/Pribilofs = America/Nome (AKST, same rules as Anchorage). NWS Ah agrees. Area majority Adak."
02020,AK,"Anchorage",America/Anchorage,,,"tzbb-2026d area-majority; NWS c_16ap26 TIME_ZONE=A"
02050,AK,"Bethel",America/Anchorage,America/Nome,25.43,"tzbb-2026d area-majority; NWS c_16ap26 TIME_ZONE=A; same-rule split: America/Nome 25.4% (identical UTC offsets and DST since 2021-10-01, so the day window is the same)"
02060,AK,"Bristol Bay",America/Anchorage,,,"tzbb-2026d area-majority; NWS c_16ap26 TIME_ZONE=A"
02063,AK,"Chugach",America/Anchorage,,,"tzbb-2026d area-majority; NWS c_16ap26 TIME_ZONE=A"
02066,AK,"Copper River",America/Anchorage,,,"tzbb-2026d area-majority; NWS c_16ap26 TIME_ZONE=A"
02068,AK,"Denali",America/Anchorage,,,"tzbb-2026d area-majority; NWS c_16ap26 TIME_ZONE=A"
02070,AK,"Dillingham",America/Anchorage,,,"tzbb-2026d area-majority; NWS c_16ap26 TIME_ZONE=A"
02090,AK,"Fairbanks North Star",America/Anchorage,,,"tzbb-2026d area-majority; NWS c_16ap26 TIME_ZONE=A"
02100,AK,"Haines",America/Juneau,,,"tzbb-2026d area-majority; NWS c_16ap26 TIME_ZONE=A"
02105,AK,"Hoonah-Angoon",America/Juneau,,,"tzbb-2026d area-majority; NWS c_16ap26 TIME_ZONE=A"
02110,AK,"Juneau",America/Juneau,,,"tzbb-2026d area-majority; NWS c_16ap26 TIME_ZONE=A"
02122,AK,"Kenai Peninsula",America/Anchorage,,,"tzbb-2026d area-majority; NWS c_16ap26 TIME_ZONE=A"
02130,AK,"Ketchikan Gateway",America/Sitka,,,"tzbb-2026d area-majority; NWS c_16ap26 TIME_ZONE=A"
02150,AK,"Kodiak Island",America/Anchorage,,,"tzbb-2026d area-majority; NWS c_16ap26 TIME_ZONE=A"
02158,AK,"Kusilvak",America/Nome,America/Anchorage,19.85,"tzbb-2026d area-majority; NWS c_16ap26 TIME_ZONE=A; same-rule split: America/Anchorage 19.8% (identical UTC offsets and DST since 2021-10-01, so the day window is the same)"
02164,AK,"Lake and Peninsula",America/Anchorage,,,"tzbb-2026d area-majority; NWS c_16ap26 TIME_ZONE=A"
02170,AK,"Matanuska-Susitna",America/Anchorage,,,"tzbb-2026d area-majority; NWS c_16ap26 TIME_ZONE=A"
02180,AK,"Nome",America/Nome,America/Anchorage,29.69,"tzbb-2026d area-majority; NWS c_16ap26 TIME_ZONE=A; same-rule split: America/Anchorage 29.7% (identical UTC offsets and DST since 2021-10-01, so the day window is the same)"
02185,AK,"North Slope",America/Anchorage,America/Nome,8.56,"tzbb-2026d area-majority; NWS c_16ap26 TIME_ZONE=A; same-rule split: America/Nome 8.6% (identical UTC offsets and DST since 2021-10-01, so the day window is the same)"
02188,AK,"Northwest Arctic",America/Anchorage,America/Nome,22.42,"tzbb-2026d area-majority; NWS c_16ap26 TIME_ZONE=A; same-rule split: America/Nome 22.4% (identical UTC offsets and DST since 2021-10-01, so the day window is the same)"
02195,AK,"Petersburg Borough",America/Sitka,America/Juneau,33.8,"tzbb-2026d area-majority; NWS c_16ap26 TIME_ZONE=A; same-rule split: America/Juneau 33.8% (identical UTC offsets and DST since 2021-10-01, so the day window is the same)"
02198,AK,"Prince of Wales-Hyder",America/Sitka,America/Metlakatla,2.53,"tzbb-2026d area-majority; NWS c_16ap26 TIME_ZONE=A; same-rule split: America/Metlakatla 2.5% (identical UTC offsets and DST since 2021-10-01, so the day window is the same)"
02220,AK,"Sitka",America/Sitka,,,"tzbb-2026d area-majority; NWS c_16ap26 TIME_ZONE=A"
02230,AK,"Skagway",America/Juneau,,,"tzbb-2026d area-majority; NWS c_16ap26 TIME_ZONE=A"
02240,AK,"Southeast Fairbanks",America/Anchorage,,,"tzbb-2026d area-majority; NWS c_16ap26 TIME_ZONE=A"
02275,AK,"Wrangell",America/Sitka,,,"tzbb-2026d area-majority; NWS c_16ap26 TIME_ZONE=A"
02282,AK,"Yakutat",America/Yakutat,America/Anchorage,33.55,"tzbb-2026d area-majority; NWS c_16ap26 TIME_ZONE=A; same-rule split: America/Anchorage 33.5% (identical UTC offsets and DST since 2021-10-01, so the day window is the same)"
02290,AK,"Yukon-Koyukuk",America/Anchorage,,,"tzbb-2026d area-majority; NWS c_16ap26 TIME_ZONE=A"
04001,AZ,"Apache",America/Denver,America/Phoenix,38.36,"tzbb-2026d area-majority; NWS c_16ap26 TIME_ZONE=Mm; RESOLVED: Navajo Nation observes DST (America/Denver); rest of Arizona does not (America/Phoenix). NWS Mm agrees. Area majority Denver (Navajo Nation)."
04003,AZ,"Cochise",America/Phoenix,,,"tzbb-2026d area-majority; NWS c_16ap26 TIME_ZONE=m"
04005,AZ,"Coconino",America/Phoenix,America/Denver,27.27,"tzbb-2026d area-majority; NWS c_16ap26 TIME_ZONE=Mm; RESOLVED: Navajo Nation (Denver) vs rest of AZ incl. Hopi (Phoenix); NWS Mm agrees. Area majority Phoenix (Flagstaff)."
04007,AZ,"Gila",America/Phoenix,,,"tzbb-2026d area-majority; NWS c_16ap26 TIME_ZONE=m"
04009,AZ,"Graham",America/Phoenix,,,"tzbb-2026d area-majority; NWS c_16ap26 TIME_ZONE=m"
04011,AZ,"Greenlee",America/Phoenix,,,"tzbb-2026d area-majority; NWS c_16ap26 TIME_ZONE=m"
04012,AZ,"La Paz",America/Phoenix,,,"tzbb-2026d area-majority; NWS c_16ap26 TIME_ZONE=m"
04013,AZ,"Maricopa",America/Phoenix,,,"tzbb-2026d area-majority; NWS c_16ap26 TIME_ZONE=m"
04015,AZ,"Mohave",America/Phoenix,,,"tzbb-2026d area-majority; NWS c_16ap26 TIME_ZONE=m"
04017,AZ,"Navajo",America/Phoenix,America/Denver,39.88,"tzbb-2026d area-majority; NWS c_16ap26 TIME_ZONE=Mm; RESOLVED: Navajo Nation (Denver) / Hopi Reservation + south (Phoenix); NWS Mm agrees. Area majority Phoenix."
04019,AZ,"Pima",America/Phoenix,,,"tzbb-2026d area-majority; NWS c_16ap26 TIME_ZONE=m"
04021,AZ,"Pinal",America/Phoenix,,,"tzbb-2026d area-majority; NWS c_16ap26 TIME_ZONE=m"
04023,AZ,"Santa Cruz",America/Phoenix,,,"tzbb-2026d area-majority; NWS c_16ap26 TIME_ZONE=m"
04025,AZ,"Yavapai",America/Phoenix,,,"tzbb-2026d area-majority; NWS c_16ap26 TIME_ZONE=m"
04027,AZ,"Yuma",America/Phoenix,,,"tzbb-2026d area-majority; NWS c_16ap26 TIME_ZONE=m"
05001,AR,"Arkansas",America/Chicago,,,"tzbb-2026d area-majority; NWS c_16ap26 TIME_ZONE=C"
05003,AR,"Ashley",America/Chicago,,,"tzbb-2026d area-majority; NWS c_16ap26 TIME_ZONE=C"
05005,AR,"Baxter",America/Chicago,,,"tzbb-2026d area-majority; NWS c_16ap26 TIME_ZONE=C"
05007,AR,"Benton",America/Chicago,,,"tzbb-2026d area-majority; NWS c_16ap26 TIME_ZONE=C"
05009,AR,"Boone",America/Chicago,,,"tzbb-2026d area-majority; NWS c_16ap26 TIME_ZONE=C"
05011,AR,"Bradley",America/Chicago,,,"tzbb-2026d area-majority; NWS c_16ap26 TIME_ZONE=C"
05013,AR,"Calhoun",America/Chicago,,,"tzbb-2026d area-majority; NWS c_16ap26 TIME_ZONE=C"
05015,AR,"Carroll",America/Chicago,,,"tzbb-2026d area-majority; NWS c_16ap26 TIME_ZONE=C"
05017,AR,"Chicot",America/Chicago,,,"tzbb-2026d area-majority; NWS c_16ap26 TIME_ZONE=C"
05019,AR,"Clark",America/Chicago,,,"tzbb-2026d area-majority; NWS c_16ap26 TIME_ZONE=C"
05021,AR,"Clay",America/Chicago,,,"tzbb-2026d area-majority; NWS c_16ap26 TIME_ZONE=C"
05023,AR,"Cleburne",America/Chicago,,,"tzbb-2026d area-majority; NWS c_16ap26 TIME_ZONE=C"
05025,AR,"Cleveland",America/Chicago,,,"tzbb-2026d area-majority; NWS c_16ap26 TIME_ZONE=C"
05027,AR,"Columbia",America/Chicago,,,"tzbb-2026d area-majority; NWS c_16ap26 TIME_ZONE=C"
05029,AR,"Conway",America/Chicago,,,"tzbb-2026d area-majority; NWS c_16ap26 TIME_ZONE=C"
05031,AR,"Craighead",America/Chicago,,,"tzbb-2026d area-majority; NWS c_16ap26 TIME_ZONE=C"
05033,AR,"Crawford",America/Chicago,,,"tzbb-2026d area-majority; NWS c_16ap26 TIME_ZONE=C"
05035,AR,"Crittenden",America/Chicago,,,"tzbb-2026d area-majority; NWS c_16ap26 TIME_ZONE=C"
05037,AR,"Cross",America/Chicago,,,"tzbb-2026d area-majority; NWS c_16ap26 TIME_ZONE=C"
05039,AR,"Dallas",America/Chicago,,,"tzbb-2026d area-majority; NWS c_16ap26 TIME_ZONE=C"
05041,AR,"Desha",America/Chicago,,,"tzbb-2026d area-majority; NWS c_16ap26 TIME_ZONE=C"
05043,AR,"Drew",America/Chicago,,,"tzbb-2026d area-majority; NWS c_16ap26 TIME_ZONE=C"
05045,AR,"Faulkner",America/Chicago,,,"tzbb-2026d area-majority; NWS c_16ap26 TIME_ZONE=C"
05047,AR,"Franklin",America/Chicago,,,"tzbb-2026d area-majority; NWS c_16ap26 TIME_ZONE=C"
05049,AR,"Fulton",America/Chicago,,,"tzbb-2026d area-majority; NWS c_16ap26 TIME_ZONE=C"
05051,AR,"Garland",America/Chicago,,,"tzbb-2026d area-majority; NWS c_16ap26 TIME_ZONE=C"
05053,AR,"Grant",America/Chicago,,,"tzbb-2026d area-majority; NWS c_16ap26 TIME_ZONE=C"
05055,AR,"Greene",America/Chicago,,,"tzbb-2026d area-majority; NWS c_16ap26 TIME_ZONE=C"
05057,AR,"Hempstead",America/Chicago,,,"tzbb-2026d area-majority; NWS c_16ap26 TIME_ZONE=C"
05059,AR,"Hot Spring",America/Chicago,,,"tzbb-2026d area-majority; NWS c_16ap26 TIME_ZONE=C"
05061,AR,"Howard",America/Chicago,,,"tzbb-2026d area-majority; NWS c_16ap26 TIME_ZONE=C"
05063,AR,"Independence",America/Chicago,,,"tzbb-2026d area-majority; NWS c_16ap26 TIME_ZONE=C"
05065,AR,"Izard",America/Chicago,,,"tzbb-2026d area-majority; NWS c_16ap26 TIME_ZONE=C"
05067,AR,"Jackson",America/Chicago,,,"tzbb-2026d area-majority; NWS c_16ap26 TIME_ZONE=C"
05069,AR,"Jefferson",America/Chicago,,,"tzbb-2026d area-majority; NWS c_16ap26 TIME_ZONE=C"
05071,AR,"Johnson",America/Chicago,,,"tzbb-2026d area-majority; NWS c_16ap26 TIME_ZONE=C"
05073,AR,"Lafayette",America/Chicago,,,"tzbb-2026d area-majority; NWS c_16ap26 TIME_ZONE=C"
05075,AR,"Lawrence",America/Chicago,,,"tzbb-2026d area-majority; NWS c_16ap26 TIME_ZONE=C"
05077,AR,"Lee",America/Chicago,,,"tzbb-2026d area-majority; NWS c_16ap26 TIME_ZONE=C"
05079,AR,"Lincoln",America/Chicago,,,"tzbb-2026d area-majority; NWS c_16ap26 TIME_ZONE=C"
05081,AR,"Little River",America/Chicago,,,"tzbb-2026d area-majority; NWS c_16ap26 TIME_ZONE=C"
05083,AR,"Logan",America/Chicago,,,"tzbb-2026d area-majority; NWS c_16ap26 TIME_ZONE=C"
05085,AR,"Lonoke",America/Chicago,,,"tzbb-2026d area-majority; NWS c_16ap26 TIME_ZONE=C"
05087,AR,"Madison",America/Chicago,,,"tzbb-2026d area-majority; NWS c_16ap26 TIME_ZONE=C"
05089,AR,"Marion",America/Chicago,,,"tzbb-2026d area-majority; NWS c_16ap26 TIME_ZONE=C"
05091,AR,"Miller",America/Chicago,,,"tzbb-2026d area-majority; NWS c_16ap26 TIME_ZONE=C"
05093,AR,"Mississippi",America/Chicago,,,"tzbb-2026d area-majority; NWS c_16ap26 TIME_ZONE=C"
05095,AR,"Monroe",America/Chicago,,,"tzbb-2026d area-majority; NWS c_16ap26 TIME_ZONE=C"
05097,AR,"Montgomery",America/Chicago,,,"tzbb-2026d area-majority; NWS c_16ap26 TIME_ZONE=C"
05099,AR,"Nevada",America/Chicago,,,"tzbb-2026d area-majority; NWS c_16ap26 TIME_ZONE=C"
05101,AR,"Newton",America/Chicago,,,"tzbb-2026d area-majority; NWS c_16ap26 TIME_ZONE=C"
05103,AR,"Ouachita",America/Chicago,,,"tzbb-2026d area-majority; NWS c_16ap26 TIME_ZONE=C"
05105,AR,"Perry",America/Chicago,,,"tzbb-2026d area-majority; NWS c_16ap26 TIME_ZONE=C"
05107,AR,"Phillips",America/Chicago,,,"tzbb-2026d area-majority; NWS c_16ap26 TIME_ZONE=C"
05109,AR,"Pike",America/Chicago,,,"tzbb-2026d area-majority; NWS c_16ap26 TIME_ZONE=C"
05111,AR,"Poinsett",America/Chicago,,,"tzbb-2026d area-majority; NWS c_16ap26 TIME_ZONE=C"
05113,AR,"Polk",America/Chicago,,,"tzbb-2026d area-majority; NWS c_16ap26 TIME_ZONE=C"
05115,AR,"Pope",America/Chicago,,,"tzbb-2026d area-majority; NWS c_16ap26 TIME_ZONE=C"
05117,AR,"Prairie",America/Chicago,,,"tzbb-2026d area-majority; NWS c_16ap26 TIME_ZONE=C"
05119,AR,"Pulaski",America/Chicago,,,"tzbb-2026d area-majority; NWS c_16ap26 TIME_ZONE=C"
05121,AR,"Randolph",America/Chicago,,,"tzbb-2026d area-majority; NWS c_16ap26 TIME_ZONE=C"
05123,AR,"St. Francis",America/Chicago,,,"tzbb-2026d area-majority; NWS c_16ap26 TIME_ZONE=C"
05125,AR,"Saline",America/Chicago,,,"tzbb-2026d area-majority; NWS c_16ap26 TIME_ZONE=C"
05127,AR,"Scott",America/Chicago,,,"tzbb-2026d area-majority; NWS c_16ap26 TIME_ZONE=C"
05129,AR,"Searcy",America/Chicago,,,"tzbb-2026d area-majority; NWS c_16ap26 TIME_ZONE=C"
05131,AR,"Sebastian",America/Chicago,,,"tzbb-2026d area-majority; NWS c_16ap26 TIME_ZONE=C"
05133,AR,"Sevier",America/Chicago,,,"tzbb-2026d area-majority; NWS c_16ap26 TIME_ZONE=C"
05135,AR,"Sharp",America/Chicago,,,"tzbb-2026d area-majority; NWS c_16ap26 TIME_ZONE=C"
05137,AR,"Stone",America/Chicago,,,"tzbb-2026d area-majority; NWS c_16ap26 TIME_ZONE=C"
05139,AR,"Union",America/Chicago,,,"tzbb-2026d area-majority; NWS c_16ap26 TIME_ZONE=C"
05141,AR,"Van Buren",America/Chicago,,,"tzbb-2026d area-majority; NWS c_16ap26 TIME_ZONE=C"
05143,AR,"Washington",America/Chicago,,,"tzbb-2026d area-majority; NWS c_16ap26 TIME_ZONE=C"
05145,AR,"White",America/Chicago,,,"tzbb-2026d area-majority; NWS c_16ap26 TIME_ZONE=C"
05147,AR,"Woodruff",America/Chicago,,,"tzbb-2026d area-majority; NWS c_16ap26 TIME_ZONE=C"
05149,AR,"Yell",America/Chicago,,,"tzbb-2026d area-majority; NWS c_16ap26 TIME_ZONE=C"
06001,CA,"Alameda",America/Los_Angeles,,,"tzbb-2026d area-majority; NWS c_16ap26 TIME_ZONE=P"
06003,CA,"Alpine",America/Los_Angeles,,,"tzbb-2026d area-majority; NWS c_16ap26 TIME_ZONE=P"
06005,CA,"Amador",America/Los_Angeles,,,"tzbb-2026d area-majority; NWS c_16ap26 TIME_ZONE=P"
06007,CA,"Butte",America/Los_Angeles,,,"tzbb-2026d area-majority; NWS c_16ap26 TIME_ZONE=P"
06009,CA,"Calaveras",America/Los_Angeles,,,"tzbb-2026d area-majority; NWS c_16ap26 TIME_ZONE=P"
06011,CA,"Colusa",America/Los_Angeles,,,"tzbb-2026d area-majority; NWS c_16ap26 TIME_ZONE=P"
06013,CA,"Contra Costa",America/Los_Angeles,,,"tzbb-2026d area-majority; NWS c_16ap26 TIME_ZONE=P"
06015,CA,"Del Norte",America/Los_Angeles,,,"tzbb-2026d area-majority; NWS c_16ap26 TIME_ZONE=P"
06017,CA,"El Dorado",America/Los_Angeles,,,"tzbb-2026d area-majority; NWS c_16ap26 TIME_ZONE=P"
06019,CA,"Fresno",America/Los_Angeles,,,"tzbb-2026d area-majority; NWS c_16ap26 TIME_ZONE=P"
06021,CA,"Glenn",America/Los_Angeles,,,"tzbb-2026d area-majority; NWS c_16ap26 TIME_ZONE=P"
06023,CA,"Humboldt",America/Los_Angeles,,,"tzbb-2026d area-majority; NWS c_16ap26 TIME_ZONE=P"
06025,CA,"Imperial",America/Los_Angeles,,,"tzbb-2026d area-majority; NWS c_16ap26 TIME_ZONE=P"
06027,CA,"Inyo",America/Los_Angeles,,,"tzbb-2026d area-majority; NWS c_16ap26 TIME_ZONE=P"
06029,CA,"Kern",America/Los_Angeles,,,"tzbb-2026d area-majority; NWS c_16ap26 TIME_ZONE=P"
06031,CA,"Kings",America/Los_Angeles,,,"tzbb-2026d area-majority; NWS c_16ap26 TIME_ZONE=P"
06033,CA,"Lake",America/Los_Angeles,,,"tzbb-2026d area-majority; NWS c_16ap26 TIME_ZONE=P"
06035,CA,"Lassen",America/Los_Angeles,,,"tzbb-2026d area-majority; NWS c_16ap26 TIME_ZONE=P"
06037,CA,"Los Angeles",America/Los_Angeles,,,"tzbb-2026d area-majority; NWS c_16ap26 TIME_ZONE=P"
06039,CA,"Madera",America/Los_Angeles,,,"tzbb-2026d area-majority; NWS c_16ap26 TIME_ZONE=P"
06041,CA,"Marin",America/Los_Angeles,,,"tzbb-2026d area-majority; NWS c_16ap26 TIME_ZONE=P"
06043,CA,"Mariposa",America/Los_Angeles,,,"tzbb-2026d area-majority; NWS c_16ap26 TIME_ZONE=P"
06045,CA,"Mendocino",America/Los_Angeles,,,"tzbb-2026d area-majority; NWS c_16ap26 TIME_ZONE=P"
06047,CA,"Merced",America/Los_Angeles,,,"tzbb-2026d area-majority; NWS c_16ap26 TIME_ZONE=P"
06049,CA,"Modoc",America/Los_Angeles,,,"tzbb-2026d area-majority; NWS c_16ap26 TIME_ZONE=P"
06051,CA,"Mono",America/Los_Angeles,,,"tzbb-2026d area-majority; NWS c_16ap26 TIME_ZONE=P"
06053,CA,"Monterey",America/Los_Angeles,,,"tzbb-2026d area-majority; NWS c_16ap26 TIME_ZONE=P"
06055,CA,"Napa",America/Los_Angeles,,,"tzbb-2026d area-majority; NWS c_16ap26 TIME_ZONE=P"
06057,CA,"Nevada",America/Los_Angeles,,,"tzbb-2026d area-majority; NWS c_16ap26 TIME_ZONE=P"
06059,CA,"Orange",America/Los_Angeles,,,"tzbb-2026d area-majority; NWS c_16ap26 TIME_ZONE=P"
06061,CA,"Placer",America/Los_Angeles,,,"tzbb-2026d area-majority; NWS c_16ap26 TIME_ZONE=P"
06063,CA,"Plumas",America/Los_Angeles,,,"tzbb-2026d area-majority; NWS c_16ap26 TIME_ZONE=P"
06065,CA,"Riverside",America/Los_Angeles,,,"tzbb-2026d area-majority; NWS c_16ap26 TIME_ZONE=P"
06067,CA,"Sacramento",America/Los_Angeles,,,"tzbb-2026d area-majority; NWS c_16ap26 TIME_ZONE=P"
06069,CA,"San Benito",America/Los_Angeles,,,"tzbb-2026d area-majority; NWS c_16ap26 TIME_ZONE=P"
06071,CA,"San Bernardino",America/Los_Angeles,,,"tzbb-2026d area-majority; NWS c_16ap26 TIME_ZONE=P"
06073,CA,"San Diego",America/Los_Angeles,,,"tzbb-2026d area-majority; NWS c_16ap26 TIME_ZONE=P"
06075,CA,"San Francisco",America/Los_Angeles,,,"tzbb-2026d area-majority; NWS c_16ap26 TIME_ZONE=P"
06077,CA,"San Joaquin",America/Los_Angeles,,,"tzbb-2026d area-majority; NWS c_16ap26 TIME_ZONE=P"
06079,CA,"San Luis Obispo",America/Los_Angeles,,,"tzbb-2026d area-majority; NWS c_16ap26 TIME_ZONE=P"
06081,CA,"San Mateo",America/Los_Angeles,,,"tzbb-2026d area-majority; NWS c_16ap26 TIME_ZONE=P"
06083,CA,"Santa Barbara",America/Los_Angeles,,,"tzbb-2026d area-majority; NWS c_16ap26 TIME_ZONE=P"
06085,CA,"Santa Clara",America/Los_Angeles,,,"tzbb-2026d area-majority; NWS c_16ap26 TIME_ZONE=P"
06087,CA,"Santa Cruz",America/Los_Angeles,,,"tzbb-2026d area-majority; NWS c_16ap26 TIME_ZONE=P"
06089,CA,"Shasta",America/Los_Angeles,,,"tzbb-2026d area-majority; NWS c_16ap26 TIME_ZONE=P"
06091,CA,"Sierra",America/Los_Angeles,,,"tzbb-2026d area-majority; NWS c_16ap26 TIME_ZONE=P"
06093,CA,"Siskiyou",America/Los_Angeles,,,"tzbb-2026d area-majority; NWS c_16ap26 TIME_ZONE=P"
06095,CA,"Solano",America/Los_Angeles,,,"tzbb-2026d area-majority; NWS c_16ap26 TIME_ZONE=P"
06097,CA,"Sonoma",America/Los_Angeles,,,"tzbb-2026d area-majority; NWS c_16ap26 TIME_ZONE=P"
06099,CA,"Stanislaus",America/Los_Angeles,,,"tzbb-2026d area-majority; NWS c_16ap26 TIME_ZONE=P"
06101,CA,"Sutter",America/Los_Angeles,,,"tzbb-2026d area-majority; NWS c_16ap26 TIME_ZONE=P"
06103,CA,"Tehama",America/Los_Angeles,,,"tzbb-2026d area-majority; NWS c_16ap26 TIME_ZONE=P"
06105,CA,"Trinity",America/Los_Angeles,,,"tzbb-2026d area-majority; NWS c_16ap26 TIME_ZONE=P"
06107,CA,"Tulare",America/Los_Angeles,,,"tzbb-2026d area-majority; NWS c_16ap26 TIME_ZONE=P"
06109,CA,"Tuolumne",America/Los_Angeles,,,"tzbb-2026d area-majority; NWS c_16ap26 TIME_ZONE=P"
06111,CA,"Ventura",America/Los_Angeles,,,"tzbb-2026d area-majority; NWS c_16ap26 TIME_ZONE=P"
06113,CA,"Yolo",America/Los_Angeles,,,"tzbb-2026d area-majority; NWS c_16ap26 TIME_ZONE=P"
06115,CA,"Yuba",America/Los_Angeles,,,"tzbb-2026d area-majority; NWS c_16ap26 TIME_ZONE=P"
08001,CO,"Adams",America/Denver,,,"tzbb-2026d area-majority; NWS c_16ap26 TIME_ZONE=M"
08003,CO,"Alamosa",America/Denver,,,"tzbb-2026d area-majority; NWS c_16ap26 TIME_ZONE=M"
08005,CO,"Arapahoe",America/Denver,,,"tzbb-2026d area-majority; NWS c_16ap26 TIME_ZONE=M"
08007,CO,"Archuleta",America/Denver,,,"tzbb-2026d area-majority; NWS c_16ap26 TIME_ZONE=M"
08009,CO,"Baca",America/Denver,,,"tzbb-2026d area-majority; NWS c_16ap26 TIME_ZONE=M"
08011,CO,"Bent",America/Denver,,,"tzbb-2026d area-majority; NWS c_16ap26 TIME_ZONE=M"
08013,CO,"Boulder",America/Denver,,,"tzbb-2026d area-majority; NWS c_16ap26 TIME_ZONE=M"
08014,CO,"Broomfield",America/Denver,,,"tzbb-2026d area-majority; NWS c_16ap26 TIME_ZONE=M"
08015,CO,"Chaffee",America/Denver,,,"tzbb-2026d area-majority; NWS c_16ap26 TIME_ZONE=M"
08017,CO,"Cheyenne",America/Denver,,,"tzbb-2026d area-majority; NWS c_16ap26 TIME_ZONE=M"
08019,CO,"Clear Creek",America/Denver,,,"tzbb-2026d area-majority; NWS c_16ap26 TIME_ZONE=M"
08021,CO,"Conejos",America/Denver,,,"tzbb-2026d area-majority; NWS c_16ap26 TIME_ZONE=M"
08023,CO,"Costilla",America/Denver,,,"tzbb-2026d area-majority; NWS c_16ap26 TIME_ZONE=M"
08025,CO,"Crowley",America/Denver,,,"tzbb-2026d area-majority; NWS c_16ap26 TIME_ZONE=M"
08027,CO,"Custer",America/Denver,,,"tzbb-2026d area-majority; NWS c_16ap26 TIME_ZONE=M"
08029,CO,"Delta",America/Denver,,,"tzbb-2026d area-majority; NWS c_16ap26 TIME_ZONE=M"
08031,CO,"Denver",America/Denver,,,"tzbb-2026d area-majority; NWS c_16ap26 TIME_ZONE=M"
08033,CO,"Dolores",America/Denver,,,"tzbb-2026d area-majority; NWS c_16ap26 TIME_ZONE=M"
08035,CO,"Douglas",America/Denver,,,"tzbb-2026d area-majority; NWS c_16ap26 TIME_ZONE=M"
08037,CO,"Eagle",America/Denver,,,"tzbb-2026d area-majority; NWS c_16ap26 TIME_ZONE=M"
08039,CO,"Elbert",America/Denver,,,"tzbb-2026d area-majority; NWS c_16ap26 TIME_ZONE=M"
08041,CO,"El Paso",America/Denver,,,"tzbb-2026d area-majority; NWS c_16ap26 TIME_ZONE=M"
08043,CO,"Fremont",America/Denver,,,"tzbb-2026d area-majority; NWS c_16ap26 TIME_ZONE=M"
08045,CO,"Garfield",America/Denver,,,"tzbb-2026d area-majority; NWS c_16ap26 TIME_ZONE=M"
08047,CO,"Gilpin",America/Denver,,,"tzbb-2026d area-majority; NWS c_16ap26 TIME_ZONE=M"
08049,CO,"Grand",America/Denver,,,"tzbb-2026d area-majority; NWS c_16ap26 TIME_ZONE=M"
08051,CO,"Gunnison",America/Denver,,,"tzbb-2026d area-majority; NWS c_16ap26 TIME_ZONE=M"
08053,CO,"Hinsdale",America/Denver,,,"tzbb-2026d area-majority; NWS c_16ap26 TIME_ZONE=M"
08055,CO,"Huerfano",America/Denver,,,"tzbb-2026d area-majority; NWS c_16ap26 TIME_ZONE=M"
08057,CO,"Jackson",America/Denver,,,"tzbb-2026d area-majority; NWS c_16ap26 TIME_ZONE=M"
08059,CO,"Jefferson",America/Denver,,,"tzbb-2026d area-majority; NWS c_16ap26 TIME_ZONE=M"
08061,CO,"Kiowa",America/Denver,,,"tzbb-2026d area-majority; NWS c_16ap26 TIME_ZONE=M"
08063,CO,"Kit Carson",America/Denver,,,"tzbb-2026d area-majority; NWS c_16ap26 TIME_ZONE=M"
08065,CO,"Lake",America/Denver,,,"tzbb-2026d area-majority; NWS c_16ap26 TIME_ZONE=M"
08067,CO,"La Plata",America/Denver,,,"tzbb-2026d area-majority; NWS c_16ap26 TIME_ZONE=M"
08069,CO,"Larimer",America/Denver,,,"tzbb-2026d area-majority; NWS c_16ap26 TIME_ZONE=M"
08071,CO,"Las Animas",America/Denver,,,"tzbb-2026d area-majority; NWS c_16ap26 TIME_ZONE=M"
08073,CO,"Lincoln",America/Denver,,,"tzbb-2026d area-majority; NWS c_16ap26 TIME_ZONE=M"
08075,CO,"Logan",America/Denver,,,"tzbb-2026d area-majority; NWS c_16ap26 TIME_ZONE=M"
08077,CO,"Mesa",America/Denver,,,"tzbb-2026d area-majority; NWS c_16ap26 TIME_ZONE=M"
08079,CO,"Mineral",America/Denver,,,"tzbb-2026d area-majority; NWS c_16ap26 TIME_ZONE=M"
08081,CO,"Moffat",America/Denver,,,"tzbb-2026d area-majority; NWS c_16ap26 TIME_ZONE=M"
08083,CO,"Montezuma",America/Denver,,,"tzbb-2026d area-majority; NWS c_16ap26 TIME_ZONE=M"
08085,CO,"Montrose",America/Denver,,,"tzbb-2026d area-majority; NWS c_16ap26 TIME_ZONE=M"
08087,CO,"Morgan",America/Denver,,,"tzbb-2026d area-majority; NWS c_16ap26 TIME_ZONE=M"
08089,CO,"Otero",America/Denver,,,"tzbb-2026d area-majority; NWS c_16ap26 TIME_ZONE=M"
08091,CO,"Ouray",America/Denver,,,"tzbb-2026d area-majority; NWS c_16ap26 TIME_ZONE=M"
08093,CO,"Park",America/Denver,,,"tzbb-2026d area-majority; NWS c_16ap26 TIME_ZONE=M"
08095,CO,"Phillips",America/Denver,,,"tzbb-2026d area-majority; NWS c_16ap26 TIME_ZONE=M"
08097,CO,"Pitkin",America/Denver,,,"tzbb-2026d area-majority; NWS c_16ap26 TIME_ZONE=M"
08099,CO,"Prowers",America/Denver,,,"tzbb-2026d area-majority; NWS c_16ap26 TIME_ZONE=M"
08101,CO,"Pueblo",America/Denver,,,"tzbb-2026d area-majority; NWS c_16ap26 TIME_ZONE=M"
08103,CO,"Rio Blanco",America/Denver,,,"tzbb-2026d area-majority; NWS c_16ap26 TIME_ZONE=M"
08105,CO,"Rio Grande",America/Denver,,,"tzbb-2026d area-majority; NWS c_16ap26 TIME_ZONE=M"
08107,CO,"Routt",America/Denver,,,"tzbb-2026d area-majority; NWS c_16ap26 TIME_ZONE=M"
08109,CO,"Saguache",America/Denver,,,"tzbb-2026d area-majority; NWS c_16ap26 TIME_ZONE=M"
08111,CO,"San Juan",America/Denver,,,"tzbb-2026d area-majority; NWS c_16ap26 TIME_ZONE=M"
08113,CO,"San Miguel",America/Denver,,,"tzbb-2026d area-majority; NWS c_16ap26 TIME_ZONE=M"
08115,CO,"Sedgwick",America/Denver,,,"tzbb-2026d area-majority; NWS c_16ap26 TIME_ZONE=M"
08117,CO,"Summit",America/Denver,,,"tzbb-2026d area-majority; NWS c_16ap26 TIME_ZONE=M"
08119,CO,"Teller",America/Denver,,,"tzbb-2026d area-majority; NWS c_16ap26 TIME_ZONE=M"
08121,CO,"Washington",America/Denver,,,"tzbb-2026d area-majority; NWS c_16ap26 TIME_ZONE=M"
08123,CO,"Weld",America/Denver,,,"tzbb-2026d area-majority; NWS c_16ap26 TIME_ZONE=M"
08125,CO,"Yuma",America/Denver,,,"tzbb-2026d area-majority; NWS c_16ap26 TIME_ZONE=M"
09001,CT,"Fairfield",America/New_York,,,"tzbb-2026d area-majority; NWS c_16ap26 TIME_ZONE=E"
09003,CT,"Hartford",America/New_York,,,"tzbb-2026d area-majority; NWS c_16ap26 TIME_ZONE=E"
09005,CT,"Litchfield",America/New_York,,,"tzbb-2026d area-majority; NWS c_16ap26 TIME_ZONE=E"
09007,CT,"Middlesex",America/New_York,,,"tzbb-2026d area-majority; NWS c_16ap26 TIME_ZONE=E"
09009,CT,"New Haven",America/New_York,,,"tzbb-2026d area-majority; NWS c_16ap26 TIME_ZONE=E"
09011,CT,"New London",America/New_York,,,"tzbb-2026d area-majority; NWS c_16ap26 TIME_ZONE=E"
09013,CT,"Tolland",America/New_York,,,"tzbb-2026d area-majority; NWS c_16ap26 TIME_ZONE=E"
09015,CT,"Windham",America/New_York,,,"tzbb-2026d area-majority; NWS c_16ap26 TIME_ZONE=E"
10001,DE,"Kent",America/New_York,,,"tzbb-2026d area-majority; NWS c_16ap26 TIME_ZONE=E"
10003,DE,"New Castle",America/New_York,,,"tzbb-2026d area-majority; NWS c_16ap26 TIME_ZONE=E"
10005,DE,"Sussex",America/New_York,,,"tzbb-2026d area-majority; NWS c_16ap26 TIME_ZONE=E"
11001,DC,"District of Columbia",America/New_York,,,"tzbb-2026d area-majority; NWS c_16ap26 TIME_ZONE=E"
12001,FL,"Alachua",America/New_York,,,"tzbb-2026d area-majority; NWS c_16ap26 TIME_ZONE=E"
12003,FL,"Baker",America/New_York,,,"tzbb-2026d area-majority; NWS c_16ap26 TIME_ZONE=E"
12005,FL,"Bay",America/Chicago,,,"tzbb-2026d area-majority; NWS c_16ap26 TIME_ZONE=C"
12007,FL,"Bradford",America/New_York,,,"tzbb-2026d area-majority; NWS c_16ap26 TIME_ZONE=E"
12009,FL,"Brevard",America/New_York,,,"tzbb-2026d area-majority; NWS c_16ap26 TIME_ZONE=E"
12011,FL,"Broward",America/New_York,,,"tzbb-2026d area-majority; NWS c_16ap26 TIME_ZONE=E"
12013,FL,"Calhoun",America/Chicago,,,"tzbb-2026d area-majority; NWS c_16ap26 TIME_ZONE=C"
12015,FL,"Charlotte",America/New_York,,,"tzbb-2026d area-majority; NWS c_16ap26 TIME_ZONE=E"
12017,FL,"Citrus",America/New_York,,,"tzbb-2026d area-majority; NWS c_16ap26 TIME_ZONE=E"
12019,FL,"Clay",America/New_York,,,"tzbb-2026d area-majority; NWS c_16ap26 TIME_ZONE=E"
12021,FL,"Collier",America/New_York,,,"tzbb-2026d area-majority; NWS c_16ap26 TIME_ZONE=E"
12023,FL,"Columbia",America/New_York,,,"tzbb-2026d area-majority; NWS c_16ap26 TIME_ZONE=E"
12027,FL,"DeSoto",America/New_York,,,"tzbb-2026d area-majority; NWS c_16ap26 TIME_ZONE=E"
12029,FL,"Dixie",America/New_York,,,"tzbb-2026d area-majority; NWS c_16ap26 TIME_ZONE=E"
12031,FL,"Duval",America/New_York,,,"tzbb-2026d area-majority; NWS c_16ap26 TIME_ZONE=E"
12033,FL,"Escambia",America/Chicago,,,"tzbb-2026d area-majority; NWS c_16ap26 TIME_ZONE=C"
12035,FL,"Flagler",America/New_York,,,"tzbb-2026d area-majority; NWS c_16ap26 TIME_ZONE=E"
12037,FL,"Franklin",America/New_York,America/Chicago,1.89,"tzbb-2026d area-majority; NWS c_16ap26 TIME_ZONE=E; RESOLVED: 1.9% of the area (west margin on the Apalachicola River delta) is Central in tzbb; NWS E. County = Eastern."
12039,FL,"Gadsden",America/New_York,,,"tzbb-2026d area-majority; NWS c_16ap26 TIME_ZONE=E"
12041,FL,"Gilchrist",America/New_York,,,"tzbb-2026d area-majority; NWS c_16ap26 TIME_ZONE=E"
12043,FL,"Glades",America/New_York,,,"tzbb-2026d area-majority; NWS c_16ap26 TIME_ZONE=E"
12045,FL,"Gulf",America/Chicago,America/New_York,27.32,"tzbb-2026d area-majority; NWS c_16ap26 TIME_ZONE=CE; RESOLVED: Split at the Intracoastal Waterway (49 CFR 71.4/71.7): north (Wewahitchka) Central, south (Port St. Joe) Eastern. NWS CE agrees. County row = area majority Central; points/cells use the polygon."
12047,FL,"Hamilton",America/New_York,,,"tzbb-2026d area-majority; NWS c_16ap26 TIME_ZONE=E"
12049,FL,"Hardee",America/New_York,,,"tzbb-2026d area-majority; NWS c_16ap26 TIME_ZONE=E"
12051,FL,"Hendry",America/New_York,,,"tzbb-2026d area-majority; NWS c_16ap26 TIME_ZONE=E"
12053,FL,"Hernando",America/New_York,,,"tzbb-2026d area-majority; NWS c_16ap26 TIME_ZONE=E"
12055,FL,"Highlands",America/New_York,,,"tzbb-2026d area-majority; NWS c_16ap26 TIME_ZONE=E"
12057,FL,"Hillsborough",America/New_York,,,"tzbb-2026d area-majority; NWS c_16ap26 TIME_ZONE=E"
12059,FL,"Holmes",America/Chicago,,,"tzbb-2026d area-majority; NWS c_16ap26 TIME_ZONE=C"
12061,FL,"Indian River",America/New_York,,,"tzbb-2026d area-majority; NWS c_16ap26 TIME_ZONE=E"
12063,FL,"Jackson",America/Chicago,,,"tzbb-2026d area-majority; NWS c_16ap26 TIME_ZONE=C"
12065,FL,"Jefferson",America/New_York,,,"tzbb-2026d area-majority; NWS c_16ap26 TIME_ZONE=E"
12067,FL,"Lafayette",America/New_York,,,"tzbb-2026d area-majority; NWS c_16ap26 TIME_ZONE=E"
12069,FL,"Lake",America/New_York,,,"tzbb-2026d area-majority; NWS c_16ap26 TIME_ZONE=E"
12071,FL,"Lee",America/New_York,,,"tzbb-2026d area-majority; NWS c_16ap26 TIME_ZONE=E"
12073,FL,"Leon",America/New_York,,,"tzbb-2026d area-majority; NWS c_16ap26 TIME_ZONE=E"
12075,FL,"Levy",America/New_York,,,"tzbb-2026d area-majority; NWS c_16ap26 TIME_ZONE=E"
12077,FL,"Liberty",America/New_York,,,"tzbb-2026d area-majority; NWS c_16ap26 TIME_ZONE=E"
12079,FL,"Madison",America/New_York,,,"tzbb-2026d area-majority; NWS c_16ap26 TIME_ZONE=E"
12081,FL,"Manatee",America/New_York,,,"tzbb-2026d area-majority; NWS c_16ap26 TIME_ZONE=E"
12083,FL,"Marion",America/New_York,,,"tzbb-2026d area-majority; NWS c_16ap26 TIME_ZONE=E"
12085,FL,"Martin",America/New_York,,,"tzbb-2026d area-majority; NWS c_16ap26 TIME_ZONE=E"
12086,FL,"Miami-Dade",America/New_York,,,"tzbb-2026d area-majority; NWS c_16ap26 TIME_ZONE=E"
12087,FL,"Monroe",America/New_York,,,"tzbb-2026d area-majority; NWS c_16ap26 TIME_ZONE=E"
12089,FL,"Nassau",America/New_York,,,"tzbb-2026d area-majority; NWS c_16ap26 TIME_ZONE=E"
12091,FL,"Okaloosa",America/Chicago,,,"tzbb-2026d area-majority; NWS c_16ap26 TIME_ZONE=C"
12093,FL,"Okeechobee",America/New_York,,,"tzbb-2026d area-majority; NWS c_16ap26 TIME_ZONE=E"
12095,FL,"Orange",America/New_York,,,"tzbb-2026d area-majority; NWS c_16ap26 TIME_ZONE=E"
12097,FL,"Osceola",America/New_York,,,"tzbb-2026d area-majority; NWS c_16ap26 TIME_ZONE=E"
12099,FL,"Palm Beach",America/New_York,,,"tzbb-2026d area-majority; NWS c_16ap26 TIME_ZONE=E"
12101,FL,"Pasco",America/New_York,,,"tzbb-2026d area-majority; NWS c_16ap26 TIME_ZONE=E"
12103,FL,"Pinellas",America/New_York,,,"tzbb-2026d area-majority; NWS c_16ap26 TIME_ZONE=E"
12105,FL,"Polk",America/New_York,,,"tzbb-2026d area-majority; NWS c_16ap26 TIME_ZONE=E"
12107,FL,"Putnam",America/New_York,,,"tzbb-2026d area-majority; NWS c_16ap26 TIME_ZONE=E"
12109,FL,"St. Johns",America/New_York,,,"tzbb-2026d area-majority; NWS c_16ap26 TIME_ZONE=E"
12111,FL,"St. Lucie",America/New_York,,,"tzbb-2026d area-majority; NWS c_16ap26 TIME_ZONE=E"
12113,FL,"Santa Rosa",America/Chicago,,,"tzbb-2026d area-majority; NWS c_16ap26 TIME_ZONE=C"
12115,FL,"Sarasota",America/New_York,,,"tzbb-2026d area-majority; NWS c_16ap26 TIME_ZONE=E"
12117,FL,"Seminole",America/New_York,,,"tzbb-2026d area-majority; NWS c_16ap26 TIME_ZONE=E"
12119,FL,"Sumter",America/New_York,,,"tzbb-2026d area-majority; NWS c_16ap26 TIME_ZONE=E"
12121,FL,"Suwannee",America/New_York,,,"tzbb-2026d area-majority; NWS c_16ap26 TIME_ZONE=E"
12123,FL,"Taylor",America/New_York,,,"tzbb-2026d area-majority; NWS c_16ap26 TIME_ZONE=E"
12125,FL,"Union",America/New_York,,,"tzbb-2026d area-majority; NWS c_16ap26 TIME_ZONE=E"
12127,FL,"Volusia",America/New_York,,,"tzbb-2026d area-majority; NWS c_16ap26 TIME_ZONE=E"
12129,FL,"Wakulla",America/New_York,,,"tzbb-2026d area-majority; NWS c_16ap26 TIME_ZONE=E"
12131,FL,"Walton",America/Chicago,,,"tzbb-2026d area-majority; NWS c_16ap26 TIME_ZONE=C"
12133,FL,"Washington",America/Chicago,,,"tzbb-2026d area-majority; NWS c_16ap26 TIME_ZONE=C"
13001,GA,"Appling",America/New_York,,,"tzbb-2026d area-majority; NWS c_16ap26 TIME_ZONE=E"
13003,GA,"Atkinson",America/New_York,,,"tzbb-2026d area-majority; NWS c_16ap26 TIME_ZONE=E"
13005,GA,"Bacon",America/New_York,,,"tzbb-2026d area-majority; NWS c_16ap26 TIME_ZONE=E"
13007,GA,"Baker",America/New_York,,,"tzbb-2026d area-majority; NWS c_16ap26 TIME_ZONE=E"
13009,GA,"Baldwin",America/New_York,,,"tzbb-2026d area-majority; NWS c_16ap26 TIME_ZONE=E"
13011,GA,"Banks",America/New_York,,,"tzbb-2026d area-majority; NWS c_16ap26 TIME_ZONE=E"
13013,GA,"Barrow",America/New_York,,,"tzbb-2026d area-majority; NWS c_16ap26 TIME_ZONE=E"
13015,GA,"Bartow",America/New_York,,,"tzbb-2026d area-majority; NWS c_16ap26 TIME_ZONE=E"
13017,GA,"Ben Hill",America/New_York,,,"tzbb-2026d area-majority; NWS c_16ap26 TIME_ZONE=E"
13019,GA,"Berrien",America/New_York,,,"tzbb-2026d area-majority; NWS c_16ap26 TIME_ZONE=E"
13021,GA,"Bibb",America/New_York,,,"tzbb-2026d area-majority; NWS c_16ap26 TIME_ZONE=E"
13023,GA,"Bleckley",America/New_York,,,"tzbb-2026d area-majority; NWS c_16ap26 TIME_ZONE=E"
13025,GA,"Brantley",America/New_York,,,"tzbb-2026d area-majority; NWS c_16ap26 TIME_ZONE=E"
13027,GA,"Brooks",America/New_York,,,"tzbb-2026d area-majority; NWS c_16ap26 TIME_ZONE=E"
13029,GA,"Bryan",America/New_York,,,"tzbb-2026d area-majority; NWS c_16ap26 TIME_ZONE=E"
13031,GA,"Bulloch",America/New_York,,,"tzbb-2026d area-majority; NWS c_16ap26 TIME_ZONE=E"
13033,GA,"Burke",America/New_York,,,"tzbb-2026d area-majority; NWS c_16ap26 TIME_ZONE=E"
13035,GA,"Butts",America/New_York,,,"tzbb-2026d area-majority; NWS c_16ap26 TIME_ZONE=E"
13037,GA,"Calhoun",America/New_York,,,"tzbb-2026d area-majority; NWS c_16ap26 TIME_ZONE=E"
13039,GA,"Camden",America/New_York,,,"tzbb-2026d area-majority; NWS c_16ap26 TIME_ZONE=E"
13043,GA,"Candler",America/New_York,,,"tzbb-2026d area-majority; NWS c_16ap26 TIME_ZONE=E"
13045,GA,"Carroll",America/New_York,,,"tzbb-2026d area-majority; NWS c_16ap26 TIME_ZONE=E"
13047,GA,"Catoosa",America/New_York,,,"tzbb-2026d area-majority; NWS c_16ap26 TIME_ZONE=E"
13049,GA,"Charlton",America/New_York,,,"tzbb-2026d area-majority; NWS c_16ap26 TIME_ZONE=E"
13051,GA,"Chatham",America/New_York,,,"tzbb-2026d area-majority; NWS c_16ap26 TIME_ZONE=E"
13053,GA,"Chattahoochee",America/New_York,,,"tzbb-2026d area-majority; NWS c_16ap26 TIME_ZONE=E"
13055,GA,"Chattooga",America/New_York,,,"tzbb-2026d area-majority; NWS c_16ap26 TIME_ZONE=E"
13057,GA,"Cherokee",America/New_York,,,"tzbb-2026d area-majority; NWS c_16ap26 TIME_ZONE=E"
13059,GA,"Clarke",America/New_York,,,"tzbb-2026d area-majority; NWS c_16ap26 TIME_ZONE=E"
13061,GA,"Clay",America/New_York,,,"tzbb-2026d area-majority; NWS c_16ap26 TIME_ZONE=E"
13063,GA,"Clayton",America/New_York,,,"tzbb-2026d area-majority; NWS c_16ap26 TIME_ZONE=E"
13065,GA,"Clinch",America/New_York,,,"tzbb-2026d area-majority; NWS c_16ap26 TIME_ZONE=E"
13067,GA,"Cobb",America/New_York,,,"tzbb-2026d area-majority; NWS c_16ap26 TIME_ZONE=E"
13069,GA,"Coffee",America/New_York,,,"tzbb-2026d area-majority; NWS c_16ap26 TIME_ZONE=E"
13071,GA,"Colquitt",America/New_York,,,"tzbb-2026d area-majority; NWS c_16ap26 TIME_ZONE=E"
13073,GA,"Columbia",America/New_York,,,"tzbb-2026d area-majority; NWS c_16ap26 TIME_ZONE=E"
13075,GA,"Cook",America/New_York,,,"tzbb-2026d area-majority; NWS c_16ap26 TIME_ZONE=E"
13077,GA,"Coweta",America/New_York,,,"tzbb-2026d area-majority; NWS c_16ap26 TIME_ZONE=E"
13079,GA,"Crawford",America/New_York,,,"tzbb-2026d area-majority; NWS c_16ap26 TIME_ZONE=E"
13081,GA,"Crisp",America/New_York,,,"tzbb-2026d area-majority; NWS c_16ap26 TIME_ZONE=E"
13083,GA,"Dade",America/New_York,,,"tzbb-2026d area-majority; NWS c_16ap26 TIME_ZONE=E"
13085,GA,"Dawson",America/New_York,,,"tzbb-2026d area-majority; NWS c_16ap26 TIME_ZONE=E"
13087,GA,"Decatur",America/New_York,,,"tzbb-2026d area-majority; NWS c_16ap26 TIME_ZONE=E"
13089,GA,"DeKalb",America/New_York,,,"tzbb-2026d area-majority; NWS c_16ap26 TIME_ZONE=E"
13091,GA,"Dodge",America/New_York,,,"tzbb-2026d area-majority; NWS c_16ap26 TIME_ZONE=E"
13093,GA,"Dooly",America/New_York,,,"tzbb-2026d area-majority; NWS c_16ap26 TIME_ZONE=E"
13095,GA,"Dougherty",America/New_York,,,"tzbb-2026d area-majority; NWS c_16ap26 TIME_ZONE=E"
13097,GA,"Douglas",America/New_York,,,"tzbb-2026d area-majority; NWS c_16ap26 TIME_ZONE=E"
13099,GA,"Early",America/New_York,,,"tzbb-2026d area-majority; NWS c_16ap26 TIME_ZONE=E"
13101,GA,"Echols",America/New_York,,,"tzbb-2026d area-majority; NWS c_16ap26 TIME_ZONE=E"
13103,GA,"Effingham",America/New_York,,,"tzbb-2026d area-majority; NWS c_16ap26 TIME_ZONE=E"
13105,GA,"Elbert",America/New_York,,,"tzbb-2026d area-majority; NWS c_16ap26 TIME_ZONE=E"
13107,GA,"Emanuel",America/New_York,,,"tzbb-2026d area-majority; NWS c_16ap26 TIME_ZONE=E"
13109,GA,"Evans",America/New_York,,,"tzbb-2026d area-majority; NWS c_16ap26 TIME_ZONE=E"
13111,GA,"Fannin",America/New_York,,,"tzbb-2026d area-majority; NWS c_16ap26 TIME_ZONE=E"
13113,GA,"Fayette",America/New_York,,,"tzbb-2026d area-majority; NWS c_16ap26 TIME_ZONE=E"
13115,GA,"Floyd",America/New_York,,,"tzbb-2026d area-majority; NWS c_16ap26 TIME_ZONE=E"
13117,GA,"Forsyth",America/New_York,,,"tzbb-2026d area-majority; NWS c_16ap26 TIME_ZONE=E"
13119,GA,"Franklin",America/New_York,,,"tzbb-2026d area-majority; NWS c_16ap26 TIME_ZONE=E"
13121,GA,"Fulton",America/New_York,,,"tzbb-2026d area-majority; NWS c_16ap26 TIME_ZONE=E"
13123,GA,"Gilmer",America/New_York,,,"tzbb-2026d area-majority; NWS c_16ap26 TIME_ZONE=E"
13125,GA,"Glascock",America/New_York,,,"tzbb-2026d area-majority; NWS c_16ap26 TIME_ZONE=E"
13127,GA,"Glynn",America/New_York,,,"tzbb-2026d area-majority; NWS c_16ap26 TIME_ZONE=E"
13129,GA,"Gordon",America/New_York,,,"tzbb-2026d area-majority; NWS c_16ap26 TIME_ZONE=E"
13131,GA,"Grady",America/New_York,,,"tzbb-2026d area-majority; NWS c_16ap26 TIME_ZONE=E"
13133,GA,"Greene",America/New_York,,,"tzbb-2026d area-majority; NWS c_16ap26 TIME_ZONE=E"
13135,GA,"Gwinnett",America/New_York,,,"tzbb-2026d area-majority; NWS c_16ap26 TIME_ZONE=E"
13137,GA,"Habersham",America/New_York,,,"tzbb-2026d area-majority; NWS c_16ap26 TIME_ZONE=E"
13139,GA,"Hall",America/New_York,,,"tzbb-2026d area-majority; NWS c_16ap26 TIME_ZONE=E"
13141,GA,"Hancock",America/New_York,,,"tzbb-2026d area-majority; NWS c_16ap26 TIME_ZONE=E"
13143,GA,"Haralson",America/New_York,,,"tzbb-2026d area-majority; NWS c_16ap26 TIME_ZONE=E"
13145,GA,"Harris",America/New_York,,,"tzbb-2026d area-majority; NWS c_16ap26 TIME_ZONE=E"
13147,GA,"Hart",America/New_York,,,"tzbb-2026d area-majority; NWS c_16ap26 TIME_ZONE=E"
13149,GA,"Heard",America/New_York,,,"tzbb-2026d area-majority; NWS c_16ap26 TIME_ZONE=E"
13151,GA,"Henry",America/New_York,,,"tzbb-2026d area-majority; NWS c_16ap26 TIME_ZONE=E"
13153,GA,"Houston",America/New_York,,,"tzbb-2026d area-majority; NWS c_16ap26 TIME_ZONE=E"
13155,GA,"Irwin",America/New_York,,,"tzbb-2026d area-majority; NWS c_16ap26 TIME_ZONE=E"
13157,GA,"Jackson",America/New_York,,,"tzbb-2026d area-majority; NWS c_16ap26 TIME_ZONE=E"
13159,GA,"Jasper",America/New_York,,,"tzbb-2026d area-majority; NWS c_16ap26 TIME_ZONE=E"
13161,GA,"Jeff Davis",America/New_York,,,"tzbb-2026d area-majority; NWS c_16ap26 TIME_ZONE=E"
13163,GA,"Jefferson",America/New_York,,,"tzbb-2026d area-majority; NWS c_16ap26 TIME_ZONE=E"
13165,GA,"Jenkins",America/New_York,,,"tzbb-2026d area-majority; NWS c_16ap26 TIME_ZONE=E"
13167,GA,"Johnson",America/New_York,,,"tzbb-2026d area-majority; NWS c_16ap26 TIME_ZONE=E"
13169,GA,"Jones",America/New_York,,,"tzbb-2026d area-majority; NWS c_16ap26 TIME_ZONE=E"
13171,GA,"Lamar",America/New_York,,,"tzbb-2026d area-majority; NWS c_16ap26 TIME_ZONE=E"
13173,GA,"Lanier",America/New_York,,,"tzbb-2026d area-majority; NWS c_16ap26 TIME_ZONE=E"
13175,GA,"Laurens",America/New_York,,,"tzbb-2026d area-majority; NWS c_16ap26 TIME_ZONE=E"
13177,GA,"Lee",America/New_York,,,"tzbb-2026d area-majority; NWS c_16ap26 TIME_ZONE=E"
13179,GA,"Liberty",America/New_York,,,"tzbb-2026d area-majority; NWS c_16ap26 TIME_ZONE=E"
13181,GA,"Lincoln",America/New_York,,,"tzbb-2026d area-majority; NWS c_16ap26 TIME_ZONE=E"
13183,GA,"Long",America/New_York,,,"tzbb-2026d area-majority; NWS c_16ap26 TIME_ZONE=E"
13185,GA,"Lowndes",America/New_York,,,"tzbb-2026d area-majority; NWS c_16ap26 TIME_ZONE=E"
13187,GA,"Lumpkin",America/New_York,,,"tzbb-2026d area-majority; NWS c_16ap26 TIME_ZONE=E"
13189,GA,"McDuffie",America/New_York,,,"tzbb-2026d area-majority; NWS c_16ap26 TIME_ZONE=E"
13191,GA,"McIntosh",America/New_York,,,"tzbb-2026d area-majority; NWS c_16ap26 TIME_ZONE=E"
13193,GA,"Macon",America/New_York,,,"tzbb-2026d area-majority; NWS c_16ap26 TIME_ZONE=E"
13195,GA,"Madison",America/New_York,,,"tzbb-2026d area-majority; NWS c_16ap26 TIME_ZONE=E"
13197,GA,"Marion",America/New_York,,,"tzbb-2026d area-majority; NWS c_16ap26 TIME_ZONE=E"
13199,GA,"Meriwether",America/New_York,,,"tzbb-2026d area-majority; NWS c_16ap26 TIME_ZONE=E"
13201,GA,"Miller",America/New_York,,,"tzbb-2026d area-majority; NWS c_16ap26 TIME_ZONE=E"
13205,GA,"Mitchell",America/New_York,,,"tzbb-2026d area-majority; NWS c_16ap26 TIME_ZONE=E"
13207,GA,"Monroe",America/New_York,,,"tzbb-2026d area-majority; NWS c_16ap26 TIME_ZONE=E"
13209,GA,"Montgomery",America/New_York,,,"tzbb-2026d area-majority; NWS c_16ap26 TIME_ZONE=E"
13211,GA,"Morgan",America/New_York,,,"tzbb-2026d area-majority; NWS c_16ap26 TIME_ZONE=E"
13213,GA,"Murray",America/New_York,,,"tzbb-2026d area-majority; NWS c_16ap26 TIME_ZONE=E"
13215,GA,"Muscogee",America/New_York,,,"tzbb-2026d area-majority; NWS c_16ap26 TIME_ZONE=E"
13217,GA,"Newton",America/New_York,,,"tzbb-2026d area-majority; NWS c_16ap26 TIME_ZONE=E"
13219,GA,"Oconee",America/New_York,,,"tzbb-2026d area-majority; NWS c_16ap26 TIME_ZONE=E"
13221,GA,"Oglethorpe",America/New_York,,,"tzbb-2026d area-majority; NWS c_16ap26 TIME_ZONE=E"
13223,GA,"Paulding",America/New_York,,,"tzbb-2026d area-majority; NWS c_16ap26 TIME_ZONE=E"
13225,GA,"Peach",America/New_York,,,"tzbb-2026d area-majority; NWS c_16ap26 TIME_ZONE=E"
13227,GA,"Pickens",America/New_York,,,"tzbb-2026d area-majority; NWS c_16ap26 TIME_ZONE=E"
13229,GA,"Pierce",America/New_York,,,"tzbb-2026d area-majority; NWS c_16ap26 TIME_ZONE=E"
13231,GA,"Pike",America/New_York,,,"tzbb-2026d area-majority; NWS c_16ap26 TIME_ZONE=E"
13233,GA,"Polk",America/New_York,,,"tzbb-2026d area-majority; NWS c_16ap26 TIME_ZONE=E"
13235,GA,"Pulaski",America/New_York,,,"tzbb-2026d area-majority; NWS c_16ap26 TIME_ZONE=E"
13237,GA,"Putnam",America/New_York,,,"tzbb-2026d area-majority; NWS c_16ap26 TIME_ZONE=E"
13239,GA,"Quitman",America/New_York,,,"tzbb-2026d area-majority; NWS c_16ap26 TIME_ZONE=E"
13241,GA,"Rabun",America/New_York,,,"tzbb-2026d area-majority; NWS c_16ap26 TIME_ZONE=E"
13243,GA,"Randolph",America/New_York,,,"tzbb-2026d area-majority; NWS c_16ap26 TIME_ZONE=E"
13245,GA,"Richmond",America/New_York,,,"tzbb-2026d area-majority; NWS c_16ap26 TIME_ZONE=E"
13247,GA,"Rockdale",America/New_York,,,"tzbb-2026d area-majority; NWS c_16ap26 TIME_ZONE=E"
13249,GA,"Schley",America/New_York,,,"tzbb-2026d area-majority; NWS c_16ap26 TIME_ZONE=E"
13251,GA,"Screven",America/New_York,,,"tzbb-2026d area-majority; NWS c_16ap26 TIME_ZONE=E"
13253,GA,"Seminole",America/New_York,,,"tzbb-2026d area-majority; NWS c_16ap26 TIME_ZONE=E"
13255,GA,"Spalding",America/New_York,,,"tzbb-2026d area-majority; NWS c_16ap26 TIME_ZONE=E"
13257,GA,"Stephens",America/New_York,,,"tzbb-2026d area-majority; NWS c_16ap26 TIME_ZONE=E"
13259,GA,"Stewart",America/New_York,,,"tzbb-2026d area-majority; NWS c_16ap26 TIME_ZONE=E"
13261,GA,"Sumter",America/New_York,,,"tzbb-2026d area-majority; NWS c_16ap26 TIME_ZONE=E"
13263,GA,"Talbot",America/New_York,,,"tzbb-2026d area-majority; NWS c_16ap26 TIME_ZONE=E"
13265,GA,"Taliaferro",America/New_York,,,"tzbb-2026d area-majority; NWS c_16ap26 TIME_ZONE=E"
13267,GA,"Tattnall",America/New_York,,,"tzbb-2026d area-majority; NWS c_16ap26 TIME_ZONE=E"
13269,GA,"Taylor",America/New_York,,,"tzbb-2026d area-majority; NWS c_16ap26 TIME_ZONE=E"
13271,GA,"Telfair",America/New_York,,,"tzbb-2026d area-majority; NWS c_16ap26 TIME_ZONE=E"
13273,GA,"Terrell",America/New_York,,,"tzbb-2026d area-majority; NWS c_16ap26 TIME_ZONE=E"
13275,GA,"Thomas",America/New_York,,,"tzbb-2026d area-majority; NWS c_16ap26 TIME_ZONE=E"
13277,GA,"Tift",America/New_York,,,"tzbb-2026d area-majority; NWS c_16ap26 TIME_ZONE=E"
13279,GA,"Toombs",America/New_York,,,"tzbb-2026d area-majority; NWS c_16ap26 TIME_ZONE=E"
13281,GA,"Towns",America/New_York,,,"tzbb-2026d area-majority; NWS c_16ap26 TIME_ZONE=E"
13283,GA,"Treutlen",America/New_York,,,"tzbb-2026d area-majority; NWS c_16ap26 TIME_ZONE=E"
13285,GA,"Troup",America/New_York,,,"tzbb-2026d area-majority; NWS c_16ap26 TIME_ZONE=E"
13287,GA,"Turner",America/New_York,,,"tzbb-2026d area-majority; NWS c_16ap26 TIME_ZONE=E"
13289,GA,"Twiggs",America/New_York,,,"tzbb-2026d area-majority; NWS c_16ap26 TIME_ZONE=E"
13291,GA,"Union",America/New_York,,,"tzbb-2026d area-majority; NWS c_16ap26 TIME_ZONE=E"
13293,GA,"Upson",America/New_York,,,"tzbb-2026d area-majority; NWS c_16ap26 TIME_ZONE=E"
13295,GA,"Walker",America/New_York,,,"tzbb-2026d area-majority; NWS c_16ap26 TIME_ZONE=E"
13297,GA,"Walton",America/New_York,,,"tzbb-2026d area-majority; NWS c_16ap26 TIME_ZONE=E"
13299,GA,"Ware",America/New_York,,,"tzbb-2026d area-majority; NWS c_16ap26 TIME_ZONE=E"
13301,GA,"Warren",America/New_York,,,"tzbb-2026d area-majority; NWS c_16ap26 TIME_ZONE=E"
13303,GA,"Washington",America/New_York,,,"tzbb-2026d area-majority; NWS c_16ap26 TIME_ZONE=E"
13305,GA,"Wayne",America/New_York,,,"tzbb-2026d area-majority; NWS c_16ap26 TIME_ZONE=E"
13307,GA,"Webster",America/New_York,,,"tzbb-2026d area-majority; NWS c_16ap26 TIME_ZONE=E"
13309,GA,"Wheeler",America/New_York,,,"tzbb-2026d area-majority; NWS c_16ap26 TIME_ZONE=E"
13311,GA,"White",America/New_York,,,"tzbb-2026d area-majority; NWS c_16ap26 TIME_ZONE=E"
13313,GA,"Whitfield",America/New_York,,,"tzbb-2026d area-majority; NWS c_16ap26 TIME_ZONE=E"
13315,GA,"Wilcox",America/New_York,,,"tzbb-2026d area-majority; NWS c_16ap26 TIME_ZONE=E"
13317,GA,"Wilkes",America/New_York,,,"tzbb-2026d area-majority; NWS c_16ap26 TIME_ZONE=E"
13319,GA,"Wilkinson",America/New_York,,,"tzbb-2026d area-majority; NWS c_16ap26 TIME_ZONE=E"
13321,GA,"Worth",America/New_York,,,"tzbb-2026d area-majority; NWS c_16ap26 TIME_ZONE=E"
15001,HI,"Hawaii",Pacific/Honolulu,,,"tzbb-2026d area-majority; NWS c_16ap26 TIME_ZONE=H"
15003,HI,"Honolulu",Pacific/Honolulu,,,"tzbb-2026d area-majority; NWS c_16ap26 TIME_ZONE=H"
15007,HI,"Kauai",Pacific/Honolulu,,,"tzbb-2026d area-majority; NWS c_16ap26 TIME_ZONE=H"
15009,HI,"Maui",Pacific/Honolulu,,,"tzbb-2026d area-majority; NWS c_16ap26 TIME_ZONE=H"
16001,ID,"Ada",America/Boise,,,"tzbb-2026d area-majority; NWS c_16ap26 TIME_ZONE=M"
16003,ID,"Adams",America/Boise,,,"tzbb-2026d area-majority; NWS c_16ap26 TIME_ZONE=M"
16005,ID,"Bannock",America/Boise,,,"tzbb-2026d area-majority; NWS c_16ap26 TIME_ZONE=M"
16007,ID,"Bear Lake",America/Boise,,,"tzbb-2026d area-majority; NWS c_16ap26 TIME_ZONE=M"
16009,ID,"Benewah",America/Los_Angeles,,,"tzbb-2026d area-majority; NWS c_16ap26 TIME_ZONE=P"
16011,ID,"Bingham",America/Boise,,,"tzbb-2026d area-majority; NWS c_16ap26 TIME_ZONE=M"
16013,ID,"Blaine",America/Boise,,,"tzbb-2026d area-majority; NWS c_16ap26 TIME_ZONE=M"
16015,ID,"Boise",America/Boise,,,"tzbb-2026d area-majority; NWS c_16ap26 TIME_ZONE=M"
16017,ID,"Bonner",America/Los_Angeles,,,"tzbb-2026d area-majority; NWS c_16ap26 TIME_ZONE=P"
16019,ID,"Bonneville",America/Boise,,,"tzbb-2026d area-majority; NWS c_16ap26 TIME_ZONE=M"
16021,ID,"Boundary",America/Los_Angeles,,,"tzbb-2026d area-majority; NWS c_16ap26 TIME_ZONE=P"
16023,ID,"Butte",America/Boise,,,"tzbb-2026d area-majority; NWS c_16ap26 TIME_ZONE=M"
16025,ID,"Camas",America/Boise,,,"tzbb-2026d area-majority; NWS c_16ap26 TIME_ZONE=M"
16027,ID,"Canyon",America/Boise,,,"tzbb-2026d area-majority; NWS c_16ap26 TIME_ZONE=M"
16029,ID,"Caribou",America/Boise,,,"tzbb-2026d area-majority; NWS c_16ap26 TIME_ZONE=M"
16031,ID,"Cassia",America/Boise,,,"tzbb-2026d area-majority; NWS c_16ap26 TIME_ZONE=M"
16033,ID,"Clark",America/Boise,,,"tzbb-2026d area-majority; NWS c_16ap26 TIME_ZONE=M"
16035,ID,"Clearwater",America/Los_Angeles,,,"tzbb-2026d area-majority; NWS c_16ap26 TIME_ZONE=P"
16037,ID,"Custer",America/Boise,,,"tzbb-2026d area-majority; NWS c_16ap26 TIME_ZONE=M"
16039,ID,"Elmore",America/Boise,,,"tzbb-2026d area-majority; NWS c_16ap26 TIME_ZONE=M"
16041,ID,"Franklin",America/Boise,,,"tzbb-2026d area-majority; NWS c_16ap26 TIME_ZONE=M"
16043,ID,"Fremont",America/Boise,,,"tzbb-2026d area-majority; NWS c_16ap26 TIME_ZONE=M"
16045,ID,"Gem",America/Boise,,,"tzbb-2026d area-majority; NWS c_16ap26 TIME_ZONE=M"
16047,ID,"Gooding",America/Boise,,,"tzbb-2026d area-majority; NWS c_16ap26 TIME_ZONE=M"
16049,ID,"Idaho",America/Los_Angeles,America/Boise,25.36,"tzbb-2026d area-majority; NWS c_16ap26 TIME_ZONE=MP; RESOLVED: Split at the Salmon River (49 CFR 71.9): north Pacific (Grangeville), south Mountain. NWS MP agrees. Area majority Pacific."
16051,ID,"Jefferson",America/Boise,,,"tzbb-2026d area-majority; NWS c_16ap26 TIME_ZONE=M"
16053,ID,"Jerome",America/Boise,,,"tzbb-2026d area-majority; NWS c_16ap26 TIME_ZONE=M"
16055,ID,"Kootenai",America/Los_Angeles,,,"tzbb-2026d area-majority; NWS c_16ap26 TIME_ZONE=P"
16057,ID,"Latah",America/Los_Angeles,,,"tzbb-2026d area-majority; NWS c_16ap26 TIME_ZONE=P"
16059,ID,"Lemhi",America/Boise,,,"tzbb-2026d area-majority; NWS c_16ap26 TIME_ZONE=M"
16061,ID,"Lewis",America/Los_Angeles,,,"tzbb-2026d area-majority; NWS c_16ap26 TIME_ZONE=P"
16063,ID,"Lincoln",America/Boise,,,"tzbb-2026d area-majority; NWS c_16ap26 TIME_ZONE=M"
16065,ID,"Madison",America/Boise,,,"tzbb-2026d area-majority; NWS c_16ap26 TIME_ZONE=M"
16067,ID,"Minidoka",America/Boise,,,"tzbb-2026d area-majority; NWS c_16ap26 TIME_ZONE=M"
16069,ID,"Nez Perce",America/Los_Angeles,,,"tzbb-2026d area-majority; NWS c_16ap26 TIME_ZONE=P"
16071,ID,"Oneida",America/Boise,,,"tzbb-2026d area-majority; NWS c_16ap26 TIME_ZONE=M"
16073,ID,"Owyhee",America/Boise,,,"tzbb-2026d area-majority; NWS c_16ap26 TIME_ZONE=M"
16075,ID,"Payette",America/Boise,,,"tzbb-2026d area-majority; NWS c_16ap26 TIME_ZONE=M"
16077,ID,"Power",America/Boise,,,"tzbb-2026d area-majority; NWS c_16ap26 TIME_ZONE=M"
16079,ID,"Shoshone",America/Los_Angeles,,,"tzbb-2026d area-majority; NWS c_16ap26 TIME_ZONE=P"
16081,ID,"Teton",America/Boise,,,"tzbb-2026d area-majority; NWS c_16ap26 TIME_ZONE=M"
16083,ID,"Twin Falls",America/Boise,,,"tzbb-2026d area-majority; NWS c_16ap26 TIME_ZONE=M"
16085,ID,"Valley",America/Boise,,,"tzbb-2026d area-majority; NWS c_16ap26 TIME_ZONE=M"
16087,ID,"Washington",America/Boise,,,"tzbb-2026d area-majority; NWS c_16ap26 TIME_ZONE=M"
17001,IL,"Adams",America/Chicago,,,"tzbb-2026d area-majority; NWS c_16ap26 TIME_ZONE=C"
17003,IL,"Alexander",America/Chicago,,,"tzbb-2026d area-majority; NWS c_16ap26 TIME_ZONE=C"
17005,IL,"Bond",America/Chicago,,,"tzbb-2026d area-majority; NWS c_16ap26 TIME_ZONE=C"
17007,IL,"Boone",America/Chicago,,,"tzbb-2026d area-majority; NWS c_16ap26 TIME_ZONE=C"
17009,IL,"Brown",America/Chicago,,,"tzbb-2026d area-majority; NWS c_16ap26 TIME_ZONE=C"
17011,IL,"Bureau",America/Chicago,,,"tzbb-2026d area-majority; NWS c_16ap26 TIME_ZONE=C"
17013,IL,"Calhoun",America/Chicago,,,"tzbb-2026d area-majority; NWS c_16ap26 TIME_ZONE=C"
17015,IL,"Carroll",America/Chicago,,,"tzbb-2026d area-majority; NWS c_16ap26 TIME_ZONE=C"
17017,IL,"Cass",America/Chicago,,,"tzbb-2026d area-majority; NWS c_16ap26 TIME_ZONE=C"
17019,IL,"Champaign",America/Chicago,,,"tzbb-2026d area-majority; NWS c_16ap26 TIME_ZONE=C"
17021,IL,"Christian",America/Chicago,,,"tzbb-2026d area-majority; NWS c_16ap26 TIME_ZONE=C"
17023,IL,"Clark",America/Chicago,,,"tzbb-2026d area-majority; NWS c_16ap26 TIME_ZONE=C"
17025,IL,"Clay",America/Chicago,,,"tzbb-2026d area-majority; NWS c_16ap26 TIME_ZONE=C"
17027,IL,"Clinton",America/Chicago,,,"tzbb-2026d area-majority; NWS c_16ap26 TIME_ZONE=C"
17029,IL,"Coles",America/Chicago,,,"tzbb-2026d area-majority; NWS c_16ap26 TIME_ZONE=C"
17031,IL,"Cook",America/Chicago,,,"tzbb-2026d area-majority; NWS c_16ap26 TIME_ZONE=C"
17033,IL,"Crawford",America/Chicago,,,"tzbb-2026d area-majority; NWS c_16ap26 TIME_ZONE=C"
17035,IL,"Cumberland",America/Chicago,,,"tzbb-2026d area-majority; NWS c_16ap26 TIME_ZONE=C"
17037,IL,"De Kalb",America/Chicago,,,"tzbb-2026d area-majority; NWS c_16ap26 TIME_ZONE=C"
17039,IL,"De Witt",America/Chicago,,,"tzbb-2026d area-majority; NWS c_16ap26 TIME_ZONE=C"
17041,IL,"Douglas",America/Chicago,,,"tzbb-2026d area-majority; NWS c_16ap26 TIME_ZONE=C"
17043,IL,"DuPage",America/Chicago,,,"tzbb-2026d area-majority; NWS c_16ap26 TIME_ZONE=C"
17045,IL,"Edgar",America/Chicago,,,"tzbb-2026d area-majority; NWS c_16ap26 TIME_ZONE=C"
17047,IL,"Edwards",America/Chicago,,,"tzbb-2026d area-majority; NWS c_16ap26 TIME_ZONE=C"
17049,IL,"Effingham",America/Chicago,,,"tzbb-2026d area-majority; NWS c_16ap26 TIME_ZONE=C"
17051,IL,"Fayette",America/Chicago,,,"tzbb-2026d area-majority; NWS c_16ap26 TIME_ZONE=C"
17053,IL,"Ford",America/Chicago,,,"tzbb-2026d area-majority; NWS c_16ap26 TIME_ZONE=C"
17055,IL,"Franklin",America/Chicago,,,"tzbb-2026d area-majority; NWS c_16ap26 TIME_ZONE=C"
17057,IL,"Fulton",America/Chicago,,,"tzbb-2026d area-majority; NWS c_16ap26 TIME_ZONE=C"
17059,IL,"Gallatin",America/Chicago,,,"tzbb-2026d area-majority; NWS c_16ap26 TIME_ZONE=C"
17061,IL,"Greene",America/Chicago,,,"tzbb-2026d area-majority; NWS c_16ap26 TIME_ZONE=C"
17063,IL,"Grundy",America/Chicago,,,"tzbb-2026d area-majority; NWS c_16ap26 TIME_ZONE=C"
17065,IL,"Hamilton",America/Chicago,,,"tzbb-2026d area-majority; NWS c_16ap26 TIME_ZONE=C"
17067,IL,"Hancock",America/Chicago,,,"tzbb-2026d area-majority; NWS c_16ap26 TIME_ZONE=C"
17069,IL,"Hardin",America/Chicago,,,"tzbb-2026d area-majority; NWS c_16ap26 TIME_ZONE=C"
17071,IL,"Henderson",America/Chicago,,,"tzbb-2026d area-majority; NWS c_16ap26 TIME_ZONE=C"
17073,IL,"Henry",America/Chicago,,,"tzbb-2026d area-majority; NWS c_16ap26 TIME_ZONE=C"
17075,IL,"Iroquois",America/Chicago,,,"tzbb-2026d area-majority; NWS c_16ap26 TIME_ZONE=C"
17077,IL,"Jackson",America/Chicago,,,"tzbb-2026d area-majority; NWS c_16ap26 TIME_ZONE=C"
17079,IL,"Jasper",America/Chicago,,,"tzbb-2026d area-majority; NWS c_16ap26 TIME_ZONE=C"
17081,IL,"Jefferson",America/Chicago,,,"tzbb-2026d area-majority; NWS c_16ap26 TIME_ZONE=C"
17083,IL,"Jersey",America/Chicago,,,"tzbb-2026d area-majority; NWS c_16ap26 TIME_ZONE=C"
17085,IL,"Jo Daviess",America/Chicago,,,"tzbb-2026d area-majority; NWS c_16ap26 TIME_ZONE=C"
17087,IL,"Johnson",America/Chicago,,,"tzbb-2026d area-majority; NWS c_16ap26 TIME_ZONE=C"
17089,IL,"Kane",America/Chicago,,,"tzbb-2026d area-majority; NWS c_16ap26 TIME_ZONE=C"
17091,IL,"Kankakee",America/Chicago,,,"tzbb-2026d area-majority; NWS c_16ap26 TIME_ZONE=C"
17093,IL,"Kendall",America/Chicago,,,"tzbb-2026d area-majority; NWS c_16ap26 TIME_ZONE=C"
17095,IL,"Knox",America/Chicago,,,"tzbb-2026d area-majority; NWS c_16ap26 TIME_ZONE=C"
17097,IL,"Lake",America/Chicago,,,"tzbb-2026d area-majority; NWS c_16ap26 TIME_ZONE=C"
17099,IL,"La Salle",America/Chicago,,,"tzbb-2026d area-majority; NWS c_16ap26 TIME_ZONE=C"
17101,IL,"Lawrence",America/Chicago,,,"tzbb-2026d area-majority; NWS c_16ap26 TIME_ZONE=C"
17103,IL,"Lee",America/Chicago,,,"tzbb-2026d area-majority; NWS c_16ap26 TIME_ZONE=C"
17105,IL,"Livingston",America/Chicago,,,"tzbb-2026d area-majority; NWS c_16ap26 TIME_ZONE=C"
17107,IL,"Logan",America/Chicago,,,"tzbb-2026d area-majority; NWS c_16ap26 TIME_ZONE=C"
17109,IL,"McDonough",America/Chicago,,,"tzbb-2026d area-majority; NWS c_16ap26 TIME_ZONE=C"
17111,IL,"McHenry",America/Chicago,,,"tzbb-2026d area-majority; NWS c_16ap26 TIME_ZONE=C"
17113,IL,"McLean",America/Chicago,,,"tzbb-2026d area-majority; NWS c_16ap26 TIME_ZONE=C"
17115,IL,"Macon",America/Chicago,,,"tzbb-2026d area-majority; NWS c_16ap26 TIME_ZONE=C"
17117,IL,"Macoupin",America/Chicago,,,"tzbb-2026d area-majority; NWS c_16ap26 TIME_ZONE=C"
17119,IL,"Madison",America/Chicago,,,"tzbb-2026d area-majority; NWS c_16ap26 TIME_ZONE=C"
17121,IL,"Marion",America/Chicago,,,"tzbb-2026d area-majority; NWS c_16ap26 TIME_ZONE=C"
17123,IL,"Marshall",America/Chicago,,,"tzbb-2026d area-majority; NWS c_16ap26 TIME_ZONE=C"
17125,IL,"Mason",America/Chicago,,,"tzbb-2026d area-majority; NWS c_16ap26 TIME_ZONE=C"
17127,IL,"Massac",America/Chicago,,,"tzbb-2026d area-majority; NWS c_16ap26 TIME_ZONE=C"
17129,IL,"Menard",America/Chicago,,,"tzbb-2026d area-majority; NWS c_16ap26 TIME_ZONE=C"
17131,IL,"Mercer",America/Chicago,,,"tzbb-2026d area-majority; NWS c_16ap26 TIME_ZONE=C"
17133,IL,"Monroe",America/Chicago,,,"tzbb-2026d area-majority; NWS c_16ap26 TIME_ZONE=C"
17135,IL,"Montgomery",America/Chicago,,,"tzbb-2026d area-majority; NWS c_16ap26 TIME_ZONE=C"
17137,IL,"Morgan",America/Chicago,,,"tzbb-2026d area-majority; NWS c_16ap26 TIME_ZONE=C"
17139,IL,"Moultrie",America/Chicago,,,"tzbb-2026d area-majority; NWS c_16ap26 TIME_ZONE=C"
17141,IL,"Ogle",America/Chicago,,,"tzbb-2026d area-majority; NWS c_16ap26 TIME_ZONE=C"
17143,IL,"Peoria",America/Chicago,,,"tzbb-2026d area-majority; NWS c_16ap26 TIME_ZONE=C"
17145,IL,"Perry",America/Chicago,,,"tzbb-2026d area-majority; NWS c_16ap26 TIME_ZONE=C"
17147,IL,"Piatt",America/Chicago,,,"tzbb-2026d area-majority; NWS c_16ap26 TIME_ZONE=C"
17149,IL,"Pike",America/Chicago,,,"tzbb-2026d area-majority; NWS c_16ap26 TIME_ZONE=C"
17151,IL,"Pope",America/Chicago,,,"tzbb-2026d area-majority; NWS c_16ap26 TIME_ZONE=C"
17153,IL,"Pulaski",America/Chicago,,,"tzbb-2026d area-majority; NWS c_16ap26 TIME_ZONE=C"
17155,IL,"Putnam",America/Chicago,,,"tzbb-2026d area-majority; NWS c_16ap26 TIME_ZONE=C"
17157,IL,"Randolph",America/Chicago,,,"tzbb-2026d area-majority; NWS c_16ap26 TIME_ZONE=C"
17159,IL,"Richland",America/Chicago,,,"tzbb-2026d area-majority; NWS c_16ap26 TIME_ZONE=C"
17161,IL,"Rock Island",America/Chicago,,,"tzbb-2026d area-majority; NWS c_16ap26 TIME_ZONE=C"
17163,IL,"St. Clair",America/Chicago,,,"tzbb-2026d area-majority; NWS c_16ap26 TIME_ZONE=C"
17165,IL,"Saline",America/Chicago,,,"tzbb-2026d area-majority; NWS c_16ap26 TIME_ZONE=C"
17167,IL,"Sangamon",America/Chicago,,,"tzbb-2026d area-majority; NWS c_16ap26 TIME_ZONE=C"
17169,IL,"Schuyler",America/Chicago,,,"tzbb-2026d area-majority; NWS c_16ap26 TIME_ZONE=C"
17171,IL,"Scott",America/Chicago,,,"tzbb-2026d area-majority; NWS c_16ap26 TIME_ZONE=C"
17173,IL,"Shelby",America/Chicago,,,"tzbb-2026d area-majority; NWS c_16ap26 TIME_ZONE=C"
17175,IL,"Stark",America/Chicago,,,"tzbb-2026d area-majority; NWS c_16ap26 TIME_ZONE=C"
17177,IL,"Stephenson",America/Chicago,,,"tzbb-2026d area-majority; NWS c_16ap26 TIME_ZONE=C"
17179,IL,"Tazewell",America/Chicago,,,"tzbb-2026d area-majority; NWS c_16ap26 TIME_ZONE=C"
17181,IL,"Union",America/Chicago,,,"tzbb-2026d area-majority; NWS c_16ap26 TIME_ZONE=C"
17183,IL,"Vermilion",America/Chicago,,,"tzbb-2026d area-majority; NWS c_16ap26 TIME_ZONE=C"
17185,IL,"Wabash",America/Chicago,,,"tzbb-2026d area-majority; NWS c_16ap26 TIME_ZONE=C"
17187,IL,"Warren",America/Chicago,,,"tzbb-2026d area-majority; NWS c_16ap26 TIME_ZONE=C"
17189,IL,"Washington",America/Chicago,,,"tzbb-2026d area-majority; NWS c_16ap26 TIME_ZONE=C"
17191,IL,"Wayne",America/Chicago,,,"tzbb-2026d area-majority; NWS c_16ap26 TIME_ZONE=C"
17193,IL,"White",America/Chicago,,,"tzbb-2026d area-majority; NWS c_16ap26 TIME_ZONE=C"
17195,IL,"Whiteside",America/Chicago,,,"tzbb-2026d area-majority; NWS c_16ap26 TIME_ZONE=C"
17197,IL,"Will",America/Chicago,,,"tzbb-2026d area-majority; NWS c_16ap26 TIME_ZONE=C"
17199,IL,"Williamson",America/Chicago,,,"tzbb-2026d area-majority; NWS c_16ap26 TIME_ZONE=C"
17201,IL,"Winnebago",America/Chicago,,,"tzbb-2026d area-majority; NWS c_16ap26 TIME_ZONE=C"
17203,IL,"Woodford",America/Chicago,,,"tzbb-2026d area-majority; NWS c_16ap26 TIME_ZONE=C"
18001,IN,"Adams",America/Indiana/Indianapolis,,,"tzbb-2026d area-majority; NWS c_16ap26 TIME_ZONE=E"
18003,IN,"Allen",America/Indiana/Indianapolis,,,"tzbb-2026d area-majority; NWS c_16ap26 TIME_ZONE=E"
18005,IN,"Bartholomew",America/Indiana/Indianapolis,,,"tzbb-2026d area-majority; NWS c_16ap26 TIME_ZONE=E"
18007,IN,"Benton",America/Indiana/Indianapolis,,,"tzbb-2026d area-majority; NWS c_16ap26 TIME_ZONE=E"
18009,IN,"Blackford",America/Indiana/Indianapolis,,,"tzbb-2026d area-majority; NWS c_16ap26 TIME_ZONE=E"
18011,IN,"Boone",America/Indiana/Indianapolis,,,"tzbb-2026d area-majority; NWS c_16ap26 TIME_ZONE=E"
18013,IN,"Brown",America/Indiana/Indianapolis,,,"tzbb-2026d area-majority; NWS c_16ap26 TIME_ZONE=E"
18015,IN,"Carroll",America/Indiana/Indianapolis,,,"tzbb-2026d area-majority; NWS c_16ap26 TIME_ZONE=E"
18017,IN,"Cass",America/Indiana/Indianapolis,,,"tzbb-2026d area-majority; NWS c_16ap26 TIME_ZONE=E"
18019,IN,"Clark",America/Kentucky/Louisville,,,"tzbb-2026d area-majority; NWS c_16ap26 TIME_ZONE=E"
18021,IN,"Clay",America/Indiana/Indianapolis,,,"tzbb-2026d area-majority; NWS c_16ap26 TIME_ZONE=E"
18023,IN,"Clinton",America/Indiana/Indianapolis,,,"tzbb-2026d area-majority; NWS c_16ap26 TIME_ZONE=E"
18025,IN,"Crawford",America/Indiana/Marengo,,,"tzbb-2026d area-majority; NWS c_16ap26 TIME_ZONE=E"
18027,IN,"Daviess",America/Indiana/Vincennes,,,"tzbb-2026d area-majority; NWS c_16ap26 TIME_ZONE=E"
18029,IN,"Dearborn",America/New_York,,,"tzbb-2026d area-majority; NWS c_16ap26 TIME_ZONE=E"
18031,IN,"Decatur",America/Indiana/Indianapolis,,,"tzbb-2026d area-majority; NWS c_16ap26 TIME_ZONE=E"
18033,IN,"De Kalb",America/Indiana/Indianapolis,,,"tzbb-2026d area-majority; NWS c_16ap26 TIME_ZONE=E"
18035,IN,"Delaware",America/Indiana/Indianapolis,,,"tzbb-2026d area-majority; NWS c_16ap26 TIME_ZONE=E"
18037,IN,"Dubois",America/Indiana/Vincennes,,,"tzbb-2026d area-majority; NWS c_16ap26 TIME_ZONE=E"
18039,IN,"Elkhart",America/Indiana/Indianapolis,,,"tzbb-2026d area-majority; NWS c_16ap26 TIME_ZONE=E"
18041,IN,"Fayette",America/Indiana/Indianapolis,,,"tzbb-2026d area-majority; NWS c_16ap26 TIME_ZONE=E"
18043,IN,"Floyd",America/Kentucky/Louisville,,,"tzbb-2026d area-majority; NWS c_16ap26 TIME_ZONE=E"
18045,IN,"Fountain",America/Indiana/Indianapolis,,,"tzbb-2026d area-majority; NWS c_16ap26 TIME_ZONE=E"
18047,IN,"Franklin",America/Indiana/Indianapolis,,,"tzbb-2026d area-majority; NWS c_16ap26 TIME_ZONE=E"
18049,IN,"Fulton",America/Indiana/Indianapolis,,,"tzbb-2026d area-majority; NWS c_16ap26 TIME_ZONE=E"
18051,IN,"Gibson",America/Chicago,,,"tzbb-2026d area-majority; NWS c_16ap26 TIME_ZONE=C"
18053,IN,"Grant",America/Indiana/Indianapolis,,,"tzbb-2026d area-majority; NWS c_16ap26 TIME_ZONE=E"
18055,IN,"Greene",America/Indiana/Indianapolis,,,"tzbb-2026d area-majority; NWS c_16ap26 TIME_ZONE=E"
18057,IN,"Hamilton",America/Indiana/Indianapolis,,,"tzbb-2026d area-majority; NWS c_16ap26 TIME_ZONE=E"
18059,IN,"Hancock",America/Indiana/Indianapolis,,,"tzbb-2026d area-majority; NWS c_16ap26 TIME_ZONE=E"
18061,IN,"Harrison",America/Kentucky/Louisville,,,"tzbb-2026d area-majority; NWS c_16ap26 TIME_ZONE=E"
18063,IN,"Hendricks",America/Indiana/Indianapolis,,,"tzbb-2026d area-majority; NWS c_16ap26 TIME_ZONE=E"
18065,IN,"Henry",America/Indiana/Indianapolis,,,"tzbb-2026d area-majority; NWS c_16ap26 TIME_ZONE=E"
18067,IN,"Howard",America/Indiana/Indianapolis,,,"tzbb-2026d area-majority; NWS c_16ap26 TIME_ZONE=E"
18069,IN,"Huntington",America/Indiana/Indianapolis,,,"tzbb-2026d area-majority; NWS c_16ap26 TIME_ZONE=E"
18071,IN,"Jackson",America/Indiana/Indianapolis,,,"tzbb-2026d area-majority; NWS c_16ap26 TIME_ZONE=E"
18073,IN,"Jasper",America/Chicago,,,"tzbb-2026d area-majority; NWS c_16ap26 TIME_ZONE=C"
18075,IN,"Jay",America/Indiana/Indianapolis,,,"tzbb-2026d area-majority; NWS c_16ap26 TIME_ZONE=E"
18077,IN,"Jefferson",America/Indiana/Indianapolis,,,"tzbb-2026d area-majority; NWS c_16ap26 TIME_ZONE=E"
18079,IN,"Jennings",America/Indiana/Indianapolis,,,"tzbb-2026d area-majority; NWS c_16ap26 TIME_ZONE=E"
18081,IN,"Johnson",America/Indiana/Indianapolis,,,"tzbb-2026d area-majority; NWS c_16ap26 TIME_ZONE=E"
18083,IN,"Knox",America/Indiana/Vincennes,,,"tzbb-2026d area-majority; NWS c_16ap26 TIME_ZONE=E"
18085,IN,"Kosciusko",America/Indiana/Indianapolis,,,"tzbb-2026d area-majority; NWS c_16ap26 TIME_ZONE=E"
18087,IN,"Lagrange",America/Indiana/Indianapolis,,,"tzbb-2026d area-majority; NWS c_16ap26 TIME_ZONE=E"
18089,IN,"Lake",America/Chicago,,,"tzbb-2026d area-majority; NWS c_16ap26 TIME_ZONE=C"
18091,IN,"La Porte",America/Chicago,,,"tzbb-2026d area-majority; NWS c_16ap26 TIME_ZONE=C"
18093,IN,"Lawrence",America/Indiana/Indianapolis,,,"tzbb-2026d area-majority; NWS c_16ap26 TIME_ZONE=E"
18095,IN,"Madison",America/Indiana/Indianapolis,,,"tzbb-2026d area-majority; NWS c_16ap26 TIME_ZONE=E"
18097,IN,"Marion",America/Indiana/Indianapolis,,,"tzbb-2026d area-majority; NWS c_16ap26 TIME_ZONE=E"
18099,IN,"Marshall",America/Indiana/Indianapolis,,,"tzbb-2026d area-majority; NWS c_16ap26 TIME_ZONE=E"
18101,IN,"Martin",America/Indiana/Vincennes,,,"tzbb-2026d area-majority; NWS c_16ap26 TIME_ZONE=E"
18103,IN,"Miami",America/Indiana/Indianapolis,,,"tzbb-2026d area-majority; NWS c_16ap26 TIME_ZONE=E"
18105,IN,"Monroe",America/Indiana/Indianapolis,,,"tzbb-2026d area-majority; NWS c_16ap26 TIME_ZONE=E"
18107,IN,"Montgomery",America/Indiana/Indianapolis,,,"tzbb-2026d area-majority; NWS c_16ap26 TIME_ZONE=E"
18109,IN,"Morgan",America/Indiana/Indianapolis,,,"tzbb-2026d area-majority; NWS c_16ap26 TIME_ZONE=E"
18111,IN,"Newton",America/Chicago,,,"tzbb-2026d area-majority; NWS c_16ap26 TIME_ZONE=C"
18113,IN,"Noble",America/Indiana/Indianapolis,,,"tzbb-2026d area-majority; NWS c_16ap26 TIME_ZONE=E"
18115,IN,"Ohio",America/New_York,,,"tzbb-2026d area-majority; NWS c_16ap26 TIME_ZONE=E"
18117,IN,"Orange",America/Indiana/Indianapolis,,,"tzbb-2026d area-majority; NWS c_16ap26 TIME_ZONE=E"
18119,IN,"Owen",America/Indiana/Indianapolis,,,"tzbb-2026d area-majority; NWS c_16ap26 TIME_ZONE=E"
18121,IN,"Parke",America/Indiana/Indianapolis,,,"tzbb-2026d area-majority; NWS c_16ap26 TIME_ZONE=E"
18123,IN,"Perry",America/Indiana/Tell_City,,,"tzbb-2026d area-majority; NWS c_16ap26 TIME_ZONE=C"
18125,IN,"Pike",America/Indiana/Petersburg,,,"tzbb-2026d area-majority; NWS c_16ap26 TIME_ZONE=E"
18127,IN,"Porter",America/Chicago,,,"tzbb-2026d area-majority; NWS c_16ap26 TIME_ZONE=C"
18129,IN,"Posey",America/Chicago,,,"tzbb-2026d area-majority; NWS c_16ap26 TIME_ZONE=C"
18131,IN,"Pulaski",America/Indiana/Winamac,,,"tzbb-2026d area-majority; NWS c_16ap26 TIME_ZONE=E"
18133,IN,"Putnam",America/Indiana/Indianapolis,,,"tzbb-2026d area-majority; NWS c_16ap26 TIME_ZONE=E"
18135,IN,"Randolph",America/Indiana/Indianapolis,,,"tzbb-2026d area-majority; NWS c_16ap26 TIME_ZONE=E"
18137,IN,"Ripley",America/Indiana/Indianapolis,,,"tzbb-2026d area-majority; NWS c_16ap26 TIME_ZONE=E"
18139,IN,"Rush",America/Indiana/Indianapolis,,,"tzbb-2026d area-majority; NWS c_16ap26 TIME_ZONE=E"
18141,IN,"St. Joseph",America/Indiana/Indianapolis,,,"tzbb-2026d area-majority; NWS c_16ap26 TIME_ZONE=E"
18143,IN,"Scott",America/Indiana/Indianapolis,,,"tzbb-2026d area-majority; NWS c_16ap26 TIME_ZONE=E"
18145,IN,"Shelby",America/Indiana/Indianapolis,,,"tzbb-2026d area-majority; NWS c_16ap26 TIME_ZONE=E"
18147,IN,"Spencer",America/Chicago,,,"tzbb-2026d area-majority; NWS c_16ap26 TIME_ZONE=C"
18149,IN,"Starke",America/Indiana/Knox,,,"tzbb-2026d area-majority; NWS c_16ap26 TIME_ZONE=C"
18151,IN,"Steuben",America/Indiana/Indianapolis,,,"tzbb-2026d area-majority; NWS c_16ap26 TIME_ZONE=E"
18153,IN,"Sullivan",America/Indiana/Indianapolis,,,"tzbb-2026d area-majority; NWS c_16ap26 TIME_ZONE=E"
18155,IN,"Switzerland",America/Indiana/Vevay,,,"tzbb-2026d area-majority; NWS c_16ap26 TIME_ZONE=E"
18157,IN,"Tippecanoe",America/Indiana/Indianapolis,,,"tzbb-2026d area-majority; NWS c_16ap26 TIME_ZONE=E"
18159,IN,"Tipton",America/Indiana/Indianapolis,,,"tzbb-2026d area-majority; NWS c_16ap26 TIME_ZONE=E"
18161,IN,"Union",America/Indiana/Indianapolis,,,"tzbb-2026d area-majority; NWS c_16ap26 TIME_ZONE=E"
18163,IN,"Vanderburgh",America/Chicago,,,"tzbb-2026d area-majority; NWS c_16ap26 TIME_ZONE=C"
18165,IN,"Vermillion",America/Indiana/Indianapolis,,,"tzbb-2026d area-majority; NWS c_16ap26 TIME_ZONE=E"
18167,IN,"Vigo",America/Indiana/Indianapolis,,,"tzbb-2026d area-majority; NWS c_16ap26 TIME_ZONE=E"
18169,IN,"Wabash",America/Indiana/Indianapolis,,,"tzbb-2026d area-majority; NWS c_16ap26 TIME_ZONE=E"
18171,IN,"Warren",America/Indiana/Indianapolis,,,"tzbb-2026d area-majority; NWS c_16ap26 TIME_ZONE=E"
18173,IN,"Warrick",America/Chicago,,,"tzbb-2026d area-majority; NWS c_16ap26 TIME_ZONE=C"
18175,IN,"Washington",America/Indiana/Indianapolis,,,"tzbb-2026d area-majority; NWS c_16ap26 TIME_ZONE=E"
18177,IN,"Wayne",America/Indiana/Indianapolis,,,"tzbb-2026d area-majority; NWS c_16ap26 TIME_ZONE=E"
18179,IN,"Wells",America/Indiana/Indianapolis,,,"tzbb-2026d area-majority; NWS c_16ap26 TIME_ZONE=E"
18181,IN,"White",America/Indiana/Indianapolis,,,"tzbb-2026d area-majority; NWS c_16ap26 TIME_ZONE=E"
18183,IN,"Whitley",America/Indiana/Indianapolis,,,"tzbb-2026d area-majority; NWS c_16ap26 TIME_ZONE=E"
19001,IA,"Adair",America/Chicago,,,"tzbb-2026d area-majority; NWS c_16ap26 TIME_ZONE=C"
19003,IA,"Adams",America/Chicago,,,"tzbb-2026d area-majority; NWS c_16ap26 TIME_ZONE=C"
19005,IA,"Allamakee",America/Chicago,,,"tzbb-2026d area-majority; NWS c_16ap26 TIME_ZONE=C"
19007,IA,"Appanoose",America/Chicago,,,"tzbb-2026d area-majority; NWS c_16ap26 TIME_ZONE=C"
19009,IA,"Audubon",America/Chicago,,,"tzbb-2026d area-majority; NWS c_16ap26 TIME_ZONE=C"
19011,IA,"Benton",America/Chicago,,,"tzbb-2026d area-majority; NWS c_16ap26 TIME_ZONE=C"
19013,IA,"Black Hawk",America/Chicago,,,"tzbb-2026d area-majority; NWS c_16ap26 TIME_ZONE=C"
19015,IA,"Boone",America/Chicago,,,"tzbb-2026d area-majority; NWS c_16ap26 TIME_ZONE=C"
19017,IA,"Bremer",America/Chicago,,,"tzbb-2026d area-majority; NWS c_16ap26 TIME_ZONE=C"
19019,IA,"Buchanan",America/Chicago,,,"tzbb-2026d area-majority; NWS c_16ap26 TIME_ZONE=C"
19021,IA,"Buena Vista",America/Chicago,,,"tzbb-2026d area-majority; NWS c_16ap26 TIME_ZONE=C"
19023,IA,"Butler",America/Chicago,,,"tzbb-2026d area-majority; NWS c_16ap26 TIME_ZONE=C"
19025,IA,"Calhoun",America/Chicago,,,"tzbb-2026d area-majority; NWS c_16ap26 TIME_ZONE=C"
19027,IA,"Carroll",America/Chicago,,,"tzbb-2026d area-majority; NWS c_16ap26 TIME_ZONE=C"
19029,IA,"Cass",America/Chicago,,,"tzbb-2026d area-majority; NWS c_16ap26 TIME_ZONE=C"
19031,IA,"Cedar",America/Chicago,,,"tzbb-2026d area-majority; NWS c_16ap26 TIME_ZONE=C"
19033,IA,"Cerro Gordo",America/Chicago,,,"tzbb-2026d area-majority; NWS c_16ap26 TIME_ZONE=C"
19035,IA,"Cherokee",America/Chicago,,,"tzbb-2026d area-majority; NWS c_16ap26 TIME_ZONE=C"
19037,IA,"Chickasaw",America/Chicago,,,"tzbb-2026d area-majority; NWS c_16ap26 TIME_ZONE=C"
19039,IA,"Clarke",America/Chicago,,,"tzbb-2026d area-majority; NWS c_16ap26 TIME_ZONE=C"
19041,IA,"Clay",America/Chicago,,,"tzbb-2026d area-majority; NWS c_16ap26 TIME_ZONE=C"
19043,IA,"Clayton",America/Chicago,,,"tzbb-2026d area-majority; NWS c_16ap26 TIME_ZONE=C"
19045,IA,"Clinton",America/Chicago,,,"tzbb-2026d area-majority; NWS c_16ap26 TIME_ZONE=C"
19047,IA,"Crawford",America/Chicago,,,"tzbb-2026d area-majority; NWS c_16ap26 TIME_ZONE=C"
19049,IA,"Dallas",America/Chicago,,,"tzbb-2026d area-majority; NWS c_16ap26 TIME_ZONE=C"
19051,IA,"Davis",America/Chicago,,,"tzbb-2026d area-majority; NWS c_16ap26 TIME_ZONE=C"
19053,IA,"Decatur",America/Chicago,,,"tzbb-2026d area-majority; NWS c_16ap26 TIME_ZONE=C"
19055,IA,"Delaware",America/Chicago,,,"tzbb-2026d area-majority; NWS c_16ap26 TIME_ZONE=C"
19057,IA,"Des Moines",America/Chicago,,,"tzbb-2026d area-majority; NWS c_16ap26 TIME_ZONE=C"
19059,IA,"Dickinson",America/Chicago,,,"tzbb-2026d area-majority; NWS c_16ap26 TIME_ZONE=C"
19061,IA,"Dubuque",America/Chicago,,,"tzbb-2026d area-majority; NWS c_16ap26 TIME_ZONE=C"
19063,IA,"Emmet",America/Chicago,,,"tzbb-2026d area-majority; NWS c_16ap26 TIME_ZONE=C"
19065,IA,"Fayette",America/Chicago,,,"tzbb-2026d area-majority; NWS c_16ap26 TIME_ZONE=C"
19067,IA,"Floyd",America/Chicago,,,"tzbb-2026d area-majority; NWS c_16ap26 TIME_ZONE=C"
19069,IA,"Franklin",America/Chicago,,,"tzbb-2026d area-majority; NWS c_16ap26 TIME_ZONE=C"
19071,IA,"Fremont",America/Chicago,,,"tzbb-2026d area-majority; NWS c_16ap26 TIME_ZONE=C"
19073,IA,"Greene",America/Chicago,,,"tzbb-2026d area-majority; NWS c_16ap26 TIME_ZONE=C"
19075,IA,"Grundy",America/Chicago,,,"tzbb-2026d area-majority; NWS c_16ap26 TIME_ZONE=C"
19077,IA,"Guthrie",America/Chicago,,,"tzbb-2026d area-majority; NWS c_16ap26 TIME_ZONE=C"
19079,IA,"Hamilton",America/Chicago,,,"tzbb-2026d area-majority; NWS c_16ap26 TIME_ZONE=C"
19081,IA,"Hancock",America/Chicago,,,"tzbb-2026d area-majority; NWS c_16ap26 TIME_ZONE=C"
19083,IA,"Hardin",America/Chicago,,,"tzbb-2026d area-majority; NWS c_16ap26 TIME_ZONE=C"
19085,IA,"Harrison",America/Chicago,,,"tzbb-2026d area-majority; NWS c_16ap26 TIME_ZONE=C"
19087,IA,"Henry",America/Chicago,,,"tzbb-2026d area-majority; NWS c_16ap26 TIME_ZONE=C"
19089,IA,"Howard",America/Chicago,,,"tzbb-2026d area-majority; NWS c_16ap26 TIME_ZONE=C"
19091,IA,"Humboldt",America/Chicago,,,"tzbb-2026d area-majority; NWS c_16ap26 TIME_ZONE=C"
19093,IA,"Ida",America/Chicago,,,"tzbb-2026d area-majority; NWS c_16ap26 TIME_ZONE=C"
19095,IA,"Iowa",America/Chicago,,,"tzbb-2026d area-majority; NWS c_16ap26 TIME_ZONE=C"
19097,IA,"Jackson",America/Chicago,,,"tzbb-2026d area-majority; NWS c_16ap26 TIME_ZONE=C"
19099,IA,"Jasper",America/Chicago,,,"tzbb-2026d area-majority; NWS c_16ap26 TIME_ZONE=C"
19101,IA,"Jefferson",America/Chicago,,,"tzbb-2026d area-majority; NWS c_16ap26 TIME_ZONE=C"
19103,IA,"Johnson",America/Chicago,,,"tzbb-2026d area-majority; NWS c_16ap26 TIME_ZONE=C"
19105,IA,"Jones",America/Chicago,,,"tzbb-2026d area-majority; NWS c_16ap26 TIME_ZONE=C"
19107,IA,"Keokuk",America/Chicago,,,"tzbb-2026d area-majority; NWS c_16ap26 TIME_ZONE=C"
19109,IA,"Kossuth",America/Chicago,,,"tzbb-2026d area-majority; NWS c_16ap26 TIME_ZONE=C"
19111,IA,"Lee",America/Chicago,,,"tzbb-2026d area-majority; NWS c_16ap26 TIME_ZONE=C"
19113,IA,"Linn",America/Chicago,,,"tzbb-2026d area-majority; NWS c_16ap26 TIME_ZONE=C"
19115,IA,"Louisa",America/Chicago,,,"tzbb-2026d area-majority; NWS c_16ap26 TIME_ZONE=C"
19117,IA,"Lucas",America/Chicago,,,"tzbb-2026d area-majority; NWS c_16ap26 TIME_ZONE=C"
19119,IA,"Lyon",America/Chicago,,,"tzbb-2026d area-majority; NWS c_16ap26 TIME_ZONE=C"
19121,IA,"Madison",America/Chicago,,,"tzbb-2026d area-majority; NWS c_16ap26 TIME_ZONE=C"
19123,IA,"Mahaska",America/Chicago,,,"tzbb-2026d area-majority; NWS c_16ap26 TIME_ZONE=C"
19125,IA,"Marion",America/Chicago,,,"tzbb-2026d area-majority; NWS c_16ap26 TIME_ZONE=C"
19127,IA,"Marshall",America/Chicago,,,"tzbb-2026d area-majority; NWS c_16ap26 TIME_ZONE=C"
19129,IA,"Mills",America/Chicago,,,"tzbb-2026d area-majority; NWS c_16ap26 TIME_ZONE=C"
19131,IA,"Mitchell",America/Chicago,,,"tzbb-2026d area-majority; NWS c_16ap26 TIME_ZONE=C"
19133,IA,"Monona",America/Chicago,,,"tzbb-2026d area-majority; NWS c_16ap26 TIME_ZONE=C"
19135,IA,"Monroe",America/Chicago,,,"tzbb-2026d area-majority; NWS c_16ap26 TIME_ZONE=C"
19137,IA,"Montgomery",America/Chicago,,,"tzbb-2026d area-majority; NWS c_16ap26 TIME_ZONE=C"
19139,IA,"Muscatine",America/Chicago,,,"tzbb-2026d area-majority; NWS c_16ap26 TIME_ZONE=C"
19141,IA,"O'Brien",America/Chicago,,,"tzbb-2026d area-majority; NWS c_16ap26 TIME_ZONE=C"
19143,IA,"Osceola",America/Chicago,,,"tzbb-2026d area-majority; NWS c_16ap26 TIME_ZONE=C"
19145,IA,"Page",America/Chicago,,,"tzbb-2026d area-majority; NWS c_16ap26 TIME_ZONE=C"
19147,IA,"Palo Alto",America/Chicago,,,"tzbb-2026d area-majority; NWS c_16ap26 TIME_ZONE=C"
19149,IA,"Plymouth",America/Chicago,,,"tzbb-2026d area-majority; NWS c_16ap26 TIME_ZONE=C"
19151,IA,"Pocahontas",America/Chicago,,,"tzbb-2026d area-majority; NWS c_16ap26 TIME_ZONE=C"
19153,IA,"Polk",America/Chicago,,,"tzbb-2026d area-majority; NWS c_16ap26 TIME_ZONE=C"
19155,IA,"Pottawattamie",America/Chicago,,,"tzbb-2026d area-majority; NWS c_16ap26 TIME_ZONE=C"
19157,IA,"Poweshiek",America/Chicago,,,"tzbb-2026d area-majority; NWS c_16ap26 TIME_ZONE=C"
19159,IA,"Ringgold",America/Chicago,,,"tzbb-2026d area-majority; NWS c_16ap26 TIME_ZONE=C"
19161,IA,"Sac",America/Chicago,,,"tzbb-2026d area-majority; NWS c_16ap26 TIME_ZONE=C"
19163,IA,"Scott",America/Chicago,,,"tzbb-2026d area-majority; NWS c_16ap26 TIME_ZONE=C"
19165,IA,"Shelby",America/Chicago,,,"tzbb-2026d area-majority; NWS c_16ap26 TIME_ZONE=C"
19167,IA,"Sioux",America/Chicago,,,"tzbb-2026d area-majority; NWS c_16ap26 TIME_ZONE=C"
19169,IA,"Story",America/Chicago,,,"tzbb-2026d area-majority; NWS c_16ap26 TIME_ZONE=C"
19171,IA,"Tama",America/Chicago,,,"tzbb-2026d area-majority; NWS c_16ap26 TIME_ZONE=C"
19173,IA,"Taylor",America/Chicago,,,"tzbb-2026d area-majority; NWS c_16ap26 TIME_ZONE=C"
19175,IA,"Union",America/Chicago,,,"tzbb-2026d area-majority; NWS c_16ap26 TIME_ZONE=C"
19177,IA,"Van Buren",America/Chicago,,,"tzbb-2026d area-majority; NWS c_16ap26 TIME_ZONE=C"
19179,IA,"Wapello",America/Chicago,,,"tzbb-2026d area-majority; NWS c_16ap26 TIME_ZONE=C"
19181,IA,"Warren",America/Chicago,,,"tzbb-2026d area-majority; NWS c_16ap26 TIME_ZONE=C"
19183,IA,"Washington",America/Chicago,,,"tzbb-2026d area-majority; NWS c_16ap26 TIME_ZONE=C"
19185,IA,"Wayne",America/Chicago,,,"tzbb-2026d area-majority; NWS c_16ap26 TIME_ZONE=C"
19187,IA,"Webster",America/Chicago,,,"tzbb-2026d area-majority; NWS c_16ap26 TIME_ZONE=C"
19189,IA,"Winnebago",America/Chicago,,,"tzbb-2026d area-majority; NWS c_16ap26 TIME_ZONE=C"
19191,IA,"Winneshiek",America/Chicago,,,"tzbb-2026d area-majority; NWS c_16ap26 TIME_ZONE=C"
19193,IA,"Woodbury",America/Chicago,,,"tzbb-2026d area-majority; NWS c_16ap26 TIME_ZONE=C"
19195,IA,"Worth",America/Chicago,,,"tzbb-2026d area-majority; NWS c_16ap26 TIME_ZONE=C"
19197,IA,"Wright",America/Chicago,,,"tzbb-2026d area-majority; NWS c_16ap26 TIME_ZONE=C"
20001,KS,"Allen",America/Chicago,,,"tzbb-2026d area-majority; NWS c_16ap26 TIME_ZONE=C"
20003,KS,"Anderson",America/Chicago,,,"tzbb-2026d area-majority; NWS c_16ap26 TIME_ZONE=C"
20005,KS,"Atchison",America/Chicago,,,"tzbb-2026d area-majority; NWS c_16ap26 TIME_ZONE=C"
20007,KS,"Barber",America/Chicago,,,"tzbb-2026d area-majority; NWS c_16ap26 TIME_ZONE=C"
20009,KS,"Barton",America/Chicago,,,"tzbb-2026d area-majority; NWS c_16ap26 TIME_ZONE=C"
20011,KS,"Bourbon",America/Chicago,,,"tzbb-2026d area-majority; NWS c_16ap26 TIME_ZONE=C"
20013,KS,"Brown",America/Chicago,,,"tzbb-2026d area-majority; NWS c_16ap26 TIME_ZONE=C"
20015,KS,"Butler",America/Chicago,,,"tzbb-2026d area-majority; NWS c_16ap26 TIME_ZONE=C"
20017,KS,"Chase",America/Chicago,,,"tzbb-2026d area-majority; NWS c_16ap26 TIME_ZONE=C"
20019,KS,"Chautauqua",America/Chicago,,,"tzbb-2026d area-majority; NWS c_16ap26 TIME_ZONE=C"
20021,KS,"Cherokee",America/Chicago,,,"tzbb-2026d area-majority; NWS c_16ap26 TIME_ZONE=C"
20023,KS,"Cheyenne",America/Chicago,,,"tzbb-2026d area-majority; NWS c_16ap26 TIME_ZONE=C"
20025,KS,"Clark",America/Chicago,,,"tzbb-2026d area-majority; NWS c_16ap26 TIME_ZONE=C"
20027,KS,"Clay",America/Chicago,,,"tzbb-2026d area-majority; NWS c_16ap26 TIME_ZONE=C"
20029,KS,"Cloud",America/Chicago,,,"tzbb-2026d area-majority; NWS c_16ap26 TIME_ZONE=C"
20031,KS,"Coffey",America/Chicago,,,"tzbb-2026d area-majority; NWS c_16ap26 TIME_ZONE=C"
20033,KS,"Comanche",America/Chicago,,,"tzbb-2026d area-majority; NWS c_16ap26 TIME_ZONE=C"
20035,KS,"Cowley",America/Chicago,,,"tzbb-2026d area-majority; NWS c_16ap26 TIME_ZONE=C"
20037,KS,"Crawford",America/Chicago,,,"tzbb-2026d area-majority; NWS c_16ap26 TIME_ZONE=C"
20039,KS,"Decatur",America/Chicago,,,"tzbb-2026d area-majority; NWS c_16ap26 TIME_ZONE=C"
20041,KS,"Dickinson",America/Chicago,,,"tzbb-2026d area-majority; NWS c_16ap26 TIME_ZONE=C"
20043,KS,"Doniphan",America/Chicago,,,"tzbb-2026d area-majority; NWS c_16ap26 TIME_ZONE=C"
20045,KS,"Douglas",America/Chicago,,,"tzbb-2026d area-majority; NWS c_16ap26 TIME_ZONE=C"
20047,KS,"Edwards",America/Chicago,,,"tzbb-2026d area-majority; NWS c_16ap26 TIME_ZONE=C"
20049,KS,"Elk",America/Chicago,,,"tzbb-2026d area-majority; NWS c_16ap26 TIME_ZONE=C"
20051,KS,"Ellis",America/Chicago,,,"tzbb-2026d area-majority; NWS c_16ap26 TIME_ZONE=C"
20053,KS,"Ellsworth",America/Chicago,,,"tzbb-2026d area-majority; NWS c_16ap26 TIME_ZONE=C"
20055,KS,"Finney",America/Chicago,,,"tzbb-2026d area-majority; NWS c_16ap26 TIME_ZONE=C"
20057,KS,"Ford",America/Chicago,,,"tzbb-2026d area-majority; NWS c_16ap26 TIME_ZONE=C"
20059,KS,"Franklin",America/Chicago,,,"tzbb-2026d area-majority; NWS c_16ap26 TIME_ZONE=C"
20061,KS,"Geary",America/Chicago,,,"tzbb-2026d area-majority; NWS c_16ap26 TIME_ZONE=C"
20063,KS,"Gove",America/Chicago,,,"tzbb-2026d area-majority; NWS c_16ap26 TIME_ZONE=C"
20065,KS,"Graham",America/Chicago,,,"tzbb-2026d area-majority; NWS c_16ap26 TIME_ZONE=C"
20067,KS,"Grant",America/Chicago,,,"tzbb-2026d area-majority; NWS c_16ap26 TIME_ZONE=C"
20069,KS,"Gray",America/Chicago,,,"tzbb-2026d area-majority; NWS c_16ap26 TIME_ZONE=C"
20071,KS,"Greeley",America/Denver,,,"tzbb-2026d area-majority; NWS c_16ap26 TIME_ZONE=M"
20073,KS,"Greenwood",America/Chicago,,,"tzbb-2026d area-majority; NWS c_16ap26 TIME_ZONE=C"
20075,KS,"Hamilton",America/Denver,,,"tzbb-2026d area-majority; NWS c_16ap26 TIME_ZONE=M"
20077,KS,"Harper",America/Chicago,,,"tzbb-2026d area-majority; NWS c_16ap26 TIME_ZONE=C"
20079,KS,"Harvey",America/Chicago,,,"tzbb-2026d area-majority; NWS c_16ap26 TIME_ZONE=C"
20081,KS,"Haskell",America/Chicago,,,"tzbb-2026d area-majority; NWS c_16ap26 TIME_ZONE=C"
20083,KS,"Hodgeman",America/Chicago,,,"tzbb-2026d area-majority; NWS c_16ap26 TIME_ZONE=C"
20085,KS,"Jackson",America/Chicago,,,"tzbb-2026d area-majority; NWS c_16ap26 TIME_ZONE=C"
20087,KS,"Jefferson",America/Chicago,,,"tzbb-2026d area-majority; NWS c_16ap26 TIME_ZONE=C"
20089,KS,"Jewell",America/Chicago,,,"tzbb-2026d area-majority; NWS c_16ap26 TIME_ZONE=C"
20091,KS,"Johnson",America/Chicago,,,"tzbb-2026d area-majority; NWS c_16ap26 TIME_ZONE=C"
20093,KS,"Kearny",America/Chicago,,,"tzbb-2026d area-majority; NWS c_16ap26 TIME_ZONE=C"
20095,KS,"Kingman",America/Chicago,,,"tzbb-2026d area-majority; NWS c_16ap26 TIME_ZONE=C"
20097,KS,"Kiowa",America/Chicago,,,"tzbb-2026d area-majority; NWS c_16ap26 TIME_ZONE=C"
20099,KS,"Labette",America/Chicago,,,"tzbb-2026d area-majority; NWS c_16ap26 TIME_ZONE=C"
20101,KS,"Lane",America/Chicago,,,"tzbb-2026d area-majority; NWS c_16ap26 TIME_ZONE=C"
20103,KS,"Leavenworth",America/Chicago,,,"tzbb-2026d area-majority; NWS c_16ap26 TIME_ZONE=C"
20105,KS,"Lincoln",America/Chicago,,,"tzbb-2026d area-majority; NWS c_16ap26 TIME_ZONE=C"
20107,KS,"Linn",America/Chicago,,,"tzbb-2026d area-majority; NWS c_16ap26 TIME_ZONE=C"
20109,KS,"Logan",America/Chicago,,,"tzbb-2026d area-majority; NWS c_16ap26 TIME_ZONE=C"
20111,KS,"Lyon",America/Chicago,,,"tzbb-2026d area-majority; NWS c_16ap26 TIME_ZONE=C"
20113,KS,"McPherson",America/Chicago,,,"tzbb-2026d area-majority; NWS c_16ap26 TIME_ZONE=C"
20115,KS,"Marion",America/Chicago,,,"tzbb-2026d area-majority; NWS c_16ap26 TIME_ZONE=C"
20117,KS,"Marshall",America/Chicago,,,"tzbb-2026d area-majority; NWS c_16ap26 TIME_ZONE=C"
20119,KS,"Meade",America/Chicago,,,"tzbb-2026d area-majority; NWS c_16ap26 TIME_ZONE=C"
20121,KS,"Miami",America/Chicago,,,"tzbb-2026d area-majority; NWS c_16ap26 TIME_ZONE=C"
20123,KS,"Mitchell",America/Chicago,,,"tzbb-2026d area-majority; NWS c_16ap26 TIME_ZONE=C"
20125,KS,"Montgomery",America/Chicago,,,"tzbb-2026d area-majority; NWS c_16ap26 TIME_ZONE=C"
20127,KS,"Morris",America/Chicago,,,"tzbb-2026d area-majority; NWS c_16ap26 TIME_ZONE=C"
20129,KS,"Morton",America/Chicago,,,"tzbb-2026d area-majority; NWS c_16ap26 TIME_ZONE=C"
20131,KS,"Nemaha",America/Chicago,,,"tzbb-2026d area-majority; NWS c_16ap26 TIME_ZONE=C"
20133,KS,"Neosho",America/Chicago,,,"tzbb-2026d area-majority; NWS c_16ap26 TIME_ZONE=C"
20135,KS,"Ness",America/Chicago,,,"tzbb-2026d area-majority; NWS c_16ap26 TIME_ZONE=C"
20137,KS,"Norton",America/Chicago,,,"tzbb-2026d area-majority; NWS c_16ap26 TIME_ZONE=C"
20139,KS,"Osage",America/Chicago,,,"tzbb-2026d area-majority; NWS c_16ap26 TIME_ZONE=C"
20141,KS,"Osborne",America/Chicago,,,"tzbb-2026d area-majority; NWS c_16ap26 TIME_ZONE=C"
20143,KS,"Ottawa",America/Chicago,,,"tzbb-2026d area-majority; NWS c_16ap26 TIME_ZONE=C"
20145,KS,"Pawnee",America/Chicago,,,"tzbb-2026d area-majority; NWS c_16ap26 TIME_ZONE=C"
20147,KS,"Phillips",America/Chicago,,,"tzbb-2026d area-majority; NWS c_16ap26 TIME_ZONE=C"
20149,KS,"Pottawatomie",America/Chicago,,,"tzbb-2026d area-majority; NWS c_16ap26 TIME_ZONE=C"
20151,KS,"Pratt",America/Chicago,,,"tzbb-2026d area-majority; NWS c_16ap26 TIME_ZONE=C"
20153,KS,"Rawlins",America/Chicago,,,"tzbb-2026d area-majority; NWS c_16ap26 TIME_ZONE=C"
20155,KS,"Reno",America/Chicago,,,"tzbb-2026d area-majority; NWS c_16ap26 TIME_ZONE=C"
20157,KS,"Republic",America/Chicago,,,"tzbb-2026d area-majority; NWS c_16ap26 TIME_ZONE=C"
20159,KS,"Rice",America/Chicago,,,"tzbb-2026d area-majority; NWS c_16ap26 TIME_ZONE=C"
20161,KS,"Riley",America/Chicago,,,"tzbb-2026d area-majority; NWS c_16ap26 TIME_ZONE=C"
20163,KS,"Rooks",America/Chicago,,,"tzbb-2026d area-majority; NWS c_16ap26 TIME_ZONE=C"
20165,KS,"Rush",America/Chicago,,,"tzbb-2026d area-majority; NWS c_16ap26 TIME_ZONE=C"
20167,KS,"Russell",America/Chicago,,,"tzbb-2026d area-majority; NWS c_16ap26 TIME_ZONE=C"
20169,KS,"Saline",America/Chicago,,,"tzbb-2026d area-majority; NWS c_16ap26 TIME_ZONE=C"
20171,KS,"Scott",America/Chicago,,,"tzbb-2026d area-majority; NWS c_16ap26 TIME_ZONE=C"
20173,KS,"Sedgwick",America/Chicago,,,"tzbb-2026d area-majority; NWS c_16ap26 TIME_ZONE=C"
20175,KS,"Seward",America/Chicago,,,"tzbb-2026d area-majority; NWS c_16ap26 TIME_ZONE=C"
20177,KS,"Shawnee",America/Chicago,,,"tzbb-2026d area-majority; NWS c_16ap26 TIME_ZONE=C"
20179,KS,"Sheridan",America/Chicago,,,"tzbb-2026d area-majority; NWS c_16ap26 TIME_ZONE=C"
20181,KS,"Sherman",America/Denver,,,"tzbb-2026d area-majority; NWS c_16ap26 TIME_ZONE=M"
20183,KS,"Smith",America/Chicago,,,"tzbb-2026d area-majority; NWS c_16ap26 TIME_ZONE=C"
20185,KS,"Stafford",America/Chicago,,,"tzbb-2026d area-majority; NWS c_16ap26 TIME_ZONE=C"
20187,KS,"Stanton",America/Chicago,,,"tzbb-2026d area-majority; NWS c_16ap26 TIME_ZONE=C"
20189,KS,"Stevens",America/Chicago,,,"tzbb-2026d area-majority; NWS c_16ap26 TIME_ZONE=C"
20191,KS,"Sumner",America/Chicago,,,"tzbb-2026d area-majority; NWS c_16ap26 TIME_ZONE=C"
20193,KS,"Thomas",America/Chicago,,,"tzbb-2026d area-majority; NWS c_16ap26 TIME_ZONE=C"
20195,KS,"Trego",America/Chicago,,,"tzbb-2026d area-majority; NWS c_16ap26 TIME_ZONE=C"
20197,KS,"Wabaunsee",America/Chicago,,,"tzbb-2026d area-majority; NWS c_16ap26 TIME_ZONE=C"
20199,KS,"Wallace",America/Denver,,,"tzbb-2026d area-majority; NWS c_16ap26 TIME_ZONE=M"
20201,KS,"Washington",America/Chicago,,,"tzbb-2026d area-majority; NWS c_16ap26 TIME_ZONE=C"
20203,KS,"Wichita",America/Chicago,,,"tzbb-2026d area-majority; NWS c_16ap26 TIME_ZONE=C"
20205,KS,"Wilson",America/Chicago,,,"tzbb-2026d area-majority; NWS c_16ap26 TIME_ZONE=C"
20207,KS,"Woodson",America/Chicago,,,"tzbb-2026d area-majority; NWS c_16ap26 TIME_ZONE=C"
20209,KS,"Wyandotte",America/Chicago,,,"tzbb-2026d area-majority; NWS c_16ap26 TIME_ZONE=C"
21001,KY,"Adair",America/Chicago,,,"tzbb-2026d area-majority; NWS c_16ap26 TIME_ZONE=C"
21003,KY,"Allen",America/Chicago,,,"tzbb-2026d area-majority; NWS c_16ap26 TIME_ZONE=C"
21005,KY,"Anderson",America/New_York,,,"tzbb-2026d area-majority; NWS c_16ap26 TIME_ZONE=E"
21007,KY,"Ballard",America/Chicago,,,"tzbb-2026d area-majority; NWS c_16ap26 TIME_ZONE=C"
21009,KY,"Barren",America/Chicago,,,"tzbb-2026d area-majority; NWS c_16ap26 TIME_ZONE=C"
21011,KY,"Bath",America/New_York,,,"tzbb-2026d area-majority; NWS c_16ap26 TIME_ZONE=E"
21013,KY,"Bell",America/New_York,,,"tzbb-2026d area-majority; NWS c_16ap26 TIME_ZONE=E"
21015,KY,"Boone",America/New_York,,,"tzbb-2026d area-majority; NWS c_16ap26 TIME_ZONE=E"
21017,KY,"Bourbon",America/New_York,,,"tzbb-2026d area-majority; NWS c_16ap26 TIME_ZONE=E"
21019,KY,"Boyd",America/New_York,,,"tzbb-2026d area-majority; NWS c_16ap26 TIME_ZONE=E"
21021,KY,"Boyle",America/New_York,,,"tzbb-2026d area-majority; NWS c_16ap26 TIME_ZONE=E"
21023,KY,"Bracken",America/New_York,,,"tzbb-2026d area-majority; NWS c_16ap26 TIME_ZONE=E"
21025,KY,"Breathitt",America/New_York,,,"tzbb-2026d area-majority; NWS c_16ap26 TIME_ZONE=E"
21027,KY,"Breckinridge",America/Chicago,,,"tzbb-2026d area-majority; NWS c_16ap26 TIME_ZONE=C"
21029,KY,"Bullitt",America/New_York,,,"tzbb-2026d area-majority; NWS c_16ap26 TIME_ZONE=E"
21031,KY,"Butler",America/Chicago,,,"tzbb-2026d area-majority; NWS c_16ap26 TIME_ZONE=C"
21033,KY,"Caldwell",America/Chicago,,,"tzbb-2026d area-majority; NWS c_16ap26 TIME_ZONE=C"
21035,KY,"Calloway",America/Chicago,,,"tzbb-2026d area-majority; NWS c_16ap26 TIME_ZONE=C"
21037,KY,"Campbell",America/New_York,,,"tzbb-2026d area-majority; NWS c_16ap26 TIME_ZONE=E"
21039,KY,"Carlisle",America/Chicago,,,"tzbb-2026d area-majority; NWS c_16ap26 TIME_ZONE=C"
21041,KY,"Carroll",America/New_York,,,"tzbb-2026d area-majority; NWS c_16ap26 TIME_ZONE=E"
21043,KY,"Carter",America/New_York,,,"tzbb-2026d area-majority; NWS c_16ap26 TIME_ZONE=E"
21045,KY,"Casey",America/New_York,,,"tzbb-2026d area-majority; NWS c_16ap26 TIME_ZONE=E"
21047,KY,"Christian",America/Chicago,,,"tzbb-2026d area-majority; NWS c_16ap26 TIME_ZONE=C"
21049,KY,"Clark",America/New_York,,,"tzbb-2026d area-majority; NWS c_16ap26 TIME_ZONE=E"
21051,KY,"Clay",America/New_York,,,"tzbb-2026d area-majority; NWS c_16ap26 TIME_ZONE=E"
21053,KY,"Clinton",America/Chicago,,,"tzbb-2026d area-majority; NWS c_16ap26 TIME_ZONE=C"
21055,KY,"Crittenden",America/Chicago,,,"tzbb-2026d area-majority; NWS c_16ap26 TIME_ZONE=C"
21057,KY,"Cumberland",America/Chicago,,,"tzbb-2026d area-majority; NWS c_16ap26 TIME_ZONE=C"
21059,KY,"Daviess",America/Chicago,,,"tzbb-2026d area-majority; NWS c_16ap26 TIME_ZONE=C"
21061,KY,"Edmonson",America/Chicago,,,"tzbb-2026d area-majority; NWS c_16ap26 TIME_ZONE=C"
21063,KY,"Elliott",America/New_York,,,"tzbb-2026d area-majority; NWS c_16ap26 TIME_ZONE=E"
21065,KY,"Estill",America/New_York,,,"tzbb-2026d area-majority; NWS c_16ap26 TIME_ZONE=E"
21067,KY,"Fayette",America/New_York,,,"tzbb-2026d area-majority; NWS c_16ap26 TIME_ZONE=E"
21069,KY,"Fleming",America/New_York,,,"tzbb-2026d area-majority; NWS c_16ap26 TIME_ZONE=E"
21071,KY,"Floyd",America/New_York,,,"tzbb-2026d area-majority; NWS c_16ap26 TIME_ZONE=E"
21073,KY,"Franklin",America/New_York,,,"tzbb-2026d area-majority; NWS c_16ap26 TIME_ZONE=E"
21075,KY,"Fulton",America/Chicago,,,"tzbb-2026d area-majority; NWS c_16ap26 TIME_ZONE=C"
21077,KY,"Gallatin",America/New_York,,,"tzbb-2026d area-majority; NWS c_16ap26 TIME_ZONE=E"
21079,KY,"Garrard",America/New_York,,,"tzbb-2026d area-majority; NWS c_16ap26 TIME_ZONE=E"
21081,KY,"Grant",America/New_York,,,"tzbb-2026d area-majority; NWS c_16ap26 TIME_ZONE=E"
21083,KY,"Graves",America/Chicago,,,"tzbb-2026d area-majority; NWS c_16ap26 TIME_ZONE=C"
21085,KY,"Grayson",America/Chicago,,,"tzbb-2026d area-majority; NWS c_16ap26 TIME_ZONE=C"
21087,KY,"Green",America/Chicago,,,"tzbb-2026d area-majority; NWS c_16ap26 TIME_ZONE=C"
21089,KY,"Greenup",America/New_York,,,"tzbb-2026d area-majority; NWS c_16ap26 TIME_ZONE=E"
21091,KY,"Hancock",America/Chicago,,,"tzbb-2026d area-majority; NWS c_16ap26 TIME_ZONE=C"
21093,KY,"Hardin",America/New_York,,,"tzbb-2026d area-majority; NWS c_16ap26 TIME_ZONE=E"
21095,KY,"Harlan",America/New_York,,,"tzbb-2026d area-majority; NWS c_16ap26 TIME_ZONE=E"
21097,KY,"Harrison",America/New_York,,,"tzbb-2026d area-majority; NWS c_16ap26 TIME_ZONE=E"
21099,KY,"Hart",America/Chicago,,,"tzbb-2026d area-majority; NWS c_16ap26 TIME_ZONE=C"
21101,KY,"Henderson",America/Chicago,,,"tzbb-2026d area-majority; NWS c_16ap26 TIME_ZONE=C"
21103,KY,"Henry",America/New_York,,,"tzbb-2026d area-majority; NWS c_16ap26 TIME_ZONE=E"
21105,KY,"Hickman",America/Chicago,,,"tzbb-2026d area-majority; NWS c_16ap26 TIME_ZONE=C"
21107,KY,"Hopkins",America/Chicago,,,"tzbb-2026d area-majority; NWS c_16ap26 TIME_ZONE=C"
21109,KY,"Jackson",America/New_York,,,"tzbb-2026d area-majority; NWS c_16ap26 TIME_ZONE=E"
21111,KY,"Jefferson",America/Kentucky/Louisville,,,"tzbb-2026d area-majority; NWS c_16ap26 TIME_ZONE=E"
21113,KY,"Jessamine",America/New_York,,,"tzbb-2026d area-majority; NWS c_16ap26 TIME_ZONE=E"
21115,KY,"Johnson",America/New_York,,,"tzbb-2026d area-majority; NWS c_16ap26 TIME_ZONE=E"
21117,KY,"Kenton",America/New_York,,,"tzbb-2026d area-majority; NWS c_16ap26 TIME_ZONE=E"
21119,KY,"Knott",America/New_York,,,"tzbb-2026d area-majority; NWS c_16ap26 TIME_ZONE=E"
21121,KY,"Knox",America/New_York,,,"tzbb-2026d area-majority; NWS c_16ap26 TIME_ZONE=E"
21123,KY,"Larue",America/New_York,,,"tzbb-2026d area-majority; NWS c_16ap26 TIME_ZONE=E"
21125,KY,"Laurel",America/New_York,,,"tzbb-2026d area-majority; NWS c_16ap26 TIME_ZONE=E"
21127,KY,"Lawrence",America/New_York,,,"tzbb-2026d area-majority; NWS c_16ap26 TIME_ZONE=E"
21129,KY,"Lee",America/New_York,,,"tzbb-2026d area-majority; NWS c_16ap26 TIME_ZONE=E"
21131,KY,"Leslie",America/New_York,,,"tzbb-2026d area-majority; NWS c_16ap26 TIME_ZONE=E"
21133,KY,"Letcher",America/New_York,,,"tzbb-2026d area-majority; NWS c_16ap26 TIME_ZONE=E"
21135,KY,"Lewis",America/New_York,,,"tzbb-2026d area-majority; NWS c_16ap26 TIME_ZONE=E"
21137,KY,"Lincoln",America/New_York,,,"tzbb-2026d area-majority; NWS c_16ap26 TIME_ZONE=E"
21139,KY,"Livingston",America/Chicago,,,"tzbb-2026d area-majority; NWS c_16ap26 TIME_ZONE=C"
21141,KY,"Logan",America/Chicago,,,"tzbb-2026d area-majority; NWS c_16ap26 TIME_ZONE=C"
21143,KY,"Lyon",America/Chicago,,,"tzbb-2026d area-majority; NWS c_16ap26 TIME_ZONE=C"
21145,KY,"McCracken",America/Chicago,,,"tzbb-2026d area-majority; NWS c_16ap26 TIME_ZONE=C"
21147,KY,"McCreary",America/New_York,,,"tzbb-2026d area-majority; NWS c_16ap26 TIME_ZONE=E"
21149,KY,"McLean",America/Chicago,,,"tzbb-2026d area-majority; NWS c_16ap26 TIME_ZONE=C"
21151,KY,"Madison",America/New_York,,,"tzbb-2026d area-majority; NWS c_16ap26 TIME_ZONE=E"
21153,KY,"Magoffin",America/New_York,,,"tzbb-2026d area-majority; NWS c_16ap26 TIME_ZONE=E"
21155,KY,"Marion",America/New_York,,,"tzbb-2026d area-majority; NWS c_16ap26 TIME_ZONE=E"
21157,KY,"Marshall",America/Chicago,,,"tzbb-2026d area-majority; NWS c_16ap26 TIME_ZONE=C"
21159,KY,"Martin",America/New_York,,,"tzbb-2026d area-majority; NWS c_16ap26 TIME_ZONE=E"
21161,KY,"Mason",America/New_York,,,"tzbb-2026d area-majority; NWS c_16ap26 TIME_ZONE=E"
21163,KY,"Meade",America/New_York,,,"tzbb-2026d area-majority; NWS c_16ap26 TIME_ZONE=E"
21165,KY,"Menifee",America/New_York,,,"tzbb-2026d area-majority; NWS c_16ap26 TIME_ZONE=E"
21167,KY,"Mercer",America/New_York,,,"tzbb-2026d area-majority; NWS c_16ap26 TIME_ZONE=E"
21169,KY,"Metcalfe",America/Chicago,,,"tzbb-2026d area-majority; NWS c_16ap26 TIME_ZONE=C"
21171,KY,"Monroe",America/Chicago,,,"tzbb-2026d area-majority; NWS c_16ap26 TIME_ZONE=C"
21173,KY,"Montgomery",America/New_York,,,"tzbb-2026d area-majority; NWS c_16ap26 TIME_ZONE=E"
21175,KY,"Morgan",America/New_York,,,"tzbb-2026d area-majority; NWS c_16ap26 TIME_ZONE=E"
21177,KY,"Muhlenberg",America/Chicago,,,"tzbb-2026d area-majority; NWS c_16ap26 TIME_ZONE=C"
21179,KY,"Nelson",America/New_York,,,"tzbb-2026d area-majority; NWS c_16ap26 TIME_ZONE=E"
21181,KY,"Nicholas",America/New_York,,,"tzbb-2026d area-majority; NWS c_16ap26 TIME_ZONE=E"
21183,KY,"Ohio",America/Chicago,,,"tzbb-2026d area-majority; NWS c_16ap26 TIME_ZONE=C"
21185,KY,"Oldham",America/New_York,,,"tzbb-2026d area-majority; NWS c_16ap26 TIME_ZONE=E"
21187,KY,"Owen",America/New_York,,,"tzbb-2026d area-majority; NWS c_16ap26 TIME_ZONE=E"
21189,KY,"Owsley",America/New_York,,,"tzbb-2026d area-majority; NWS c_16ap26 TIME_ZONE=E"
21191,KY,"Pendleton",America/New_York,,,"tzbb-2026d area-majority; NWS c_16ap26 TIME_ZONE=E"
21193,KY,"Perry",America/New_York,,,"tzbb-2026d area-majority; NWS c_16ap26 TIME_ZONE=E"
21195,KY,"Pike",America/New_York,,,"tzbb-2026d area-majority; NWS c_16ap26 TIME_ZONE=E"
21197,KY,"Powell",America/New_York,,,"tzbb-2026d area-majority; NWS c_16ap26 TIME_ZONE=E"
21199,KY,"Pulaski",America/New_York,,,"tzbb-2026d area-majority; NWS c_16ap26 TIME_ZONE=E"
21201,KY,"Robertson",America/New_York,,,"tzbb-2026d area-majority; NWS c_16ap26 TIME_ZONE=E"
21203,KY,"Rockcastle",America/New_York,,,"tzbb-2026d area-majority; NWS c_16ap26 TIME_ZONE=E"
21205,KY,"Rowan",America/New_York,,,"tzbb-2026d area-majority; NWS c_16ap26 TIME_ZONE=E"
21207,KY,"Russell",America/Chicago,,,"tzbb-2026d area-majority; NWS c_16ap26 TIME_ZONE=C"
21209,KY,"Scott",America/New_York,,,"tzbb-2026d area-majority; NWS c_16ap26 TIME_ZONE=E"
21211,KY,"Shelby",America/New_York,,,"tzbb-2026d area-majority; NWS c_16ap26 TIME_ZONE=E"
21213,KY,"Simpson",America/Chicago,,,"tzbb-2026d area-majority; NWS c_16ap26 TIME_ZONE=C"
21215,KY,"Spencer",America/New_York,,,"tzbb-2026d area-majority; NWS c_16ap26 TIME_ZONE=E"
21217,KY,"Taylor",America/New_York,,,"tzbb-2026d area-majority; NWS c_16ap26 TIME_ZONE=E"
21219,KY,"Todd",America/Chicago,,,"tzbb-2026d area-majority; NWS c_16ap26 TIME_ZONE=C"
21221,KY,"Trigg",America/Chicago,,,"tzbb-2026d area-majority; NWS c_16ap26 TIME_ZONE=C"
21223,KY,"Trimble",America/New_York,,,"tzbb-2026d area-majority; NWS c_16ap26 TIME_ZONE=E"
21225,KY,"Union",America/Chicago,,,"tzbb-2026d area-majority; NWS c_16ap26 TIME_ZONE=C"
21227,KY,"Warren",America/Chicago,,,"tzbb-2026d area-majority; NWS c_16ap26 TIME_ZONE=C"
21229,KY,"Washington",America/New_York,,,"tzbb-2026d area-majority; NWS c_16ap26 TIME_ZONE=E"
21231,KY,"Wayne",America/Kentucky/Monticello,,,"tzbb-2026d area-majority; NWS c_16ap26 TIME_ZONE=E"
21233,KY,"Webster",America/Chicago,,,"tzbb-2026d area-majority; NWS c_16ap26 TIME_ZONE=C"
21235,KY,"Whitley",America/New_York,,,"tzbb-2026d area-majority; NWS c_16ap26 TIME_ZONE=E"
21237,KY,"Wolfe",America/New_York,,,"tzbb-2026d area-majority; NWS c_16ap26 TIME_ZONE=E"
21239,KY,"Woodford",America/New_York,,,"tzbb-2026d area-majority; NWS c_16ap26 TIME_ZONE=E"
22001,LA,"Acadia",America/Chicago,,,"tzbb-2026d area-majority; NWS c_16ap26 TIME_ZONE=C"
22003,LA,"Allen",America/Chicago,,,"tzbb-2026d area-majority; NWS c_16ap26 TIME_ZONE=C"
22005,LA,"Ascension",America/Chicago,,,"tzbb-2026d area-majority; NWS c_16ap26 TIME_ZONE=C"
22007,LA,"Assumption",America/Chicago,,,"tzbb-2026d area-majority; NWS c_16ap26 TIME_ZONE=C"
22009,LA,"Avoyelles",America/Chicago,,,"tzbb-2026d area-majority; NWS c_16ap26 TIME_ZONE=C"
22011,LA,"Beauregard",America/Chicago,,,"tzbb-2026d area-majority; NWS c_16ap26 TIME_ZONE=C"
22013,LA,"Bienville",America/Chicago,,,"tzbb-2026d area-majority; NWS c_16ap26 TIME_ZONE=C"
22015,LA,"Bossier",America/Chicago,,,"tzbb-2026d area-majority; NWS c_16ap26 TIME_ZONE=C"
22017,LA,"Caddo",America/Chicago,,,"tzbb-2026d area-majority; NWS c_16ap26 TIME_ZONE=C"
22019,LA,"Calcasieu",America/Chicago,,,"tzbb-2026d area-majority; NWS c_16ap26 TIME_ZONE=C"
22021,LA,"Caldwell",America/Chicago,,,"tzbb-2026d area-majority; NWS c_16ap26 TIME_ZONE=C"
22023,LA,"Cameron",America/Chicago,,,"tzbb-2026d area-majority; NWS c_16ap26 TIME_ZONE=C"
22025,LA,"Catahoula",America/Chicago,,,"tzbb-2026d area-majority; NWS c_16ap26 TIME_ZONE=C"
22027,LA,"Claiborne",America/Chicago,,,"tzbb-2026d area-majority; NWS c_16ap26 TIME_ZONE=C"
22029,LA,"Concordia",America/Chicago,,,"tzbb-2026d area-majority; NWS c_16ap26 TIME_ZONE=C"
22031,LA,"De Soto",America/Chicago,,,"tzbb-2026d area-majority; NWS c_16ap26 TIME_ZONE=C"
22033,LA,"East Baton Rouge",America/Chicago,,,"tzbb-2026d area-majority; NWS c_16ap26 TIME_ZONE=C"
22035,LA,"East Carroll",America/Chicago,,,"tzbb-2026d area-majority; NWS c_16ap26 TIME_ZONE=C"
22037,LA,"East Feliciana",America/Chicago,,,"tzbb-2026d area-majority; NWS c_16ap26 TIME_ZONE=C"
22039,LA,"Evangeline",America/Chicago,,,"tzbb-2026d area-majority; NWS c_16ap26 TIME_ZONE=C"
22041,LA,"Franklin",America/Chicago,,,"tzbb-2026d area-majority; NWS c_16ap26 TIME_ZONE=C"
22043,LA,"Grant",America/Chicago,,,"tzbb-2026d area-majority; NWS c_16ap26 TIME_ZONE=C"
22045,LA,"Iberia",America/Chicago,,,"tzbb-2026d area-majority; NWS c_16ap26 TIME_ZONE=C"
22047,LA,"Iberville",America/Chicago,,,"tzbb-2026d area-majority; NWS c_16ap26 TIME_ZONE=C"
22049,LA,"Jackson",America/Chicago,,,"tzbb-2026d area-majority; NWS c_16ap26 TIME_ZONE=C"
22051,LA,"Jefferson",America/Chicago,,,"tzbb-2026d area-majority; NWS c_16ap26 TIME_ZONE=C"
22053,LA,"Jefferson Davis",America/Chicago,,,"tzbb-2026d area-majority; NWS c_16ap26 TIME_ZONE=C"
22055,LA,"Lafayette",America/Chicago,,,"tzbb-2026d area-majority; NWS c_16ap26 TIME_ZONE=C"
22057,LA,"Lafourche",America/Chicago,,,"tzbb-2026d area-majority; NWS c_16ap26 TIME_ZONE=C"
22059,LA,"La Salle",America/Chicago,,,"tzbb-2026d area-majority; NWS c_16ap26 TIME_ZONE=C"
22061,LA,"Lincoln",America/Chicago,,,"tzbb-2026d area-majority; NWS c_16ap26 TIME_ZONE=C"
22063,LA,"Livingston",America/Chicago,,,"tzbb-2026d area-majority; NWS c_16ap26 TIME_ZONE=C"
22065,LA,"Madison",America/Chicago,,,"tzbb-2026d area-majority; NWS c_16ap26 TIME_ZONE=C"
22067,LA,"Morehouse",America/Chicago,,,"tzbb-2026d area-majority; NWS c_16ap26 TIME_ZONE=C"
22069,LA,"Natchitoches",America/Chicago,,,"tzbb-2026d area-majority; NWS c_16ap26 TIME_ZONE=C"
22071,LA,"Orleans",America/Chicago,,,"tzbb-2026d area-majority; NWS c_16ap26 TIME_ZONE=C"
22073,LA,"Ouachita",America/Chicago,,,"tzbb-2026d area-majority; NWS c_16ap26 TIME_ZONE=C"
22075,LA,"Plaquemines",America/Chicago,,,"tzbb-2026d area-majority; NWS c_16ap26 TIME_ZONE=C"
22077,LA,"Pointe Coupee",America/Chicago,,,"tzbb-2026d area-majority; NWS c_16ap26 TIME_ZONE=C"
22079,LA,"Rapides",America/Chicago,,,"tzbb-2026d area-majority; NWS c_16ap26 TIME_ZONE=C"
22081,LA,"Red River",America/Chicago,,,"tzbb-2026d area-majority; NWS c_16ap26 TIME_ZONE=C"
22083,LA,"Richland",America/Chicago,,,"tzbb-2026d area-majority; NWS c_16ap26 TIME_ZONE=C"
22085,LA,"Sabine",America/Chicago,,,"tzbb-2026d area-majority; NWS c_16ap26 TIME_ZONE=C"
22087,LA,"St. Bernard",America/Chicago,,,"tzbb-2026d area-majority; NWS c_16ap26 TIME_ZONE=C"
22089,LA,"St. Charles",America/Chicago,,,"tzbb-2026d area-majority; NWS c_16ap26 TIME_ZONE=C"
22091,LA,"St. Helena",America/Chicago,,,"tzbb-2026d area-majority; NWS c_16ap26 TIME_ZONE=C"
22093,LA,"St. James",America/Chicago,,,"tzbb-2026d area-majority; NWS c_16ap26 TIME_ZONE=C"
22095,LA,"St. John The Baptist",America/Chicago,,,"tzbb-2026d area-majority; NWS c_16ap26 TIME_ZONE=C"
22097,LA,"St. Landry",America/Chicago,,,"tzbb-2026d area-majority; NWS c_16ap26 TIME_ZONE=C"
22099,LA,"St. Martin",America/Chicago,,,"tzbb-2026d area-majority; NWS c_16ap26 TIME_ZONE=C"
22101,LA,"St. Mary",America/Chicago,,,"tzbb-2026d area-majority; NWS c_16ap26 TIME_ZONE=C"
22103,LA,"St. Tammany",America/Chicago,,,"tzbb-2026d area-majority; NWS c_16ap26 TIME_ZONE=C"
22105,LA,"Tangipahoa",America/Chicago,,,"tzbb-2026d area-majority; NWS c_16ap26 TIME_ZONE=C"
22107,LA,"Tensas",America/Chicago,,,"tzbb-2026d area-majority; NWS c_16ap26 TIME_ZONE=C"
22109,LA,"Terrebonne",America/Chicago,,,"tzbb-2026d area-majority; NWS c_16ap26 TIME_ZONE=C"
22111,LA,"Union",America/Chicago,,,"tzbb-2026d area-majority; NWS c_16ap26 TIME_ZONE=C"
22113,LA,"Vermilion",America/Chicago,,,"tzbb-2026d area-majority; NWS c_16ap26 TIME_ZONE=C"
22115,LA,"Vernon",America/Chicago,,,"tzbb-2026d area-majority; NWS c_16ap26 TIME_ZONE=C"
22117,LA,"Washington",America/Chicago,,,"tzbb-2026d area-majority; NWS c_16ap26 TIME_ZONE=C"
22119,LA,"Webster",America/Chicago,,,"tzbb-2026d area-majority; NWS c_16ap26 TIME_ZONE=C"
22121,LA,"West Baton Rouge",America/Chicago,,,"tzbb-2026d area-majority; NWS c_16ap26 TIME_ZONE=C"
22123,LA,"West Carroll",America/Chicago,,,"tzbb-2026d area-majority; NWS c_16ap26 TIME_ZONE=C"
22125,LA,"West Feliciana",America/Chicago,,,"tzbb-2026d area-majority; NWS c_16ap26 TIME_ZONE=C"
22127,LA,"Winn",America/Chicago,,,"tzbb-2026d area-majority; NWS c_16ap26 TIME_ZONE=C"
23001,ME,"Androscoggin",America/New_York,,,"tzbb-2026d area-majority; NWS c_16ap26 TIME_ZONE=E"
23003,ME,"Aroostook",America/New_York,,,"tzbb-2026d area-majority; NWS c_16ap26 TIME_ZONE=E"
23005,ME,"Cumberland",America/New_York,,,"tzbb-2026d area-majority; NWS c_16ap26 TIME_ZONE=E"
23007,ME,"Franklin",America/New_York,,,"tzbb-2026d area-majority; NWS c_16ap26 TIME_ZONE=E"
23009,ME,"Hancock",America/New_York,,,"tzbb-2026d area-majority; NWS c_16ap26 TIME_ZONE=E"
23011,ME,"Kennebec",America/New_York,,,"tzbb-2026d area-majority; NWS c_16ap26 TIME_ZONE=E"
23013,ME,"Knox",America/New_York,,,"tzbb-2026d area-majority; NWS c_16ap26 TIME_ZONE=E"
23015,ME,"Lincoln",America/New_York,,,"tzbb-2026d area-majority; NWS c_16ap26 TIME_ZONE=E"
23017,ME,"Oxford",America/New_York,,,"tzbb-2026d area-majority; NWS c_16ap26 TIME_ZONE=E"
23019,ME,"Penobscot",America/New_York,,,"tzbb-2026d area-majority; NWS c_16ap26 TIME_ZONE=E"
23021,ME,"Piscataquis",America/New_York,,,"tzbb-2026d area-majority; NWS c_16ap26 TIME_ZONE=E"
23023,ME,"Sagadahoc",America/New_York,,,"tzbb-2026d area-majority; NWS c_16ap26 TIME_ZONE=E"
23025,ME,"Somerset",America/New_York,,,"tzbb-2026d area-majority; NWS c_16ap26 TIME_ZONE=E"
23027,ME,"Waldo",America/New_York,,,"tzbb-2026d area-majority; NWS c_16ap26 TIME_ZONE=E"
23029,ME,"Washington",America/New_York,,,"tzbb-2026d area-majority; NWS c_16ap26 TIME_ZONE=E"
23031,ME,"York",America/New_York,,,"tzbb-2026d area-majority; NWS c_16ap26 TIME_ZONE=E"
24001,MD,"Allegany",America/New_York,,,"tzbb-2026d area-majority; NWS c_16ap26 TIME_ZONE=E"
24003,MD,"Anne Arundel",America/New_York,,,"tzbb-2026d area-majority; NWS c_16ap26 TIME_ZONE=E"
24005,MD,"Baltimore",America/New_York,,,"tzbb-2026d area-majority; NWS c_16ap26 TIME_ZONE=E"
24009,MD,"Calvert",America/New_York,,,"tzbb-2026d area-majority; NWS c_16ap26 TIME_ZONE=E"
24011,MD,"Caroline",America/New_York,,,"tzbb-2026d area-majority; NWS c_16ap26 TIME_ZONE=E"
24013,MD,"Carroll",America/New_York,,,"tzbb-2026d area-majority; NWS c_16ap26 TIME_ZONE=E"
24015,MD,"Cecil",America/New_York,,,"tzbb-2026d area-majority; NWS c_16ap26 TIME_ZONE=E"
24017,MD,"Charles",America/New_York,,,"tzbb-2026d area-majority; NWS c_16ap26 TIME_ZONE=E"
24019,MD,"Dorchester",America/New_York,,,"tzbb-2026d area-majority; NWS c_16ap26 TIME_ZONE=E"
24021,MD,"Frederick",America/New_York,,,"tzbb-2026d area-majority; NWS c_16ap26 TIME_ZONE=E"
24023,MD,"Garrett",America/New_York,,,"tzbb-2026d area-majority; NWS c_16ap26 TIME_ZONE=E"
24025,MD,"Harford",America/New_York,,,"tzbb-2026d area-majority; NWS c_16ap26 TIME_ZONE=E"
24027,MD,"Howard",America/New_York,,,"tzbb-2026d area-majority; NWS c_16ap26 TIME_ZONE=E"
24029,MD,"Kent",America/New_York,,,"tzbb-2026d area-majority; NWS c_16ap26 TIME_ZONE=E"
24031,MD,"Montgomery",America/New_York,,,"tzbb-2026d area-majority; NWS c_16ap26 TIME_ZONE=E"
24033,MD,"Prince Georges",America/New_York,,,"tzbb-2026d area-majority; NWS c_16ap26 TIME_ZONE=E"
24035,MD,"Queen Anne's",America/New_York,,,"tzbb-2026d area-majority; NWS c_16ap26 TIME_ZONE=E"
24037,MD,"St. Marys",America/New_York,,,"tzbb-2026d area-majority; NWS c_16ap26 TIME_ZONE=E"
24039,MD,"Somerset",America/New_York,,,"tzbb-2026d area-majority; NWS c_16ap26 TIME_ZONE=E"
24041,MD,"Talbot",America/New_York,,,"tzbb-2026d area-majority; NWS c_16ap26 TIME_ZONE=E"
24043,MD,"Washington",America/New_York,,,"tzbb-2026d area-majority; NWS c_16ap26 TIME_ZONE=E"
24045,MD,"Wicomico",America/New_York,,,"tzbb-2026d area-majority; NWS c_16ap26 TIME_ZONE=E"
24047,MD,"Worcester",America/New_York,,,"tzbb-2026d area-majority; NWS c_16ap26 TIME_ZONE=E"
24510,MD,"Baltimore City",America/New_York,,,"tzbb-2026d area-majority; NWS c_16ap26 TIME_ZONE=E"
25001,MA,"Barnstable",America/New_York,,,"tzbb-2026d area-majority; NWS c_16ap26 TIME_ZONE=E"
25003,MA,"Berkshire",America/New_York,,,"tzbb-2026d area-majority; NWS c_16ap26 TIME_ZONE=E"
25005,MA,"Bristol",America/New_York,,,"tzbb-2026d area-majority; NWS c_16ap26 TIME_ZONE=E"
25007,MA,"Dukes",America/New_York,,,"tzbb-2026d area-majority; NWS c_16ap26 TIME_ZONE=E"
25009,MA,"Essex",America/New_York,,,"tzbb-2026d area-majority; NWS c_16ap26 TIME_ZONE=E"
25011,MA,"Franklin",America/New_York,,,"tzbb-2026d area-majority; NWS c_16ap26 TIME_ZONE=E"
25013,MA,"Hampden",America/New_York,,,"tzbb-2026d area-majority; NWS c_16ap26 TIME_ZONE=E"
25015,MA,"Hampshire",America/New_York,,,"tzbb-2026d area-majority; NWS c_16ap26 TIME_ZONE=E"
25017,MA,"Middlesex",America/New_York,,,"tzbb-2026d area-majority; NWS c_16ap26 TIME_ZONE=E"
25019,MA,"Nantucket",America/New_York,,,"tzbb-2026d area-majority; NWS c_16ap26 TIME_ZONE=E"
25021,MA,"Norfolk",America/New_York,,,"tzbb-2026d area-majority; NWS c_16ap26 TIME_ZONE=E"
25023,MA,"Plymouth",America/New_York,,,"tzbb-2026d area-majority; NWS c_16ap26 TIME_ZONE=E"
25025,MA,"Suffolk",America/New_York,,,"tzbb-2026d area-majority; NWS c_16ap26 TIME_ZONE=E"
25027,MA,"Worcester",America/New_York,,,"tzbb-2026d area-majority; NWS c_16ap26 TIME_ZONE=E"
26001,MI,"Alcona",America/Detroit,,,"tzbb-2026d area-majority; NWS c_16ap26 TIME_ZONE=E"
26003,MI,"Alger",America/Detroit,,,"tzbb-2026d area-majority; NWS c_16ap26 TIME_ZONE=E"
26005,MI,"Allegan",America/Detroit,,,"tzbb-2026d area-majority; NWS c_16ap26 TIME_ZONE=E"
26007,MI,"Alpena",America/Detroit,,,"tzbb-2026d area-majority; NWS c_16ap26 TIME_ZONE=E"
26009,MI,"Antrim",America/Detroit,,,"tzbb-2026d area-majority; NWS c_16ap26 TIME_ZONE=E"
26011,MI,"Arenac",America/Detroit,,,"tzbb-2026d area-majority; NWS c_16ap26 TIME_ZONE=E"
26013,MI,"Baraga",America/Detroit,,,"tzbb-2026d area-majority; NWS c_16ap26 TIME_ZONE=E"
26015,MI,"Barry",America/Detroit,,,"tzbb-2026d area-majority; NWS c_16ap26 TIME_ZONE=E"
26017,MI,"Bay",America/Detroit,,,"tzbb-2026d area-majority; NWS c_16ap26 TIME_ZONE=E"
26019,MI,"Benzie",America/Detroit,,,"tzbb-2026d area-majority; NWS c_16ap26 TIME_ZONE=E"
26021,MI,"Berrien",America/Detroit,,,"tzbb-2026d area-majority; NWS c_16ap26 TIME_ZONE=E"
26023,MI,"Branch",America/Detroit,,,"tzbb-2026d area-majority; NWS c_16ap26 TIME_ZONE=E"
26025,MI,"Calhoun",America/Detroit,,,"tzbb-2026d area-majority; NWS c_16ap26 TIME_ZONE=E"
26027,MI,"Cass",America/Detroit,,,"tzbb-2026d area-majority; NWS c_16ap26 TIME_ZONE=E"
26029,MI,"Charlevoix",America/Detroit,,,"tzbb-2026d area-majority; NWS c_16ap26 TIME_ZONE=E"
26031,MI,"Cheboygan",America/Detroit,,,"tzbb-2026d area-majority; NWS c_16ap26 TIME_ZONE=E"
26033,MI,"Chippewa",America/Detroit,,,"tzbb-2026d area-majority; NWS c_16ap26 TIME_ZONE=E"
26035,MI,"Clare",America/Detroit,,,"tzbb-2026d area-majority; NWS c_16ap26 TIME_ZONE=E"
26037,MI,"Clinton",America/Detroit,,,"tzbb-2026d area-majority; NWS c_16ap26 TIME_ZONE=E"
26039,MI,"Crawford",America/Detroit,,,"tzbb-2026d area-majority; NWS c_16ap26 TIME_ZONE=E"
26041,MI,"Delta",America/Detroit,,,"tzbb-2026d area-majority; NWS c_16ap26 TIME_ZONE=E"
26043,MI,"Dickinson",America/Menominee,,,"tzbb-2026d area-majority; NWS c_16ap26 TIME_ZONE=C"
26045,MI,"Eaton",America/Detroit,,,"tzbb-2026d area-majority; NWS c_16ap26 TIME_ZONE=E"
26047,MI,"Emmet",America/Detroit,,,"tzbb-2026d area-majority; NWS c_16ap26 TIME_ZONE=E"
26049,MI,"Genesee",America/Detroit,,,"tzbb-2026d area-majority; NWS c_16ap26 TIME_ZONE=E"
26051,MI,"Gladwin",America/Detroit,,,"tzbb-2026d area-majority; NWS c_16ap26 TIME_ZONE=E"
26053,MI,"Gogebic",America/Menominee,,,"tzbb-2026d area-majority; NWS c_16ap26 TIME_ZONE=C"
26055,MI,"Grand Traverse",America/Detroit,,,"tzbb-2026d area-majority; NWS c_16ap26 TIME_ZONE=E"
26057,MI,"Gratiot",America/Detroit,,,"tzbb-2026d area-majority; NWS c_16ap26 TIME_ZONE=E"
26059,MI,"Hillsdale",America/Detroit,,,"tzbb-2026d area-majority; NWS c_16ap26 TIME_ZONE=E"
26061,MI,"Houghton",America/Detroit,,,"tzbb-2026d area-majority; NWS c_16ap26 TIME_ZONE=E"
26063,MI,"Huron",America/Detroit,,,"tzbb-2026d area-majority; NWS c_16ap26 TIME_ZONE=E"
26065,MI,"Ingham",America/Detroit,,,"tzbb-2026d area-majority; NWS c_16ap26 TIME_ZONE=E"
26067,MI,"Ionia",America/Detroit,,,"tzbb-2026d area-majority; NWS c_16ap26 TIME_ZONE=E"
26069,MI,"Iosco",America/Detroit,,,"tzbb-2026d area-majority; NWS c_16ap26 TIME_ZONE=E"
26071,MI,"Iron",America/Menominee,,,"tzbb-2026d area-majority; NWS c_16ap26 TIME_ZONE=C"
26073,MI,"Isabella",America/Detroit,,,"tzbb-2026d area-majority; NWS c_16ap26 TIME_ZONE=E"
26075,MI,"Jackson",America/Detroit,,,"tzbb-2026d area-majority; NWS c_16ap26 TIME_ZONE=E"
26077,MI,"Kalamazoo",America/Detroit,,,"tzbb-2026d area-majority; NWS c_16ap26 TIME_ZONE=E"
26079,MI,"Kalkaska",America/Detroit,,,"tzbb-2026d area-majority; NWS c_16ap26 TIME_ZONE=E"
26081,MI,"Kent",America/Detroit,,,"tzbb-2026d area-majority; NWS c_16ap26 TIME_ZONE=E"
26083,MI,"Keweenaw",America/Detroit,,,"tzbb-2026d area-majority; NWS c_16ap26 TIME_ZONE=E"
26085,MI,"Lake",America/Detroit,,,"tzbb-2026d area-majority; NWS c_16ap26 TIME_ZONE=E"
26087,MI,"Lapeer",America/Detroit,,,"tzbb-2026d area-majority; NWS c_16ap26 TIME_ZONE=E"
26089,MI,"Leelanau",America/Detroit,,,"tzbb-2026d area-majority; NWS c_16ap26 TIME_ZONE=E"
26091,MI,"Lenawee",America/Detroit,,,"tzbb-2026d area-majority; NWS c_16ap26 TIME_ZONE=E"
26093,MI,"Livingston",America/Detroit,,,"tzbb-2026d area-majority; NWS c_16ap26 TIME_ZONE=E"
26095,MI,"Luce",America/Detroit,,,"tzbb-2026d area-majority; NWS c_16ap26 TIME_ZONE=E"
26097,MI,"Mackinac",America/Detroit,,,"tzbb-2026d area-majority; NWS c_16ap26 TIME_ZONE=E"
26099,MI,"Macomb",America/Detroit,,,"tzbb-2026d area-majority; NWS c_16ap26 TIME_ZONE=E"
26101,MI,"Manistee",America/Detroit,,,"tzbb-2026d area-majority; NWS c_16ap26 TIME_ZONE=E"
26103,MI,"Marquette",America/Detroit,,,"tzbb-2026d area-majority; NWS c_16ap26 TIME_ZONE=E"
26105,MI,"Mason",America/Detroit,,,"tzbb-2026d area-majority; NWS c_16ap26 TIME_ZONE=E"
26107,MI,"Mecosta",America/Detroit,,,"tzbb-2026d area-majority; NWS c_16ap26 TIME_ZONE=E"
26109,MI,"Menominee",America/Menominee,,,"tzbb-2026d area-majority; NWS c_16ap26 TIME_ZONE=C"
26111,MI,"Midland",America/Detroit,,,"tzbb-2026d area-majority; NWS c_16ap26 TIME_ZONE=E"
26113,MI,"Missaukee",America/Detroit,,,"tzbb-2026d area-majority; NWS c_16ap26 TIME_ZONE=E"
26115,MI,"Monroe",America/Detroit,,,"tzbb-2026d area-majority; NWS c_16ap26 TIME_ZONE=E"
26117,MI,"Montcalm",America/Detroit,,,"tzbb-2026d area-majority; NWS c_16ap26 TIME_ZONE=E"
26119,MI,"Montmorency",America/Detroit,,,"tzbb-2026d area-majority; NWS c_16ap26 TIME_ZONE=E"
26121,MI,"Muskegon",America/Detroit,,,"tzbb-2026d area-majority; NWS c_16ap26 TIME_ZONE=E"
26123,MI,"Newaygo",America/Detroit,,,"tzbb-2026d area-majority; NWS c_16ap26 TIME_ZONE=E"
26125,MI,"Oakland",America/Detroit,,,"tzbb-2026d area-majority; NWS c_16ap26 TIME_ZONE=E"
26127,MI,"Oceana",America/Detroit,,,"tzbb-2026d area-majority; NWS c_16ap26 TIME_ZONE=E"
26129,MI,"Ogemaw",America/Detroit,,,"tzbb-2026d area-majority; NWS c_16ap26 TIME_ZONE=E"
26131,MI,"Ontonagon",America/Detroit,,,"tzbb-2026d area-majority; NWS c_16ap26 TIME_ZONE=E"
26133,MI,"Osceola",America/Detroit,,,"tzbb-2026d area-majority; NWS c_16ap26 TIME_ZONE=E"
26135,MI,"Oscoda",America/Detroit,,,"tzbb-2026d area-majority; NWS c_16ap26 TIME_ZONE=E"
26137,MI,"Otsego",America/Detroit,,,"tzbb-2026d area-majority; NWS c_16ap26 TIME_ZONE=E"
26139,MI,"Ottawa",America/Detroit,,,"tzbb-2026d area-majority; NWS c_16ap26 TIME_ZONE=E"
26141,MI,"Presque Isle",America/Detroit,,,"tzbb-2026d area-majority; NWS c_16ap26 TIME_ZONE=E"
26143,MI,"Roscommon",America/Detroit,,,"tzbb-2026d area-majority; NWS c_16ap26 TIME_ZONE=E"
26145,MI,"Saginaw",America/Detroit,,,"tzbb-2026d area-majority; NWS c_16ap26 TIME_ZONE=E"
26147,MI,"St. Clair",America/Detroit,,,"tzbb-2026d area-majority; NWS c_16ap26 TIME_ZONE=E"
26149,MI,"St. Joseph",America/Detroit,,,"tzbb-2026d area-majority; NWS c_16ap26 TIME_ZONE=E"
26151,MI,"Sanilac",America/Detroit,,,"tzbb-2026d area-majority; NWS c_16ap26 TIME_ZONE=E"
26153,MI,"Schoolcraft",America/Detroit,,,"tzbb-2026d area-majority; NWS c_16ap26 TIME_ZONE=E"
26155,MI,"Shiawassee",America/Detroit,,,"tzbb-2026d area-majority; NWS c_16ap26 TIME_ZONE=E"
26157,MI,"Tuscola",America/Detroit,,,"tzbb-2026d area-majority; NWS c_16ap26 TIME_ZONE=E"
26159,MI,"Van Buren",America/Detroit,,,"tzbb-2026d area-majority; NWS c_16ap26 TIME_ZONE=E"
26161,MI,"Washtenaw",America/Detroit,,,"tzbb-2026d area-majority; NWS c_16ap26 TIME_ZONE=E"
26163,MI,"Wayne",America/Detroit,,,"tzbb-2026d area-majority; NWS c_16ap26 TIME_ZONE=E"
26165,MI,"Wexford",America/Detroit,,,"tzbb-2026d area-majority; NWS c_16ap26 TIME_ZONE=E"
27001,MN,"Aitkin",America/Chicago,,,"tzbb-2026d area-majority; NWS c_16ap26 TIME_ZONE=C"
27003,MN,"Anoka",America/Chicago,,,"tzbb-2026d area-majority; NWS c_16ap26 TIME_ZONE=C"
27005,MN,"Becker",America/Chicago,,,"tzbb-2026d area-majority; NWS c_16ap26 TIME_ZONE=C"
27007,MN,"Beltrami",America/Chicago,,,"tzbb-2026d area-majority; NWS c_16ap26 TIME_ZONE=C"
27009,MN,"Benton",America/Chicago,,,"tzbb-2026d area-majority; NWS c_16ap26 TIME_ZONE=C"
27011,MN,"Big Stone",America/Chicago,,,"tzbb-2026d area-majority; NWS c_16ap26 TIME_ZONE=C"
27013,MN,"Blue Earth",America/Chicago,,,"tzbb-2026d area-majority; NWS c_16ap26 TIME_ZONE=C"
27015,MN,"Brown",America/Chicago,,,"tzbb-2026d area-majority; NWS c_16ap26 TIME_ZONE=C"
27017,MN,"Carlton",America/Chicago,,,"tzbb-2026d area-majority; NWS c_16ap26 TIME_ZONE=C"
27019,MN,"Carver",America/Chicago,,,"tzbb-2026d area-majority; NWS c_16ap26 TIME_ZONE=C"
27021,MN,"Cass",America/Chicago,,,"tzbb-2026d area-majority; NWS c_16ap26 TIME_ZONE=C"
27023,MN,"Chippewa",America/Chicago,,,"tzbb-2026d area-majority; NWS c_16ap26 TIME_ZONE=C"
27025,MN,"Chisago",America/Chicago,,,"tzbb-2026d area-majority; NWS c_16ap26 TIME_ZONE=C"
27027,MN,"Clay",America/Chicago,,,"tzbb-2026d area-majority; NWS c_16ap26 TIME_ZONE=C"
27029,MN,"Clearwater",America/Chicago,,,"tzbb-2026d area-majority; NWS c_16ap26 TIME_ZONE=C"
27031,MN,"Cook",America/Chicago,,,"tzbb-2026d area-majority; NWS c_16ap26 TIME_ZONE=C"
27033,MN,"Cottonwood",America/Chicago,,,"tzbb-2026d area-majority; NWS c_16ap26 TIME_ZONE=C"
27035,MN,"Crow Wing",America/Chicago,,,"tzbb-2026d area-majority; NWS c_16ap26 TIME_ZONE=C"
27037,MN,"Dakota",America/Chicago,,,"tzbb-2026d area-majority; NWS c_16ap26 TIME_ZONE=C"
27039,MN,"Dodge",America/Chicago,,,"tzbb-2026d area-majority; NWS c_16ap26 TIME_ZONE=C"
27041,MN,"Douglas",America/Chicago,,,"tzbb-2026d area-majority; NWS c_16ap26 TIME_ZONE=C"
27043,MN,"Faribault",America/Chicago,,,"tzbb-2026d area-majority; NWS c_16ap26 TIME_ZONE=C"
27045,MN,"Fillmore",America/Chicago,,,"tzbb-2026d area-majority; NWS c_16ap26 TIME_ZONE=C"
27047,MN,"Freeborn",America/Chicago,,,"tzbb-2026d area-majority; NWS c_16ap26 TIME_ZONE=C"
27049,MN,"Goodhue",America/Chicago,,,"tzbb-2026d area-majority; NWS c_16ap26 TIME_ZONE=C"
27051,MN,"Grant",America/Chicago,,,"tzbb-2026d area-majority; NWS c_16ap26 TIME_ZONE=C"
27053,MN,"Hennepin",America/Chicago,,,"tzbb-2026d area-majority; NWS c_16ap26 TIME_ZONE=C"
27055,MN,"Houston",America/Chicago,,,"tzbb-2026d area-majority; NWS c_16ap26 TIME_ZONE=C"
27057,MN,"Hubbard",America/Chicago,,,"tzbb-2026d area-majority; NWS c_16ap26 TIME_ZONE=C"
27059,MN,"Isanti",America/Chicago,,,"tzbb-2026d area-majority; NWS c_16ap26 TIME_ZONE=C"
27061,MN,"Itasca",America/Chicago,,,"tzbb-2026d area-majority; NWS c_16ap26 TIME_ZONE=C"
27063,MN,"Jackson",America/Chicago,,,"tzbb-2026d area-majority; NWS c_16ap26 TIME_ZONE=C"
27065,MN,"Kanabec",America/Chicago,,,"tzbb-2026d area-majority; NWS c_16ap26 TIME_ZONE=C"
27067,MN,"Kandiyohi",America/Chicago,,,"tzbb-2026d area-majority; NWS c_16ap26 TIME_ZONE=C"
27069,MN,"Kittson",America/Chicago,,,"tzbb-2026d area-majority; NWS c_16ap26 TIME_ZONE=C"
27071,MN,"Koochiching",America/Chicago,,,"tzbb-2026d area-majority; NWS c_16ap26 TIME_ZONE=C"
27073,MN,"Lac qui Parle",America/Chicago,,,"tzbb-2026d area-majority; NWS c_16ap26 TIME_ZONE=C"
27075,MN,"Lake",America/Chicago,,,"tzbb-2026d area-majority; NWS c_16ap26 TIME_ZONE=C"
27077,MN,"Lake of the Woods",America/Chicago,,,"tzbb-2026d area-majority; NWS c_16ap26 TIME_ZONE=C"
27079,MN,"Le Sueur",America/Chicago,,,"tzbb-2026d area-majority; NWS c_16ap26 TIME_ZONE=C"
27081,MN,"Lincoln",America/Chicago,,,"tzbb-2026d area-majority; NWS c_16ap26 TIME_ZONE=C"
27083,MN,"Lyon",America/Chicago,,,"tzbb-2026d area-majority; NWS c_16ap26 TIME_ZONE=C"
27085,MN,"McLeod",America/Chicago,,,"tzbb-2026d area-majority; NWS c_16ap26 TIME_ZONE=C"
27087,MN,"Mahnomen",America/Chicago,,,"tzbb-2026d area-majority; NWS c_16ap26 TIME_ZONE=C"
27089,MN,"Marshall",America/Chicago,,,"tzbb-2026d area-majority; NWS c_16ap26 TIME_ZONE=C"
27091,MN,"Martin",America/Chicago,,,"tzbb-2026d area-majority; NWS c_16ap26 TIME_ZONE=C"
27093,MN,"Meeker",America/Chicago,,,"tzbb-2026d area-majority; NWS c_16ap26 TIME_ZONE=C"
27095,MN,"Mille Lacs",America/Chicago,,,"tzbb-2026d area-majority; NWS c_16ap26 TIME_ZONE=C"
27097,MN,"Morrison",America/Chicago,,,"tzbb-2026d area-majority; NWS c_16ap26 TIME_ZONE=C"
27099,MN,"Mower",America/Chicago,,,"tzbb-2026d area-majority; NWS c_16ap26 TIME_ZONE=C"
27101,MN,"Murray",America/Chicago,,,"tzbb-2026d area-majority; NWS c_16ap26 TIME_ZONE=C"
27103,MN,"Nicollet",America/Chicago,,,"tzbb-2026d area-majority; NWS c_16ap26 TIME_ZONE=C"
27105,MN,"Nobles",America/Chicago,,,"tzbb-2026d area-majority; NWS c_16ap26 TIME_ZONE=C"
27107,MN,"Norman",America/Chicago,,,"tzbb-2026d area-majority; NWS c_16ap26 TIME_ZONE=C"
27109,MN,"Olmsted",America/Chicago,,,"tzbb-2026d area-majority; NWS c_16ap26 TIME_ZONE=C"
27111,MN,"Otter Tail",America/Chicago,,,"tzbb-2026d area-majority; NWS c_16ap26 TIME_ZONE=C"
27113,MN,"Pennington",America/Chicago,,,"tzbb-2026d area-majority; NWS c_16ap26 TIME_ZONE=C"
27115,MN,"Pine",America/Chicago,,,"tzbb-2026d area-majority; NWS c_16ap26 TIME_ZONE=C"
27117,MN,"Pipestone",America/Chicago,,,"tzbb-2026d area-majority; NWS c_16ap26 TIME_ZONE=C"
27119,MN,"Polk",America/Chicago,,,"tzbb-2026d area-majority; NWS c_16ap26 TIME_ZONE=C"
27121,MN,"Pope",America/Chicago,,,"tzbb-2026d area-majority; NWS c_16ap26 TIME_ZONE=C"
27123,MN,"Ramsey",America/Chicago,,,"tzbb-2026d area-majority; NWS c_16ap26 TIME_ZONE=C"
27125,MN,"Red Lake",America/Chicago,,,"tzbb-2026d area-majority; NWS c_16ap26 TIME_ZONE=C"
27127,MN,"Redwood",America/Chicago,,,"tzbb-2026d area-majority; NWS c_16ap26 TIME_ZONE=C"
27129,MN,"Renville",America/Chicago,,,"tzbb-2026d area-majority; NWS c_16ap26 TIME_ZONE=C"
27131,MN,"Rice",America/Chicago,,,"tzbb-2026d area-majority; NWS c_16ap26 TIME_ZONE=C"
27133,MN,"Rock",America/Chicago,,,"tzbb-2026d area-majority; NWS c_16ap26 TIME_ZONE=C"
27135,MN,"Roseau",America/Chicago,,,"tzbb-2026d area-majority; NWS c_16ap26 TIME_ZONE=C"
27137,MN,"St. Louis",America/Chicago,,,"tzbb-2026d area-majority; NWS c_16ap26 TIME_ZONE=C"
27139,MN,"Scott",America/Chicago,,,"tzbb-2026d area-majority; NWS c_16ap26 TIME_ZONE=C"
27141,MN,"Sherburne",America/Chicago,,,"tzbb-2026d area-majority; NWS c_16ap26 TIME_ZONE=C"
27143,MN,"Sibley",America/Chicago,,,"tzbb-2026d area-majority; NWS c_16ap26 TIME_ZONE=C"
27145,MN,"Stearns",America/Chicago,,,"tzbb-2026d area-majority; NWS c_16ap26 TIME_ZONE=C"
27147,MN,"Steele",America/Chicago,,,"tzbb-2026d area-majority; NWS c_16ap26 TIME_ZONE=C"
27149,MN,"Stevens",America/Chicago,,,"tzbb-2026d area-majority; NWS c_16ap26 TIME_ZONE=C"
27151,MN,"Swift",America/Chicago,,,"tzbb-2026d area-majority; NWS c_16ap26 TIME_ZONE=C"
27153,MN,"Todd",America/Chicago,,,"tzbb-2026d area-majority; NWS c_16ap26 TIME_ZONE=C"
27155,MN,"Traverse",America/Chicago,,,"tzbb-2026d area-majority; NWS c_16ap26 TIME_ZONE=C"
27157,MN,"Wabasha",America/Chicago,,,"tzbb-2026d area-majority; NWS c_16ap26 TIME_ZONE=C"
27159,MN,"Wadena",America/Chicago,,,"tzbb-2026d area-majority; NWS c_16ap26 TIME_ZONE=C"
27161,MN,"Waseca",America/Chicago,,,"tzbb-2026d area-majority; NWS c_16ap26 TIME_ZONE=C"
27163,MN,"Washington",America/Chicago,,,"tzbb-2026d area-majority; NWS c_16ap26 TIME_ZONE=C"
27165,MN,"Watonwan",America/Chicago,,,"tzbb-2026d area-majority; NWS c_16ap26 TIME_ZONE=C"
27167,MN,"Wilkin",America/Chicago,,,"tzbb-2026d area-majority; NWS c_16ap26 TIME_ZONE=C"
27169,MN,"Winona",America/Chicago,,,"tzbb-2026d area-majority; NWS c_16ap26 TIME_ZONE=C"
27171,MN,"Wright",America/Chicago,,,"tzbb-2026d area-majority; NWS c_16ap26 TIME_ZONE=C"
27173,MN,"Yellow Medicine",America/Chicago,,,"tzbb-2026d area-majority; NWS c_16ap26 TIME_ZONE=C"
28001,MS,"Adams",America/Chicago,,,"tzbb-2026d area-majority; NWS c_16ap26 TIME_ZONE=C"
28003,MS,"Alcorn",America/Chicago,,,"tzbb-2026d area-majority; NWS c_16ap26 TIME_ZONE=C"
28005,MS,"Amite",America/Chicago,,,"tzbb-2026d area-majority; NWS c_16ap26 TIME_ZONE=C"
28007,MS,"Attala",America/Chicago,,,"tzbb-2026d area-majority; NWS c_16ap26 TIME_ZONE=C"
28009,MS,"Benton",America/Chicago,,,"tzbb-2026d area-majority; NWS c_16ap26 TIME_ZONE=C"
28011,MS,"Bolivar",America/Chicago,,,"tzbb-2026d area-majority; NWS c_16ap26 TIME_ZONE=C"
28013,MS,"Calhoun",America/Chicago,,,"tzbb-2026d area-majority; NWS c_16ap26 TIME_ZONE=C"
28015,MS,"Carroll",America/Chicago,,,"tzbb-2026d area-majority; NWS c_16ap26 TIME_ZONE=C"
28017,MS,"Chickasaw",America/Chicago,,,"tzbb-2026d area-majority; NWS c_16ap26 TIME_ZONE=C"
28019,MS,"Choctaw",America/Chicago,,,"tzbb-2026d area-majority; NWS c_16ap26 TIME_ZONE=C"
28021,MS,"Claiborne",America/Chicago,,,"tzbb-2026d area-majority; NWS c_16ap26 TIME_ZONE=C"
28023,MS,"Clarke",America/Chicago,,,"tzbb-2026d area-majority; NWS c_16ap26 TIME_ZONE=C"
28025,MS,"Clay",America/Chicago,,,"tzbb-2026d area-majority; NWS c_16ap26 TIME_ZONE=C"
28027,MS,"Coahoma",America/Chicago,,,"tzbb-2026d area-majority; NWS c_16ap26 TIME_ZONE=C"
28029,MS,"Copiah",America/Chicago,,,"tzbb-2026d area-majority; NWS c_16ap26 TIME_ZONE=C"
28031,MS,"Covington",America/Chicago,,,"tzbb-2026d area-majority; NWS c_16ap26 TIME_ZONE=C"
28033,MS,"DeSoto",America/Chicago,,,"tzbb-2026d area-majority; NWS c_16ap26 TIME_ZONE=C"
28035,MS,"Forrest",America/Chicago,,,"tzbb-2026d area-majority; NWS c_16ap26 TIME_ZONE=C"
28037,MS,"Franklin",America/Chicago,,,"tzbb-2026d area-majority; NWS c_16ap26 TIME_ZONE=C"
28039,MS,"George",America/Chicago,,,"tzbb-2026d area-majority; NWS c_16ap26 TIME_ZONE=C"
28041,MS,"Greene",America/Chicago,,,"tzbb-2026d area-majority; NWS c_16ap26 TIME_ZONE=C"
28043,MS,"Grenada",America/Chicago,,,"tzbb-2026d area-majority; NWS c_16ap26 TIME_ZONE=C"
28045,MS,"Hancock",America/Chicago,,,"tzbb-2026d area-majority; NWS c_16ap26 TIME_ZONE=C"
28047,MS,"Harrison",America/Chicago,,,"tzbb-2026d area-majority; NWS c_16ap26 TIME_ZONE=C"
28049,MS,"Hinds",America/Chicago,,,"tzbb-2026d area-majority; NWS c_16ap26 TIME_ZONE=C"
28051,MS,"Holmes",America/Chicago,,,"tzbb-2026d area-majority; NWS c_16ap26 TIME_ZONE=C"
28053,MS,"Humphreys",America/Chicago,,,"tzbb-2026d area-majority; NWS c_16ap26 TIME_ZONE=C"
28055,MS,"Issaquena",America/Chicago,,,"tzbb-2026d area-majority; NWS c_16ap26 TIME_ZONE=C"
28057,MS,"Itawamba",America/Chicago,,,"tzbb-2026d area-majority; NWS c_16ap26 TIME_ZONE=C"
28059,MS,"Jackson",America/Chicago,,,"tzbb-2026d area-majority; NWS c_16ap26 TIME_ZONE=C"
28061,MS,"Jasper",America/Chicago,,,"tzbb-2026d area-majority; NWS c_16ap26 TIME_ZONE=C"
28063,MS,"Jefferson",America/Chicago,,,"tzbb-2026d area-majority; NWS c_16ap26 TIME_ZONE=C"
28065,MS,"Jefferson Davis",America/Chicago,,,"tzbb-2026d area-majority; NWS c_16ap26 TIME_ZONE=C"
28067,MS,"Jones",America/Chicago,,,"tzbb-2026d area-majority; NWS c_16ap26 TIME_ZONE=C"
28069,MS,"Kemper",America/Chicago,,,"tzbb-2026d area-majority; NWS c_16ap26 TIME_ZONE=C"
28071,MS,"Lafayette",America/Chicago,,,"tzbb-2026d area-majority; NWS c_16ap26 TIME_ZONE=C"
28073,MS,"Lamar",America/Chicago,,,"tzbb-2026d area-majority; NWS c_16ap26 TIME_ZONE=C"
28075,MS,"Lauderdale",America/Chicago,,,"tzbb-2026d area-majority; NWS c_16ap26 TIME_ZONE=C"
28077,MS,"Lawrence",America/Chicago,,,"tzbb-2026d area-majority; NWS c_16ap26 TIME_ZONE=C"
28079,MS,"Leake",America/Chicago,,,"tzbb-2026d area-majority; NWS c_16ap26 TIME_ZONE=C"
28081,MS,"Lee",America/Chicago,,,"tzbb-2026d area-majority; NWS c_16ap26 TIME_ZONE=C"
28083,MS,"Leflore",America/Chicago,,,"tzbb-2026d area-majority; NWS c_16ap26 TIME_ZONE=C"
28085,MS,"Lincoln",America/Chicago,,,"tzbb-2026d area-majority; NWS c_16ap26 TIME_ZONE=C"
28087,MS,"Lowndes",America/Chicago,,,"tzbb-2026d area-majority; NWS c_16ap26 TIME_ZONE=C"
28089,MS,"Madison",America/Chicago,,,"tzbb-2026d area-majority; NWS c_16ap26 TIME_ZONE=C"
28091,MS,"Marion",America/Chicago,,,"tzbb-2026d area-majority; NWS c_16ap26 TIME_ZONE=C"
28093,MS,"Marshall",America/Chicago,,,"tzbb-2026d area-majority; NWS c_16ap26 TIME_ZONE=C"
28095,MS,"Monroe",America/Chicago,,,"tzbb-2026d area-majority; NWS c_16ap26 TIME_ZONE=C"
28097,MS,"Montgomery",America/Chicago,,,"tzbb-2026d area-majority; NWS c_16ap26 TIME_ZONE=C"
28099,MS,"Neshoba",America/Chicago,,,"tzbb-2026d area-majority; NWS c_16ap26 TIME_ZONE=C"
28101,MS,"Newton",America/Chicago,,,"tzbb-2026d area-majority; NWS c_16ap26 TIME_ZONE=C"
28103,MS,"Noxubee",America/Chicago,,,"tzbb-2026d area-majority; NWS c_16ap26 TIME_ZONE=C"
28105,MS,"Oktibbeha",America/Chicago,,,"tzbb-2026d area-majority; NWS c_16ap26 TIME_ZONE=C"
28107,MS,"Panola",America/Chicago,,,"tzbb-2026d area-majority; NWS c_16ap26 TIME_ZONE=C"
28109,MS,"Pearl River",America/Chicago,,,"tzbb-2026d area-majority; NWS c_16ap26 TIME_ZONE=C"
28111,MS,"Perry",America/Chicago,,,"tzbb-2026d area-majority; NWS c_16ap26 TIME_ZONE=C"
28113,MS,"Pike",America/Chicago,,,"tzbb-2026d area-majority; NWS c_16ap26 TIME_ZONE=C"
28115,MS,"Pontotoc",America/Chicago,,,"tzbb-2026d area-majority; NWS c_16ap26 TIME_ZONE=C"
28117,MS,"Prentiss",America/Chicago,,,"tzbb-2026d area-majority; NWS c_16ap26 TIME_ZONE=C"
28119,MS,"Quitman",America/Chicago,,,"tzbb-2026d area-majority; NWS c_16ap26 TIME_ZONE=C"
28121,MS,"Rankin",America/Chicago,,,"tzbb-2026d area-majority; NWS c_16ap26 TIME_ZONE=C"
28123,MS,"Scott",America/Chicago,,,"tzbb-2026d area-majority; NWS c_16ap26 TIME_ZONE=C"
28125,MS,"Sharkey",America/Chicago,,,"tzbb-2026d area-majority; NWS c_16ap26 TIME_ZONE=C"
28127,MS,"Simpson",America/Chicago,,,"tzbb-2026d area-majority; NWS c_16ap26 TIME_ZONE=C"
28129,MS,"Smith",America/Chicago,,,"tzbb-2026d area-majority; NWS c_16ap26 TIME_ZONE=C"
28131,MS,"Stone",America/Chicago,,,"tzbb-2026d area-majority; NWS c_16ap26 TIME_ZONE=C"
28133,MS,"Sunflower",America/Chicago,,,"tzbb-2026d area-majority; NWS c_16ap26 TIME_ZONE=C"
28135,MS,"Tallahatchie",America/Chicago,,,"tzbb-2026d area-majority; NWS c_16ap26 TIME_ZONE=C"
28137,MS,"Tate",America/Chicago,,,"tzbb-2026d area-majority; NWS c_16ap26 TIME_ZONE=C"
28139,MS,"Tippah",America/Chicago,,,"tzbb-2026d area-majority; NWS c_16ap26 TIME_ZONE=C"
28141,MS,"Tishomingo",America/Chicago,,,"tzbb-2026d area-majority; NWS c_16ap26 TIME_ZONE=C"
28143,MS,"Tunica",America/Chicago,,,"tzbb-2026d area-majority; NWS c_16ap26 TIME_ZONE=C"
28145,MS,"Union",America/Chicago,,,"tzbb-2026d area-majority; NWS c_16ap26 TIME_ZONE=C"
28147,MS,"Walthall",America/Chicago,,,"tzbb-2026d area-majority; NWS c_16ap26 TIME_ZONE=C"
28149,MS,"Warren",America/Chicago,,,"tzbb-2026d area-majority; NWS c_16ap26 TIME_ZONE=C"
28151,MS,"Washington",America/Chicago,,,"tzbb-2026d area-majority; NWS c_16ap26 TIME_ZONE=C"
28153,MS,"Wayne",America/Chicago,,,"tzbb-2026d area-majority; NWS c_16ap26 TIME_ZONE=C"
28155,MS,"Webster",America/Chicago,,,"tzbb-2026d area-majority; NWS c_16ap26 TIME_ZONE=C"
28157,MS,"Wilkinson",America/Chicago,,,"tzbb-2026d area-majority; NWS c_16ap26 TIME_ZONE=C"
28159,MS,"Winston",America/Chicago,,,"tzbb-2026d area-majority; NWS c_16ap26 TIME_ZONE=C"
28161,MS,"Yalobusha",America/Chicago,,,"tzbb-2026d area-majority; NWS c_16ap26 TIME_ZONE=C"
28163,MS,"Yazoo",America/Chicago,,,"tzbb-2026d area-majority; NWS c_16ap26 TIME_ZONE=C"
29001,MO,"Adair",America/Chicago,,,"tzbb-2026d area-majority; NWS c_16ap26 TIME_ZONE=C"
29003,MO,"Andrew",America/Chicago,,,"tzbb-2026d area-majority; NWS c_16ap26 TIME_ZONE=C"
29005,MO,"Atchison",America/Chicago,,,"tzbb-2026d area-majority; NWS c_16ap26 TIME_ZONE=C"
29007,MO,"Audrain",America/Chicago,,,"tzbb-2026d area-majority; NWS c_16ap26 TIME_ZONE=C"
29009,MO,"Barry",America/Chicago,,,"tzbb-2026d area-majority; NWS c_16ap26 TIME_ZONE=C"
29011,MO,"Barton",America/Chicago,,,"tzbb-2026d area-majority; NWS c_16ap26 TIME_ZONE=C"
29013,MO,"Bates",America/Chicago,,,"tzbb-2026d area-majority; NWS c_16ap26 TIME_ZONE=C"
29015,MO,"Benton",America/Chicago,,,"tzbb-2026d area-majority; NWS c_16ap26 TIME_ZONE=C"
29017,MO,"Bollinger",America/Chicago,,,"tzbb-2026d area-majority; NWS c_16ap26 TIME_ZONE=C"
29019,MO,"Boone",America/Chicago,,,"tzbb-2026d area-majority; NWS c_16ap26 TIME_ZONE=C"
29021,MO,"Buchanan",America/Chicago,,,"tzbb-2026d area-majority; NWS c_16ap26 TIME_ZONE=C"
29023,MO,"Butler",America/Chicago,,,"tzbb-2026d area-majority; NWS c_16ap26 TIME_ZONE=C"
29025,MO,"Caldwell",America/Chicago,,,"tzbb-2026d area-majority; NWS c_16ap26 TIME_ZONE=C"
29027,MO,"Callaway",America/Chicago,,,"tzbb-2026d area-majority; NWS c_16ap26 TIME_ZONE=C"
29029,MO,"Camden",America/Chicago,,,"tzbb-2026d area-majority; NWS c_16ap26 TIME_ZONE=C"
29031,MO,"Cape Girardeau",America/Chicago,,,"tzbb-2026d area-majority; NWS c_16ap26 TIME_ZONE=C"
29033,MO,"Carroll",America/Chicago,,,"tzbb-2026d area-majority; NWS c_16ap26 TIME_ZONE=C"
29035,MO,"Carter",America/Chicago,,,"tzbb-2026d area-majority; NWS c_16ap26 TIME_ZONE=C"
29037,MO,"Cass",America/Chicago,,,"tzbb-2026d area-majority; NWS c_16ap26 TIME_ZONE=C"
29039,MO,"Cedar",America/Chicago,,,"tzbb-2026d area-majority; NWS c_16ap26 TIME_ZONE=C"
29041,MO,"Chariton",America/Chicago,,,"tzbb-2026d area-majority; NWS c_16ap26 TIME_ZONE=C"
29043,MO,"Christian",America/Chicago,,,"tzbb-2026d area-majority; NWS c_16ap26 TIME_ZONE=C"
29045,MO,"Clark",America/Chicago,,,"tzbb-2026d area-majority; NWS c_16ap26 TIME_ZONE=C"
29047,MO,"Clay",America/Chicago,,,"tzbb-2026d area-majority; NWS c_16ap26 TIME_ZONE=C"
29049,MO,"Clinton",America/Chicago,,,"tzbb-2026d area-majority; NWS c_16ap26 TIME_ZONE=C"
29051,MO,"Cole",America/Chicago,,,"tzbb-2026d area-majority; NWS c_16ap26 TIME_ZONE=C"
29053,MO,"Cooper",America/Chicago,,,"tzbb-2026d area-majority; NWS c_16ap26 TIME_ZONE=C"
29055,MO,"Crawford",America/Chicago,,,"tzbb-2026d area-majority; NWS c_16ap26 TIME_ZONE=C"
29057,MO,"Dade",America/Chicago,,,"tzbb-2026d area-majority; NWS c_16ap26 TIME_ZONE=C"
29059,MO,"Dallas",America/Chicago,,,"tzbb-2026d area-majority; NWS c_16ap26 TIME_ZONE=C"
29061,MO,"Daviess",America/Chicago,,,"tzbb-2026d area-majority; NWS c_16ap26 TIME_ZONE=C"
29063,MO,"DeKalb",America/Chicago,,,"tzbb-2026d area-majority; NWS c_16ap26 TIME_ZONE=C"
29065,MO,"Dent",America/Chicago,,,"tzbb-2026d area-majority; NWS c_16ap26 TIME_ZONE=C"
29067,MO,"Douglas",America/Chicago,,,"tzbb-2026d area-majority; NWS c_16ap26 TIME_ZONE=C"
29069,MO,"Dunklin",America/Chicago,,,"tzbb-2026d area-majority; NWS c_16ap26 TIME_ZONE=C"
29071,MO,"Franklin",America/Chicago,,,"tzbb-2026d area-majority; NWS c_16ap26 TIME_ZONE=C"
29073,MO,"Gasconade",America/Chicago,,,"tzbb-2026d area-majority; NWS c_16ap26 TIME_ZONE=C"
29075,MO,"Gentry",America/Chicago,,,"tzbb-2026d area-majority; NWS c_16ap26 TIME_ZONE=C"
29077,MO,"Greene",America/Chicago,,,"tzbb-2026d area-majority; NWS c_16ap26 TIME_ZONE=C"
29079,MO,"Grundy",America/Chicago,,,"tzbb-2026d area-majority; NWS c_16ap26 TIME_ZONE=C"
29081,MO,"Harrison",America/Chicago,,,"tzbb-2026d area-majority; NWS c_16ap26 TIME_ZONE=C"
29083,MO,"Henry",America/Chicago,,,"tzbb-2026d area-majority; NWS c_16ap26 TIME_ZONE=C"
29085,MO,"Hickory",America/Chicago,,,"tzbb-2026d area-majority; NWS c_16ap26 TIME_ZONE=C"
29087,MO,"Holt",America/Chicago,,,"tzbb-2026d area-majority; NWS c_16ap26 TIME_ZONE=C"
29089,MO,"Howard",America/Chicago,,,"tzbb-2026d area-majority; NWS c_16ap26 TIME_ZONE=C"
29091,MO,"Howell",America/Chicago,,,"tzbb-2026d area-majority; NWS c_16ap26 TIME_ZONE=C"
29093,MO,"Iron",America/Chicago,,,"tzbb-2026d area-majority; NWS c_16ap26 TIME_ZONE=C"
29095,MO,"Jackson",America/Chicago,,,"tzbb-2026d area-majority; NWS c_16ap26 TIME_ZONE=C"
29097,MO,"Jasper",America/Chicago,,,"tzbb-2026d area-majority; NWS c_16ap26 TIME_ZONE=C"
29099,MO,"Jefferson",America/Chicago,,,"tzbb-2026d area-majority; NWS c_16ap26 TIME_ZONE=C"
29101,MO,"Johnson",America/Chicago,,,"tzbb-2026d area-majority; NWS c_16ap26 TIME_ZONE=C"
29103,MO,"Knox",America/Chicago,,,"tzbb-2026d area-majority; NWS c_16ap26 TIME_ZONE=C"
29105,MO,"Laclede",America/Chicago,,,"tzbb-2026d area-majority; NWS c_16ap26 TIME_ZONE=C"
29107,MO,"Lafayette",America/Chicago,,,"tzbb-2026d area-majority; NWS c_16ap26 TIME_ZONE=C"
29109,MO,"Lawrence",America/Chicago,,,"tzbb-2026d area-majority; NWS c_16ap26 TIME_ZONE=C"
29111,MO,"Lewis",America/Chicago,,,"tzbb-2026d area-majority; NWS c_16ap26 TIME_ZONE=C"
29113,MO,"Lincoln",America/Chicago,,,"tzbb-2026d area-majority; NWS c_16ap26 TIME_ZONE=C"
29115,MO,"Linn",America/Chicago,,,"tzbb-2026d area-majority; NWS c_16ap26 TIME_ZONE=C"
29117,MO,"Livingston",America/Chicago,,,"tzbb-2026d area-majority; NWS c_16ap26 TIME_ZONE=C"
29119,MO,"McDonald",America/Chicago,,,"tzbb-2026d area-majority; NWS c_16ap26 TIME_ZONE=C"
29121,MO,"Macon",America/Chicago,,,"tzbb-2026d area-majority; NWS c_16ap26 TIME_ZONE=C"
29123,MO,"Madison",America/Chicago,,,"tzbb-2026d area-majority; NWS c_16ap26 TIME_ZONE=C"
29125,MO,"Maries",America/Chicago,,,"tzbb-2026d area-majority; NWS c_16ap26 TIME_ZONE=C"
29127,MO,"Marion",America/Chicago,,,"tzbb-2026d area-majority; NWS c_16ap26 TIME_ZONE=C"
29129,MO,"Mercer",America/Chicago,,,"tzbb-2026d area-majority; NWS c_16ap26 TIME_ZONE=C"
29131,MO,"Miller",America/Chicago,,,"tzbb-2026d area-majority; NWS c_16ap26 TIME_ZONE=C"
29133,MO,"Mississippi",America/Chicago,,,"tzbb-2026d area-majority; NWS c_16ap26 TIME_ZONE=C"
29135,MO,"Moniteau",America/Chicago,,,"tzbb-2026d area-majority; NWS c_16ap26 TIME_ZONE=C"
29137,MO,"Monroe",America/Chicago,,,"tzbb-2026d area-majority; NWS c_16ap26 TIME_ZONE=C"
29139,MO,"Montgomery",America/Chicago,,,"tzbb-2026d area-majority; NWS c_16ap26 TIME_ZONE=C"
29141,MO,"Morgan",America/Chicago,,,"tzbb-2026d area-majority; NWS c_16ap26 TIME_ZONE=C"
29143,MO,"New Madrid",America/Chicago,,,"tzbb-2026d area-majority; NWS c_16ap26 TIME_ZONE=C"
29145,MO,"Newton",America/Chicago,,,"tzbb-2026d area-majority; NWS c_16ap26 TIME_ZONE=C"
29147,MO,"Nodaway",America/Chicago,,,"tzbb-2026d area-majority; NWS c_16ap26 TIME_ZONE=C"
29149,MO,"Oregon",America/Chicago,,,"tzbb-2026d area-majority; NWS c_16ap26 TIME_ZONE=C"
29151,MO,"Osage",America/Chicago,,,"tzbb-2026d area-majority; NWS c_16ap26 TIME_ZONE=C"
29153,MO,"Ozark",America/Chicago,,,"tzbb-2026d area-majority; NWS c_16ap26 TIME_ZONE=C"
29155,MO,"Pemiscot",America/Chicago,,,"tzbb-2026d area-majority; NWS c_16ap26 TIME_ZONE=C"
29157,MO,"Perry",America/Chicago,,,"tzbb-2026d area-majority; NWS c_16ap26 TIME_ZONE=C"
29159,MO,"Pettis",America/Chicago,,,"tzbb-2026d area-majority; NWS c_16ap26 TIME_ZONE=C"
29161,MO,"Phelps",America/Chicago,,,"tzbb-2026d area-majority; NWS c_16ap26 TIME_ZONE=C"
29163,MO,"Pike",America/Chicago,,,"tzbb-2026d area-majority; NWS c_16ap26 TIME_ZONE=C"
29165,MO,"Platte",America/Chicago,,,"tzbb-2026d area-majority; NWS c_16ap26 TIME_ZONE=C"
29167,MO,"Polk",America/Chicago,,,"tzbb-2026d area-majority; NWS c_16ap26 TIME_ZONE=C"
29169,MO,"Pulaski",America/Chicago,,,"tzbb-2026d area-majority; NWS c_16ap26 TIME_ZONE=C"
29171,MO,"Putnam",America/Chicago,,,"tzbb-2026d area-majority; NWS c_16ap26 TIME_ZONE=C"
29173,MO,"Ralls",America/Chicago,,,"tzbb-2026d area-majority; NWS c_16ap26 TIME_ZONE=C"
29175,MO,"Randolph",America/Chicago,,,"tzbb-2026d area-majority; NWS c_16ap26 TIME_ZONE=C"
29177,MO,"Ray",America/Chicago,,,"tzbb-2026d area-majority; NWS c_16ap26 TIME_ZONE=C"
29179,MO,"Reynolds",America/Chicago,,,"tzbb-2026d area-majority; NWS c_16ap26 TIME_ZONE=C"
29181,MO,"Ripley",America/Chicago,,,"tzbb-2026d area-majority; NWS c_16ap26 TIME_ZONE=C"
29183,MO,"St. Charles",America/Chicago,,,"tzbb-2026d area-majority; NWS c_16ap26 TIME_ZONE=C"
29185,MO,"St. Clair",America/Chicago,,,"tzbb-2026d area-majority; NWS c_16ap26 TIME_ZONE=C"
29186,MO,"Ste. Genevieve",America/Chicago,,,"tzbb-2026d area-majority; NWS c_16ap26 TIME_ZONE=C"
29187,MO,"St. Francois",America/Chicago,,,"tzbb-2026d area-majority; NWS c_16ap26 TIME_ZONE=C"
29189,MO,"St. Louis",America/Chicago,,,"tzbb-2026d area-majority; NWS c_16ap26 TIME_ZONE=C"
29195,MO,"Saline",America/Chicago,,,"tzbb-2026d area-majority; NWS c_16ap26 TIME_ZONE=C"
29197,MO,"Schuyler",America/Chicago,,,"tzbb-2026d area-majority; NWS c_16ap26 TIME_ZONE=C"
29199,MO,"Scotland",America/Chicago,,,"tzbb-2026d area-majority; NWS c_16ap26 TIME_ZONE=C"
29201,MO,"Scott",America/Chicago,,,"tzbb-2026d area-majority; NWS c_16ap26 TIME_ZONE=C"
29203,MO,"Shannon",America/Chicago,,,"tzbb-2026d area-majority; NWS c_16ap26 TIME_ZONE=C"
29205,MO,"Shelby",America/Chicago,,,"tzbb-2026d area-majority; NWS c_16ap26 TIME_ZONE=C"
29207,MO,"Stoddard",America/Chicago,,,"tzbb-2026d area-majority; NWS c_16ap26 TIME_ZONE=C"
29209,MO,"Stone",America/Chicago,,,"tzbb-2026d area-majority; NWS c_16ap26 TIME_ZONE=C"
29211,MO,"Sullivan",America/Chicago,,,"tzbb-2026d area-majority; NWS c_16ap26 TIME_ZONE=C"
29213,MO,"Taney",America/Chicago,,,"tzbb-2026d area-majority; NWS c_16ap26 TIME_ZONE=C"
29215,MO,"Texas",America/Chicago,,,"tzbb-2026d area-majority; NWS c_16ap26 TIME_ZONE=C"
29217,MO,"Vernon",America/Chicago,,,"tzbb-2026d area-majority; NWS c_16ap26 TIME_ZONE=C"
29219,MO,"Warren",America/Chicago,,,"tzbb-2026d area-majority; NWS c_16ap26 TIME_ZONE=C"
29221,MO,"Washington",America/Chicago,,,"tzbb-2026d area-majority; NWS c_16ap26 TIME_ZONE=C"
29223,MO,"Wayne",America/Chicago,,,"tzbb-2026d area-majority; NWS c_16ap26 TIME_ZONE=C"
29225,MO,"Webster",America/Chicago,,,"tzbb-2026d area-majority; NWS c_16ap26 TIME_ZONE=C"
29227,MO,"Worth",America/Chicago,,,"tzbb-2026d area-majority; NWS c_16ap26 TIME_ZONE=C"
29229,MO,"Wright",America/Chicago,,,"tzbb-2026d area-majority; NWS c_16ap26 TIME_ZONE=C"
29510,MO,"St. Louis City",America/Chicago,,,"tzbb-2026d area-majority; NWS c_16ap26 TIME_ZONE=C"
30001,MT,"Beaverhead",America/Denver,,,"tzbb-2026d area-majority; NWS c_16ap26 TIME_ZONE=M"
30003,MT,"Big Horn",America/Denver,,,"tzbb-2026d area-majority; NWS c_16ap26 TIME_ZONE=M"
30005,MT,"Blaine",America/Denver,,,"tzbb-2026d area-majority; NWS c_16ap26 TIME_ZONE=M"
30007,MT,"Broadwater",America/Denver,,,"tzbb-2026d area-majority; NWS c_16ap26 TIME_ZONE=M"
30009,MT,"Carbon",America/Denver,,,"tzbb-2026d area-majority; NWS c_16ap26 TIME_ZONE=M"
30011,MT,"Carter",America/Denver,,,"tzbb-2026d area-majority; NWS c_16ap26 TIME_ZONE=M"
30013,MT,"Cascade",America/Denver,,,"tzbb-2026d area-majority; NWS c_16ap26 TIME_ZONE=M"
30015,MT,"Chouteau",America/Denver,,,"tzbb-2026d area-majority; NWS c_16ap26 TIME_ZONE=M"
30017,MT,"Custer",America/Denver,,,"tzbb-2026d area-majority; NWS c_16ap26 TIME_ZONE=M"
30019,MT,"Daniels",America/Denver,,,"tzbb-2026d area-majority; NWS c_16ap26 TIME_ZONE=M"
30021,MT,"Dawson",America/Denver,,,"tzbb-2026d area-majority; NWS c_16ap26 TIME_ZONE=M"
30023,MT,"Deer Lodge",America/Denver,,,"tzbb-2026d area-majority; NWS c_16ap26 TIME_ZONE=M"
30025,MT,"Fallon",America/Denver,,,"tzbb-2026d area-majority; NWS c_16ap26 TIME_ZONE=M"
30027,MT,"Fergus",America/Denver,,,"tzbb-2026d area-majority; NWS c_16ap26 TIME_ZONE=M"
30029,MT,"Flathead",America/Denver,,,"tzbb-2026d area-majority; NWS c_16ap26 TIME_ZONE=M"
30031,MT,"Gallatin",America/Denver,,,"tzbb-2026d area-majority; NWS c_16ap26 TIME_ZONE=M"
30033,MT,"Garfield",America/Denver,,,"tzbb-2026d area-majority; NWS c_16ap26 TIME_ZONE=M"
30035,MT,"Glacier",America/Denver,,,"tzbb-2026d area-majority; NWS c_16ap26 TIME_ZONE=M"
30037,MT,"Golden Valley",America/Denver,,,"tzbb-2026d area-majority; NWS c_16ap26 TIME_ZONE=M"
30039,MT,"Granite",America/Denver,,,"tzbb-2026d area-majority; NWS c_16ap26 TIME_ZONE=M"
30041,MT,"Hill",America/Denver,,,"tzbb-2026d area-majority; NWS c_16ap26 TIME_ZONE=M"
30043,MT,"Jefferson",America/Denver,,,"tzbb-2026d area-majority; NWS c_16ap26 TIME_ZONE=M"
30045,MT,"Judith Basin",America/Denver,,,"tzbb-2026d area-majority; NWS c_16ap26 TIME_ZONE=M"
30047,MT,"Lake",America/Denver,,,"tzbb-2026d area-majority; NWS c_16ap26 TIME_ZONE=M"
30049,MT,"Lewis and Clark",America/Denver,,,"tzbb-2026d area-majority; NWS c_16ap26 TIME_ZONE=M"
30051,MT,"Liberty",America/Denver,,,"tzbb-2026d area-majority; NWS c_16ap26 TIME_ZONE=M"
30053,MT,"Lincoln",America/Denver,,,"tzbb-2026d area-majority; NWS c_16ap26 TIME_ZONE=M"
30055,MT,"McCone",America/Denver,,,"tzbb-2026d area-majority; NWS c_16ap26 TIME_ZONE=M"
30057,MT,"Madison",America/Denver,,,"tzbb-2026d area-majority; NWS c_16ap26 TIME_ZONE=M"
30059,MT,"Meagher",America/Denver,,,"tzbb-2026d area-majority; NWS c_16ap26 TIME_ZONE=M"
30061,MT,"Mineral",America/Denver,,,"tzbb-2026d area-majority; NWS c_16ap26 TIME_ZONE=M"
30063,MT,"Missoula",America/Denver,,,"tzbb-2026d area-majority; NWS c_16ap26 TIME_ZONE=M"
30065,MT,"Musselshell",America/Denver,,,"tzbb-2026d area-majority; NWS c_16ap26 TIME_ZONE=M"
30067,MT,"Park",America/Denver,,,"tzbb-2026d area-majority; NWS c_16ap26 TIME_ZONE=M"
30069,MT,"Petroleum",America/Denver,,,"tzbb-2026d area-majority; NWS c_16ap26 TIME_ZONE=M"
30071,MT,"Phillips",America/Denver,,,"tzbb-2026d area-majority; NWS c_16ap26 TIME_ZONE=M"
30073,MT,"Pondera",America/Denver,,,"tzbb-2026d area-majority; NWS c_16ap26 TIME_ZONE=M"
30075,MT,"Powder River",America/Denver,,,"tzbb-2026d area-majority; NWS c_16ap26 TIME_ZONE=M"
30077,MT,"Powell",America/Denver,,,"tzbb-2026d area-majority; NWS c_16ap26 TIME_ZONE=M"
30079,MT,"Prairie",America/Denver,,,"tzbb-2026d area-majority; NWS c_16ap26 TIME_ZONE=M"
30081,MT,"Ravalli",America/Denver,,,"tzbb-2026d area-majority; NWS c_16ap26 TIME_ZONE=M"
30083,MT,"Richland",America/Denver,,,"tzbb-2026d area-majority; NWS c_16ap26 TIME_ZONE=M"
30085,MT,"Roosevelt",America/Denver,,,"tzbb-2026d area-majority; NWS c_16ap26 TIME_ZONE=M"
30087,MT,"Rosebud",America/Denver,,,"tzbb-2026d area-majority; NWS c_16ap26 TIME_ZONE=M"
30089,MT,"Sanders",America/Denver,,,"tzbb-2026d area-majority; NWS c_16ap26 TIME_ZONE=M"
30091,MT,"Sheridan",America/Denver,,,"tzbb-2026d area-majority; NWS c_16ap26 TIME_ZONE=M"
30093,MT,"Silver Bow",America/Denver,,,"tzbb-2026d area-majority; NWS c_16ap26 TIME_ZONE=M"
30095,MT,"Stillwater",America/Denver,,,"tzbb-2026d area-majority; NWS c_16ap26 TIME_ZONE=M"
30097,MT,"Sweet Grass",America/Denver,,,"tzbb-2026d area-majority; NWS c_16ap26 TIME_ZONE=M"
30099,MT,"Teton",America/Denver,,,"tzbb-2026d area-majority; NWS c_16ap26 TIME_ZONE=M"
30101,MT,"Toole",America/Denver,,,"tzbb-2026d area-majority; NWS c_16ap26 TIME_ZONE=M"
30103,MT,"Treasure",America/Denver,,,"tzbb-2026d area-majority; NWS c_16ap26 TIME_ZONE=M"
30105,MT,"Valley",America/Denver,,,"tzbb-2026d area-majority; NWS c_16ap26 TIME_ZONE=M"
30107,MT,"Wheatland",America/Denver,,,"tzbb-2026d area-majority; NWS c_16ap26 TIME_ZONE=M"
30109,MT,"Wibaux",America/Denver,,,"tzbb-2026d area-majority; NWS c_16ap26 TIME_ZONE=M"
30111,MT,"Yellowstone",America/Denver,,,"tzbb-2026d area-majority; NWS c_16ap26 TIME_ZONE=M"
31001,NE,"Adams",America/Chicago,,,"tzbb-2026d area-majority; NWS c_16ap26 TIME_ZONE=C"
31003,NE,"Antelope",America/Chicago,,,"tzbb-2026d area-majority; NWS c_16ap26 TIME_ZONE=C"
31005,NE,"Arthur",America/Denver,,,"tzbb-2026d area-majority; NWS c_16ap26 TIME_ZONE=M"
31007,NE,"Banner",America/Denver,,,"tzbb-2026d area-majority; NWS c_16ap26 TIME_ZONE=M"
31009,NE,"Blaine",America/Chicago,,,"tzbb-2026d area-majority; NWS c_16ap26 TIME_ZONE=C"
31011,NE,"Boone",America/Chicago,,,"tzbb-2026d area-majority; NWS c_16ap26 TIME_ZONE=C"
31013,NE,"Box Butte",America/Denver,,,"tzbb-2026d area-majority; NWS c_16ap26 TIME_ZONE=M"
31015,NE,"Boyd",America/Chicago,,,"tzbb-2026d area-majority; NWS c_16ap26 TIME_ZONE=C"
31017,NE,"Brown",America/Chicago,,,"tzbb-2026d area-majority; NWS c_16ap26 TIME_ZONE=C"
31019,NE,"Buffalo",America/Chicago,,,"tzbb-2026d area-majority; NWS c_16ap26 TIME_ZONE=C"
31021,NE,"Burt",America/Chicago,,,"tzbb-2026d area-majority; NWS c_16ap26 TIME_ZONE=C"
31023,NE,"Butler",America/Chicago,,,"tzbb-2026d area-majority; NWS c_16ap26 TIME_ZONE=C"
31025,NE,"Cass",America/Chicago,,,"tzbb-2026d area-majority; NWS c_16ap26 TIME_ZONE=C"
31027,NE,"Cedar",America/Chicago,,,"tzbb-2026d area-majority; NWS c_16ap26 TIME_ZONE=C"
31029,NE,"Chase",America/Denver,,,"tzbb-2026d area-majority; NWS c_16ap26 TIME_ZONE=M"
31031,NE,"Cherry",America/Denver,America/Chicago,34.77,"tzbb-2026d area-majority; NWS c_16ap26 TIME_ZONE=MC; RESOLVED: Split (49 CFR 71.7 range-line boundary): west Mountain, east (Valentine) Central. NWS MC agrees. Area majority Mountain."
31033,NE,"Cheyenne",America/Denver,,,"tzbb-2026d area-majority; NWS c_16ap26 TIME_ZONE=M"
31035,NE,"Clay",America/Chicago,,,"tzbb-2026d area-majority; NWS c_16ap26 TIME_ZONE=C"
31037,NE,"Colfax",America/Chicago,,,"tzbb-2026d area-majority; NWS c_16ap26 TIME_ZONE=C"
31039,NE,"Cuming",America/Chicago,,,"tzbb-2026d area-majority; NWS c_16ap26 TIME_ZONE=C"
31041,NE,"Custer",America/Chicago,,,"tzbb-2026d area-majority; NWS c_16ap26 TIME_ZONE=C"
31043,NE,"Dakota",America/Chicago,,,"tzbb-2026d area-majority; NWS c_16ap26 TIME_ZONE=C"
31045,NE,"Dawes",America/Denver,,,"tzbb-2026d area-majority; NWS c_16ap26 TIME_ZONE=M"
31047,NE,"Dawson",America/Chicago,,,"tzbb-2026d area-majority; NWS c_16ap26 TIME_ZONE=C"
31049,NE,"Deuel",America/Denver,,,"tzbb-2026d area-majority; NWS c_16ap26 TIME_ZONE=M"
31051,NE,"Dixon",America/Chicago,,,"tzbb-2026d area-majority; NWS c_16ap26 TIME_ZONE=C"
31053,NE,"Dodge",America/Chicago,,,"tzbb-2026d area-majority; NWS c_16ap26 TIME_ZONE=C"
31055,NE,"Douglas",America/Chicago,,,"tzbb-2026d area-majority; NWS c_16ap26 TIME_ZONE=C"
31057,NE,"Dundy",America/Denver,,,"tzbb-2026d area-majority; NWS c_16ap26 TIME_ZONE=M"
31059,NE,"Fillmore",America/Chicago,,,"tzbb-2026d area-majority; NWS c_16ap26 TIME_ZONE=C"
31061,NE,"Franklin",America/Chicago,,,"tzbb-2026d area-majority; NWS c_16ap26 TIME_ZONE=C"
31063,NE,"Frontier",America/Chicago,,,"tzbb-2026d area-majority; NWS c_16ap26 TIME_ZONE=C"
31065,NE,"Furnas",America/Chicago,,,"tzbb-2026d area-majority; NWS c_16ap26 TIME_ZONE=C"
31067,NE,"Gage",America/Chicago,,,"tzbb-2026d area-majority; NWS c_16ap26 TIME_ZONE=C"
31069,NE,"Garden",America/Denver,,,"tzbb-2026d area-majority; NWS c_16ap26 TIME_ZONE=M"
31071,NE,"Garfield",America/Chicago,,,"tzbb-2026d area-majority; NWS c_16ap26 TIME_ZONE=C"
31073,NE,"Gosper",America/Chicago,,,"tzbb-2026d area-majority; NWS c_16ap26 TIME_ZONE=C"
31075,NE,"Grant",America/Denver,,,"tzbb-2026d area-majority; NWS c_16ap26 TIME_ZONE=M"
31077,NE,"Greeley",America/Chicago,,,"tzbb-2026d area-majority; NWS c_16ap26 TIME_ZONE=C"
31079,NE,"Hall",America/Chicago,,,"tzbb-2026d area-majority; NWS c_16ap26 TIME_ZONE=C"
31081,NE,"Hamilton",America/Chicago,,,"tzbb-2026d area-majority; NWS c_16ap26 TIME_ZONE=C"
31083,NE,"Harlan",America/Chicago,,,"tzbb-2026d area-majority; NWS c_16ap26 TIME_ZONE=C"
31085,NE,"Hayes",America/Chicago,,,"tzbb-2026d area-majority; NWS c_16ap26 TIME_ZONE=C"
31087,NE,"Hitchcock",America/Chicago,,,"tzbb-2026d area-majority; NWS c_16ap26 TIME_ZONE=C"
31089,NE,"Holt",America/Chicago,,,"tzbb-2026d area-majority; NWS c_16ap26 TIME_ZONE=C"
31091,NE,"Hooker",America/Denver,,,"tzbb-2026d area-majority; NWS c_16ap26 TIME_ZONE=M"
31093,NE,"Howard",America/Chicago,,,"tzbb-2026d area-majority; NWS c_16ap26 TIME_ZONE=C"
31095,NE,"Jefferson",America/Chicago,,,"tzbb-2026d area-majority; NWS c_16ap26 TIME_ZONE=C"
31097,NE,"Johnson",America/Chicago,,,"tzbb-2026d area-majority; NWS c_16ap26 TIME_ZONE=C"
31099,NE,"Kearney",America/Chicago,,,"tzbb-2026d area-majority; NWS c_16ap26 TIME_ZONE=C"
31101,NE,"Keith",America/Denver,,,"tzbb-2026d area-majority; NWS c_16ap26 TIME_ZONE=M"
31103,NE,"Keya Paha",America/Chicago,,,"tzbb-2026d area-majority; NWS c_16ap26 TIME_ZONE=C"
31105,NE,"Kimball",America/Denver,,,"tzbb-2026d area-majority; NWS c_16ap26 TIME_ZONE=M"
31107,NE,"Knox",America/Chicago,,,"tzbb-2026d area-majority; NWS c_16ap26 TIME_ZONE=C"
31109,NE,"Lancaster",America/Chicago,,,"tzbb-2026d area-majority; NWS c_16ap26 TIME_ZONE=C"
31111,NE,"Lincoln",America/Chicago,,,"tzbb-2026d area-majority; NWS c_16ap26 TIME_ZONE=C"
31113,NE,"Logan",America/Chicago,,,"tzbb-2026d area-majority; NWS c_16ap26 TIME_ZONE=C"
31115,NE,"Loup",America/Chicago,,,"tzbb-2026d area-majority; NWS c_16ap26 TIME_ZONE=C"
31117,NE,"McPherson",America/Chicago,,,"tzbb-2026d area-majority; NWS c_16ap26 TIME_ZONE=C"
31119,NE,"Madison",America/Chicago,,,"tzbb-2026d area-majority; NWS c_16ap26 TIME_ZONE=C"
31121,NE,"Merrick",America/Chicago,,,"tzbb-2026d area-majority; NWS c_16ap26 TIME_ZONE=C"
31123,NE,"Morrill",America/Denver,,,"tzbb-2026d area-majority; NWS c_16ap26 TIME_ZONE=M"
31125,NE,"Nance",America/Chicago,,,"tzbb-2026d area-majority; NWS c_16ap26 TIME_ZONE=C"
31127,NE,"Nemaha",America/Chicago,,,"tzbb-2026d area-majority; NWS c_16ap26 TIME_ZONE=C"
31129,NE,"Nuckolls",America/Chicago,,,"tzbb-2026d area-majority; NWS c_16ap26 TIME_ZONE=C"
31131,NE,"Otoe",America/Chicago,,,"tzbb-2026d area-majority; NWS c_16ap26 TIME_ZONE=C"
31133,NE,"Pawnee",America/Chicago,,,"tzbb-2026d area-majority; NWS c_16ap26 TIME_ZONE=C"
31135,NE,"Perkins",America/Denver,,,"tzbb-2026d area-majority; NWS c_16ap26 TIME_ZONE=M"
31137,NE,"Phelps",America/Chicago,,,"tzbb-2026d area-majority; NWS c_16ap26 TIME_ZONE=C"
31139,NE,"Pierce",America/Chicago,,,"tzbb-2026d area-majority; NWS c_16ap26 TIME_ZONE=C"
31141,NE,"Platte",America/Chicago,,,"tzbb-2026d area-majority; NWS c_16ap26 TIME_ZONE=C"
31143,NE,"Polk",America/Chicago,,,"tzbb-2026d area-majority; NWS c_16ap26 TIME_ZONE=C"
31145,NE,"Red Willow",America/Chicago,,,"tzbb-2026d area-majority; NWS c_16ap26 TIME_ZONE=C"
31147,NE,"Richardson",America/Chicago,,,"tzbb-2026d area-majority; NWS c_16ap26 TIME_ZONE=C"
31149,NE,"Rock",America/Chicago,,,"tzbb-2026d area-majority; NWS c_16ap26 TIME_ZONE=C"
31151,NE,"Saline",America/Chicago,,,"tzbb-2026d area-majority; NWS c_16ap26 TIME_ZONE=C"
31153,NE,"Sarpy",America/Chicago,,,"tzbb-2026d area-majority; NWS c_16ap26 TIME_ZONE=C"
31155,NE,"Saunders",America/Chicago,,,"tzbb-2026d area-majority; NWS c_16ap26 TIME_ZONE=C"
31157,NE,"Scotts Bluff",America/Denver,,,"tzbb-2026d area-majority; NWS c_16ap26 TIME_ZONE=M"
31159,NE,"Seward",America/Chicago,,,"tzbb-2026d area-majority; NWS c_16ap26 TIME_ZONE=C"
31161,NE,"Sheridan",America/Denver,,,"tzbb-2026d area-majority; NWS c_16ap26 TIME_ZONE=M"
31163,NE,"Sherman",America/Chicago,,,"tzbb-2026d area-majority; NWS c_16ap26 TIME_ZONE=C"
31165,NE,"Sioux",America/Denver,,,"tzbb-2026d area-majority; NWS c_16ap26 TIME_ZONE=M"
31167,NE,"Stanton",America/Chicago,,,"tzbb-2026d area-majority; NWS c_16ap26 TIME_ZONE=C"
31169,NE,"Thayer",America/Chicago,,,"tzbb-2026d area-majority; NWS c_16ap26 TIME_ZONE=C"
31171,NE,"Thomas",America/Chicago,,,"tzbb-2026d area-majority; NWS c_16ap26 TIME_ZONE=C"
31173,NE,"Thurston",America/Chicago,,,"tzbb-2026d area-majority; NWS c_16ap26 TIME_ZONE=C"
31175,NE,"Valley",America/Chicago,,,"tzbb-2026d area-majority; NWS c_16ap26 TIME_ZONE=C"
31177,NE,"Washington",America/Chicago,,,"tzbb-2026d area-majority; NWS c_16ap26 TIME_ZONE=C"
31179,NE,"Wayne",America/Chicago,,,"tzbb-2026d area-majority; NWS c_16ap26 TIME_ZONE=C"
31181,NE,"Webster",America/Chicago,,,"tzbb-2026d area-majority; NWS c_16ap26 TIME_ZONE=C"
31183,NE,"Wheeler",America/Chicago,,,"tzbb-2026d area-majority; NWS c_16ap26 TIME_ZONE=C"
31185,NE,"York",America/Chicago,,,"tzbb-2026d area-majority; NWS c_16ap26 TIME_ZONE=C"
32001,NV,"Churchill",America/Los_Angeles,,,"tzbb-2026d area-majority; NWS c_16ap26 TIME_ZONE=P"
32003,NV,"Clark",America/Los_Angeles,,,"tzbb-2026d area-majority; NWS c_16ap26 TIME_ZONE=P"
32005,NV,"Douglas",America/Los_Angeles,,,"tzbb-2026d area-majority; NWS c_16ap26 TIME_ZONE=P"
32007,NV,"Elko",America/Los_Angeles,,,"tzbb-2026d area-majority; NWS c_16ap26 TIME_ZONE=P"
32009,NV,"Esmeralda",America/Los_Angeles,,,"tzbb-2026d area-majority; NWS c_16ap26 TIME_ZONE=P"
32011,NV,"Eureka",America/Los_Angeles,,,"tzbb-2026d area-majority; NWS c_16ap26 TIME_ZONE=P"
32013,NV,"Humboldt",America/Los_Angeles,,,"tzbb-2026d area-majority; NWS c_16ap26 TIME_ZONE=P"
32015,NV,"Lander",America/Los_Angeles,,,"tzbb-2026d area-majority; NWS c_16ap26 TIME_ZONE=P"
32017,NV,"Lincoln",America/Los_Angeles,,,"tzbb-2026d area-majority; NWS c_16ap26 TIME_ZONE=P"
32019,NV,"Lyon",America/Los_Angeles,,,"tzbb-2026d area-majority; NWS c_16ap26 TIME_ZONE=P"
32021,NV,"Mineral",America/Los_Angeles,,,"tzbb-2026d area-majority; NWS c_16ap26 TIME_ZONE=P"
32023,NV,"Nye",America/Los_Angeles,,,"tzbb-2026d area-majority; NWS c_16ap26 TIME_ZONE=P"
32027,NV,"Pershing",America/Los_Angeles,,,"tzbb-2026d area-majority; NWS c_16ap26 TIME_ZONE=P"
32029,NV,"Storey",America/Los_Angeles,,,"tzbb-2026d area-majority; NWS c_16ap26 TIME_ZONE=P"
32031,NV,"Washoe",America/Los_Angeles,,,"tzbb-2026d area-majority; NWS c_16ap26 TIME_ZONE=P"
32033,NV,"White Pine",America/Los_Angeles,,,"tzbb-2026d area-majority; NWS c_16ap26 TIME_ZONE=P"
32510,NV,"Carson City",America/Los_Angeles,,,"tzbb-2026d area-majority; NWS c_16ap26 TIME_ZONE=P"
33001,NH,"Belknap",America/New_York,,,"tzbb-2026d area-majority; NWS c_16ap26 TIME_ZONE=E"
33003,NH,"Carroll",America/New_York,,,"tzbb-2026d area-majority; NWS c_16ap26 TIME_ZONE=E"
33005,NH,"Cheshire",America/New_York,,,"tzbb-2026d area-majority; NWS c_16ap26 TIME_ZONE=E"
33007,NH,"Coos",America/New_York,,,"tzbb-2026d area-majority; NWS c_16ap26 TIME_ZONE=E"
33009,NH,"Grafton",America/New_York,,,"tzbb-2026d area-majority; NWS c_16ap26 TIME_ZONE=E"
33011,NH,"Hillsborough",America/New_York,,,"tzbb-2026d area-majority; NWS c_16ap26 TIME_ZONE=E"
33013,NH,"Merrimack",America/New_York,,,"tzbb-2026d area-majority; NWS c_16ap26 TIME_ZONE=E"
33015,NH,"Rockingham",America/New_York,,,"tzbb-2026d area-majority; NWS c_16ap26 TIME_ZONE=E"
33017,NH,"Strafford",America/New_York,,,"tzbb-2026d area-majority; NWS c_16ap26 TIME_ZONE=E"
33019,NH,"Sullivan",America/New_York,,,"tzbb-2026d area-majority; NWS c_16ap26 TIME_ZONE=E"
34001,NJ,"Atlantic",America/New_York,,,"tzbb-2026d area-majority; NWS c_16ap26 TIME_ZONE=E"
34003,NJ,"Bergen",America/New_York,,,"tzbb-2026d area-majority; NWS c_16ap26 TIME_ZONE=E"
34005,NJ,"Burlington",America/New_York,,,"tzbb-2026d area-majority; NWS c_16ap26 TIME_ZONE=E"
34007,NJ,"Camden",America/New_York,,,"tzbb-2026d area-majority; NWS c_16ap26 TIME_ZONE=E"
34009,NJ,"Cape May",America/New_York,,,"tzbb-2026d area-majority; NWS c_16ap26 TIME_ZONE=E"
34011,NJ,"Cumberland",America/New_York,,,"tzbb-2026d area-majority; NWS c_16ap26 TIME_ZONE=E"
34013,NJ,"Essex",America/New_York,,,"tzbb-2026d area-majority; NWS c_16ap26 TIME_ZONE=E"
34015,NJ,"Gloucester",America/New_York,,,"tzbb-2026d area-majority; NWS c_16ap26 TIME_ZONE=E"
34017,NJ,"Hudson",America/New_York,,,"tzbb-2026d area-majority; NWS c_16ap26 TIME_ZONE=E"
34019,NJ,"Hunterdon",America/New_York,,,"tzbb-2026d area-majority; NWS c_16ap26 TIME_ZONE=E"
34021,NJ,"Mercer",America/New_York,,,"tzbb-2026d area-majority; NWS c_16ap26 TIME_ZONE=E"
34023,NJ,"Middlesex",America/New_York,,,"tzbb-2026d area-majority; NWS c_16ap26 TIME_ZONE=E"
34025,NJ,"Monmouth",America/New_York,,,"tzbb-2026d area-majority; NWS c_16ap26 TIME_ZONE=E"
34027,NJ,"Morris",America/New_York,,,"tzbb-2026d area-majority; NWS c_16ap26 TIME_ZONE=E"
34029,NJ,"Ocean",America/New_York,,,"tzbb-2026d area-majority; NWS c_16ap26 TIME_ZONE=E"
34031,NJ,"Passaic",America/New_York,,,"tzbb-2026d area-majority; NWS c_16ap26 TIME_ZONE=E"
34033,NJ,"Salem",America/New_York,,,"tzbb-2026d area-majority; NWS c_16ap26 TIME_ZONE=E"
34035,NJ,"Somerset",America/New_York,,,"tzbb-2026d area-majority; NWS c_16ap26 TIME_ZONE=E"
34037,NJ,"Sussex",America/New_York,,,"tzbb-2026d area-majority; NWS c_16ap26 TIME_ZONE=E"
34039,NJ,"Union",America/New_York,,,"tzbb-2026d area-majority; NWS c_16ap26 TIME_ZONE=E"
34041,NJ,"Warren",America/New_York,,,"tzbb-2026d area-majority; NWS c_16ap26 TIME_ZONE=E"
35001,NM,"Bernalillo",America/Denver,,,"tzbb-2026d area-majority; NWS c_16ap26 TIME_ZONE=M"
35003,NM,"Catron",America/Denver,,,"tzbb-2026d area-majority; NWS c_16ap26 TIME_ZONE=M"
35005,NM,"Chaves",America/Denver,,,"tzbb-2026d area-majority; NWS c_16ap26 TIME_ZONE=M"
35006,NM,"Cibola",America/Denver,,,"tzbb-2026d area-majority; NWS c_16ap26 TIME_ZONE=M"
35007,NM,"Colfax",America/Denver,,,"tzbb-2026d area-majority; NWS c_16ap26 TIME_ZONE=M"
35009,NM,"Curry",America/Denver,,,"tzbb-2026d area-majority; NWS c_16ap26 TIME_ZONE=M"
35011,NM,"De Baca",America/Denver,,,"tzbb-2026d area-majority; NWS c_16ap26 TIME_ZONE=M"
35013,NM,"Dona Ana",America/Denver,,,"tzbb-2026d area-majority; NWS c_16ap26 TIME_ZONE=M"
35015,NM,"Eddy",America/Denver,,,"tzbb-2026d area-majority; NWS c_16ap26 TIME_ZONE=M"
35017,NM,"Grant",America/Denver,,,"tzbb-2026d area-majority; NWS c_16ap26 TIME_ZONE=M"
35019,NM,"Guadalupe",America/Denver,,,"tzbb-2026d area-majority; NWS c_16ap26 TIME_ZONE=M"
35021,NM,"Harding",America/Denver,,,"tzbb-2026d area-majority; NWS c_16ap26 TIME_ZONE=M"
35023,NM,"Hidalgo",America/Denver,,,"tzbb-2026d area-majority; NWS c_16ap26 TIME_ZONE=M"
35025,NM,"Lea",America/Denver,,,"tzbb-2026d area-majority; NWS c_16ap26 TIME_ZONE=M"
35027,NM,"Lincoln",America/Denver,,,"tzbb-2026d area-majority; NWS c_16ap26 TIME_ZONE=M"
35028,NM,"Los Alamos",America/Denver,,,"tzbb-2026d area-majority; NWS c_16ap26 TIME_ZONE=M"
35029,NM,"Luna",America/Denver,,,"tzbb-2026d area-majority; NWS c_16ap26 TIME_ZONE=M"
35031,NM,"McKinley",America/Denver,,,"tzbb-2026d area-majority; NWS c_16ap26 TIME_ZONE=M"
35033,NM,"Mora",America/Denver,,,"tzbb-2026d area-majority; NWS c_16ap26 TIME_ZONE=M"
35035,NM,"Otero",America/Denver,,,"tzbb-2026d area-majority; NWS c_16ap26 TIME_ZONE=M"
35037,NM,"Quay",America/Denver,,,"tzbb-2026d area-majority; NWS c_16ap26 TIME_ZONE=M"
35039,NM,"Rio Arriba",America/Denver,,,"tzbb-2026d area-majority; NWS c_16ap26 TIME_ZONE=M"
35041,NM,"Roosevelt",America/Denver,,,"tzbb-2026d area-majority; NWS c_16ap26 TIME_ZONE=M"
35043,NM,"Sandoval",America/Denver,,,"tzbb-2026d area-majority; NWS c_16ap26 TIME_ZONE=M"
35045,NM,"San Juan",America/Denver,,,"tzbb-2026d area-majority; NWS c_16ap26 TIME_ZONE=M"
35047,NM,"San Miguel",America/Denver,,,"tzbb-2026d area-majority; NWS c_16ap26 TIME_ZONE=M"
35049,NM,"Santa Fe",America/Denver,,,"tzbb-2026d area-majority; NWS c_16ap26 TIME_ZONE=M"
35051,NM,"Sierra",America/Denver,,,"tzbb-2026d area-majority; NWS c_16ap26 TIME_ZONE=M"
35053,NM,"Socorro",America/Denver,,,"tzbb-2026d area-majority; NWS c_16ap26 TIME_ZONE=M"
35055,NM,"Taos",America/Denver,,,"tzbb-2026d area-majority; NWS c_16ap26 TIME_ZONE=M"
35057,NM,"Torrance",America/Denver,,,"tzbb-2026d area-majority; NWS c_16ap26 TIME_ZONE=M"
35059,NM,"Union",America/Denver,,,"tzbb-2026d area-majority; NWS c_16ap26 TIME_ZONE=M"
35061,NM,"Valencia",America/Denver,,,"tzbb-2026d area-majority; NWS c_16ap26 TIME_ZONE=M"
36001,NY,"Albany",America/New_York,,,"tzbb-2026d area-majority; NWS c_16ap26 TIME_ZONE=E"
36003,NY,"Allegany",America/New_York,,,"tzbb-2026d area-majority; NWS c_16ap26 TIME_ZONE=E"
36005,NY,"Bronx",America/New_York,,,"tzbb-2026d area-majority; NWS c_16ap26 TIME_ZONE=E"
36007,NY,"Broome",America/New_York,,,"tzbb-2026d area-majority; NWS c_16ap26 TIME_ZONE=E"
36009,NY,"Cattaraugus",America/New_York,,,"tzbb-2026d area-majority; NWS c_16ap26 TIME_ZONE=E"
36011,NY,"Cayuga",America/New_York,,,"tzbb-2026d area-majority; NWS c_16ap26 TIME_ZONE=E"
36013,NY,"Chautauqua",America/New_York,,,"tzbb-2026d area-majority; NWS c_16ap26 TIME_ZONE=E"
36015,NY,"Chemung",America/New_York,,,"tzbb-2026d area-majority; NWS c_16ap26 TIME_ZONE=E"
36017,NY,"Chenango",America/New_York,,,"tzbb-2026d area-majority; NWS c_16ap26 TIME_ZONE=E"
36019,NY,"Clinton",America/New_York,,,"tzbb-2026d area-majority; NWS c_16ap26 TIME_ZONE=E"
36021,NY,"Columbia",America/New_York,,,"tzbb-2026d area-majority; NWS c_16ap26 TIME_ZONE=E"
36023,NY,"Cortland",America/New_York,,,"tzbb-2026d area-majority; NWS c_16ap26 TIME_ZONE=E"
36025,NY,"Delaware",America/New_York,,,"tzbb-2026d area-majority; NWS c_16ap26 TIME_ZONE=E"
36027,NY,"Dutchess",America/New_York,,,"tzbb-2026d area-majority; NWS c_16ap26 TIME_ZONE=E"
36029,NY,"Erie",America/New_York,,,"tzbb-2026d area-majority; NWS c_16ap26 TIME_ZONE=E"
36031,NY,"Essex",America/New_York,,,"tzbb-2026d area-majority; NWS c_16ap26 TIME_ZONE=E"
36033,NY,"Franklin",America/New_York,,,"tzbb-2026d area-majority; NWS c_16ap26 TIME_ZONE=E"
36035,NY,"Fulton",America/New_York,,,"tzbb-2026d area-majority; NWS c_16ap26 TIME_ZONE=E"
36037,NY,"Genesee",America/New_York,,,"tzbb-2026d area-majority; NWS c_16ap26 TIME_ZONE=E"
36039,NY,"Greene",America/New_York,,,"tzbb-2026d area-majority; NWS c_16ap26 TIME_ZONE=E"
36041,NY,"Hamilton",America/New_York,,,"tzbb-2026d area-majority; NWS c_16ap26 TIME_ZONE=E"
36043,NY,"Herkimer",America/New_York,,,"tzbb-2026d area-majority; NWS c_16ap26 TIME_ZONE=E"
36045,NY,"Jefferson",America/New_York,,,"tzbb-2026d area-majority; NWS c_16ap26 TIME_ZONE=E"
36047,NY,"Kings",America/New_York,,,"tzbb-2026d area-majority; NWS c_16ap26 TIME_ZONE=E"
36049,NY,"Lewis",America/New_York,,,"tzbb-2026d area-majority; NWS c_16ap26 TIME_ZONE=E"
36051,NY,"Livingston",America/New_York,,,"tzbb-2026d area-majority; NWS c_16ap26 TIME_ZONE=E"
36053,NY,"Madison",America/New_York,,,"tzbb-2026d area-majority; NWS c_16ap26 TIME_ZONE=E"
36055,NY,"Monroe",America/New_York,,,"tzbb-2026d area-majority; NWS c_16ap26 TIME_ZONE=E"
36057,NY,"Montgomery",America/New_York,,,"tzbb-2026d area-majority; NWS c_16ap26 TIME_ZONE=E"
36059,NY,"Nassau",America/New_York,,,"tzbb-2026d area-majority; NWS c_16ap26 TIME_ZONE=E"
36061,NY,"New York (Manhattan)",America/New_York,,,"tzbb-2026d area-majority; NWS c_16ap26 TIME_ZONE=E"
36063,NY,"Niagara",America/New_York,,,"tzbb-2026d area-majority; NWS c_16ap26 TIME_ZONE=E"
36065,NY,"Oneida",America/New_York,,,"tzbb-2026d area-majority; NWS c_16ap26 TIME_ZONE=E"
36067,NY,"Onondaga",America/New_York,,,"tzbb-2026d area-majority; NWS c_16ap26 TIME_ZONE=E"
36069,NY,"Ontario",America/New_York,,,"tzbb-2026d area-majority; NWS c_16ap26 TIME_ZONE=E"
36071,NY,"Orange",America/New_York,,,"tzbb-2026d area-majority; NWS c_16ap26 TIME_ZONE=E"
36073,NY,"Orleans",America/New_York,,,"tzbb-2026d area-majority; NWS c_16ap26 TIME_ZONE=E"
36075,NY,"Oswego",America/New_York,,,"tzbb-2026d area-majority; NWS c_16ap26 TIME_ZONE=E"
36077,NY,"Otsego",America/New_York,,,"tzbb-2026d area-majority; NWS c_16ap26 TIME_ZONE=E"
36079,NY,"Putnam",America/New_York,,,"tzbb-2026d area-majority; NWS c_16ap26 TIME_ZONE=E"
36081,NY,"Queens",America/New_York,,,"tzbb-2026d area-majority; NWS c_16ap26 TIME_ZONE=E"
36083,NY,"Rensselaer",America/New_York,,,"tzbb-2026d area-majority; NWS c_16ap26 TIME_ZONE=E"
36085,NY,"Richmond",America/New_York,,,"tzbb-2026d area-majority; NWS c_16ap26 TIME_ZONE=E"
36087,NY,"Rockland",America/New_York,,,"tzbb-2026d area-majority; NWS c_16ap26 TIME_ZONE=E"
36089,NY,"St. Lawrence",America/New_York,,,"tzbb-2026d area-majority; NWS c_16ap26 TIME_ZONE=E"
36091,NY,"Saratoga",America/New_York,,,"tzbb-2026d area-majority; NWS c_16ap26 TIME_ZONE=E"
36093,NY,"Schenectady",America/New_York,,,"tzbb-2026d area-majority; NWS c_16ap26 TIME_ZONE=E"
36095,NY,"Schoharie",America/New_York,,,"tzbb-2026d area-majority; NWS c_16ap26 TIME_ZONE=E"
36097,NY,"Schuyler",America/New_York,,,"tzbb-2026d area-majority; NWS c_16ap26 TIME_ZONE=E"
36099,NY,"Seneca",America/New_York,,,"tzbb-2026d area-majority; NWS c_16ap26 TIME_ZONE=E"
36101,NY,"Steuben",America/New_York,,,"tzbb-2026d area-majority; NWS c_16ap26 TIME_ZONE=E"
36103,NY,"Suffolk",America/New_York,,,"tzbb-2026d area-majority; NWS c_16ap26 TIME_ZONE=E"
36105,NY,"Sullivan",America/New_York,,,"tzbb-2026d area-majority; NWS c_16ap26 TIME_ZONE=E"
36107,NY,"Tioga",America/New_York,,,"tzbb-2026d area-majority; NWS c_16ap26 TIME_ZONE=E"
36109,NY,"Tompkins",America/New_York,,,"tzbb-2026d area-majority; NWS c_16ap26 TIME_ZONE=E"
36111,NY,"Ulster",America/New_York,,,"tzbb-2026d area-majority; NWS c_16ap26 TIME_ZONE=E"
36113,NY,"Warren",America/New_York,,,"tzbb-2026d area-majority; NWS c_16ap26 TIME_ZONE=E"
36115,NY,"Washington",America/New_York,,,"tzbb-2026d area-majority; NWS c_16ap26 TIME_ZONE=E"
36117,NY,"Wayne",America/New_York,,,"tzbb-2026d area-majority; NWS c_16ap26 TIME_ZONE=E"
36119,NY,"Westchester",America/New_York,,,"tzbb-2026d area-majority; NWS c_16ap26 TIME_ZONE=E"
36121,NY,"Wyoming",America/New_York,,,"tzbb-2026d area-majority; NWS c_16ap26 TIME_ZONE=E"
36123,NY,"Yates",America/New_York,,,"tzbb-2026d area-majority; NWS c_16ap26 TIME_ZONE=E"
37001,NC,"Alamance",America/New_York,,,"tzbb-2026d area-majority; NWS c_16ap26 TIME_ZONE=E"
37003,NC,"Alexander",America/New_York,,,"tzbb-2026d area-majority; NWS c_16ap26 TIME_ZONE=E"
37005,NC,"Alleghany",America/New_York,,,"tzbb-2026d area-majority; NWS c_16ap26 TIME_ZONE=E"
37007,NC,"Anson",America/New_York,,,"tzbb-2026d area-majority; NWS c_16ap26 TIME_ZONE=E"
37009,NC,"Ashe",America/New_York,,,"tzbb-2026d area-majority; NWS c_16ap26 TIME_ZONE=E"
37011,NC,"Avery",America/New_York,,,"tzbb-2026d area-majority; NWS c_16ap26 TIME_ZONE=E"
37013,NC,"Beaufort",America/New_York,,,"tzbb-2026d area-majority; NWS c_16ap26 TIME_ZONE=E"
37015,NC,"Bertie",America/New_York,,,"tzbb-2026d area-majority; NWS c_16ap26 TIME_ZONE=E"
37017,NC,"Bladen",America/New_York,,,"tzbb-2026d area-majority; NWS c_16ap26 TIME_ZONE=E"
37019,NC,"Brunswick",America/New_York,,,"tzbb-2026d area-majority; NWS c_16ap26 TIME_ZONE=E"
37021,NC,"Buncombe",America/New_York,,,"tzbb-2026d area-majority; NWS c_16ap26 TIME_ZONE=E"
37023,NC,"Burke",America/New_York,,,"tzbb-2026d area-majority; NWS c_16ap26 TIME_ZONE=E"
37025,NC,"Cabarrus",America/New_York,,,"tzbb-2026d area-majority; NWS c_16ap26 TIME_ZONE=E"
37027,NC,"Caldwell",America/New_York,,,"tzbb-2026d area-majority; NWS c_16ap26 TIME_ZONE=E"
37029,NC,"Camden",America/New_York,,,"tzbb-2026d area-majority; NWS c_16ap26 TIME_ZONE=E"
37031,NC,"Carteret",America/New_York,,,"tzbb-2026d area-majority; NWS c_16ap26 TIME_ZONE=E"
37033,NC,"Caswell",America/New_York,,,"tzbb-2026d area-majority; NWS c_16ap26 TIME_ZONE=E"
37035,NC,"Catawba",America/New_York,,,"tzbb-2026d area-majority; NWS c_16ap26 TIME_ZONE=E"
37037,NC,"Chatham",America/New_York,,,"tzbb-2026d area-majority; NWS c_16ap26 TIME_ZONE=E"
37039,NC,"Cherokee",America/New_York,,,"tzbb-2026d area-majority; NWS c_16ap26 TIME_ZONE=E"
37041,NC,"Chowan",America/New_York,,,"tzbb-2026d area-majority; NWS c_16ap26 TIME_ZONE=E"
37043,NC,"Clay",America/New_York,,,"tzbb-2026d area-majority; NWS c_16ap26 TIME_ZONE=E"
37045,NC,"Cleveland",America/New_York,,,"tzbb-2026d area-majority; NWS c_16ap26 TIME_ZONE=E"
37047,NC,"Columbus",America/New_York,,,"tzbb-2026d area-majority; NWS c_16ap26 TIME_ZONE=E"
37049,NC,"Craven",America/New_York,,,"tzbb-2026d area-majority; NWS c_16ap26 TIME_ZONE=E"
37051,NC,"Cumberland",America/New_York,,,"tzbb-2026d area-majority; NWS c_16ap26 TIME_ZONE=E"
37053,NC,"Currituck",America/New_York,,,"tzbb-2026d area-majority; NWS c_16ap26 TIME_ZONE=E"
37055,NC,"Dare",America/New_York,,,"tzbb-2026d area-majority; NWS c_16ap26 TIME_ZONE=E"
37057,NC,"Davidson",America/New_York,,,"tzbb-2026d area-majority; NWS c_16ap26 TIME_ZONE=E"
37059,NC,"Davie",America/New_York,,,"tzbb-2026d area-majority; NWS c_16ap26 TIME_ZONE=E"
37061,NC,"Duplin",America/New_York,,,"tzbb-2026d area-majority; NWS c_16ap26 TIME_ZONE=E"
37063,NC,"Durham",America/New_York,,,"tzbb-2026d area-majority; NWS c_16ap26 TIME_ZONE=E"
37065,NC,"Edgecombe",America/New_York,,,"tzbb-2026d area-majority; NWS c_16ap26 TIME_ZONE=E"
37067,NC,"Forsyth",America/New_York,,,"tzbb-2026d area-majority; NWS c_16ap26 TIME_ZONE=E"
37069,NC,"Franklin",America/New_York,,,"tzbb-2026d area-majority; NWS c_16ap26 TIME_ZONE=E"
37071,NC,"Gaston",America/New_York,,,"tzbb-2026d area-majority; NWS c_16ap26 TIME_ZONE=E"
37073,NC,"Gates",America/New_York,,,"tzbb-2026d area-majority; NWS c_16ap26 TIME_ZONE=E"
37075,NC,"Graham",America/New_York,,,"tzbb-2026d area-majority; NWS c_16ap26 TIME_ZONE=E"
37077,NC,"Granville",America/New_York,,,"tzbb-2026d area-majority; NWS c_16ap26 TIME_ZONE=E"
37079,NC,"Greene",America/New_York,,,"tzbb-2026d area-majority; NWS c_16ap26 TIME_ZONE=E"
37081,NC,"Guilford",America/New_York,,,"tzbb-2026d area-majority; NWS c_16ap26 TIME_ZONE=E"
37083,NC,"Halifax",America/New_York,,,"tzbb-2026d area-majority; NWS c_16ap26 TIME_ZONE=E"
37085,NC,"Harnett",America/New_York,,,"tzbb-2026d area-majority; NWS c_16ap26 TIME_ZONE=E"
37087,NC,"Haywood",America/New_York,,,"tzbb-2026d area-majority; NWS c_16ap26 TIME_ZONE=E"
37089,NC,"Henderson",America/New_York,,,"tzbb-2026d area-majority; NWS c_16ap26 TIME_ZONE=E"
37091,NC,"Hertford",America/New_York,,,"tzbb-2026d area-majority; NWS c_16ap26 TIME_ZONE=E"
37093,NC,"Hoke",America/New_York,,,"tzbb-2026d area-majority; NWS c_16ap26 TIME_ZONE=E"
37095,NC,"Hyde",America/New_York,,,"tzbb-2026d area-majority; NWS c_16ap26 TIME_ZONE=E"
37097,NC,"Iredell",America/New_York,,,"tzbb-2026d area-majority; NWS c_16ap26 TIME_ZONE=E"
37099,NC,"Jackson",America/New_York,,,"tzbb-2026d area-majority; NWS c_16ap26 TIME_ZONE=E"
37101,NC,"Johnston",America/New_York,,,"tzbb-2026d area-majority; NWS c_16ap26 TIME_ZONE=E"
37103,NC,"Jones",America/New_York,,,"tzbb-2026d area-majority; NWS c_16ap26 TIME_ZONE=E"
37105,NC,"Lee",America/New_York,,,"tzbb-2026d area-majority; NWS c_16ap26 TIME_ZONE=E"
37107,NC,"Lenoir",America/New_York,,,"tzbb-2026d area-majority; NWS c_16ap26 TIME_ZONE=E"
37109,NC,"Lincoln",America/New_York,,,"tzbb-2026d area-majority; NWS c_16ap26 TIME_ZONE=E"
37111,NC,"McDowell",America/New_York,,,"tzbb-2026d area-majority; NWS c_16ap26 TIME_ZONE=E"
37113,NC,"Macon",America/New_York,,,"tzbb-2026d area-majority; NWS c_16ap26 TIME_ZONE=E"
37115,NC,"Madison",America/New_York,,,"tzbb-2026d area-majority; NWS c_16ap26 TIME_ZONE=E"
37117,NC,"Martin",America/New_York,,,"tzbb-2026d area-majority; NWS c_16ap26 TIME_ZONE=E"
37119,NC,"Mecklenburg",America/New_York,,,"tzbb-2026d area-majority; NWS c_16ap26 TIME_ZONE=E"
37121,NC,"Mitchell",America/New_York,,,"tzbb-2026d area-majority; NWS c_16ap26 TIME_ZONE=E"
37123,NC,"Montgomery",America/New_York,,,"tzbb-2026d area-majority; NWS c_16ap26 TIME_ZONE=E"
37125,NC,"Moore",America/New_York,,,"tzbb-2026d area-majority; NWS c_16ap26 TIME_ZONE=E"
37127,NC,"Nash",America/New_York,,,"tzbb-2026d area-majority; NWS c_16ap26 TIME_ZONE=E"
37129,NC,"New Hanover",America/New_York,,,"tzbb-2026d area-majority; NWS c_16ap26 TIME_ZONE=E"
37131,NC,"Northampton",America/New_York,,,"tzbb-2026d area-majority; NWS c_16ap26 TIME_ZONE=E"
37133,NC,"Onslow",America/New_York,,,"tzbb-2026d area-majority; NWS c_16ap26 TIME_ZONE=E"
37135,NC,"Orange",America/New_York,,,"tzbb-2026d area-majority; NWS c_16ap26 TIME_ZONE=E"
37137,NC,"Pamlico",America/New_York,,,"tzbb-2026d area-majority; NWS c_16ap26 TIME_ZONE=E"
37139,NC,"Pasquotank",America/New_York,,,"tzbb-2026d area-majority; NWS c_16ap26 TIME_ZONE=E"
37141,NC,"Pender",America/New_York,,,"tzbb-2026d area-majority; NWS c_16ap26 TIME_ZONE=E"
37143,NC,"Perquimans",America/New_York,,,"tzbb-2026d area-majority; NWS c_16ap26 TIME_ZONE=E"
37145,NC,"Person",America/New_York,,,"tzbb-2026d area-majority; NWS c_16ap26 TIME_ZONE=E"
37147,NC,"Pitt",America/New_York,,,"tzbb-2026d area-majority; NWS c_16ap26 TIME_ZONE=E"
37149,NC,"Polk",America/New_York,,,"tzbb-2026d area-majority; NWS c_16ap26 TIME_ZONE=E"
37151,NC,"Randolph",America/New_York,,,"tzbb-2026d area-majority; NWS c_16ap26 TIME_ZONE=E"
37153,NC,"Richmond",America/New_York,,,"tzbb-2026d area-majority; NWS c_16ap26 TIME_ZONE=E"
37155,NC,"Robeson",America/New_York,,,"tzbb-2026d area-majority; NWS c_16ap26 TIME_ZONE=E"
37157,NC,"Rockingham",America/New_York,,,"tzbb-2026d area-majority; NWS c_16ap26 TIME_ZONE=E"
37159,NC,"Rowan",America/New_York,,,"tzbb-2026d area-majority; NWS c_16ap26 TIME_ZONE=E"
37161,NC,"Rutherford",America/New_York,,,"tzbb-2026d area-majority; NWS c_16ap26 TIME_ZONE=E"
37163,NC,"Sampson",America/New_York,,,"tzbb-2026d area-majority; NWS c_16ap26 TIME_ZONE=E"
37165,NC,"Scotland",America/New_York,,,"tzbb-2026d area-majority; NWS c_16ap26 TIME_ZONE=E"
37167,NC,"Stanly",America/New_York,,,"tzbb-2026d area-majority; NWS c_16ap26 TIME_ZONE=E"
37169,NC,"Stokes",America/New_York,,,"tzbb-2026d area-majority; NWS c_16ap26 TIME_ZONE=E"
37171,NC,"Surry",America/New_York,,,"tzbb-2026d area-majority; NWS c_16ap26 TIME_ZONE=E"
37173,NC,"Swain",America/New_York,,,"tzbb-2026d area-majority; NWS c_16ap26 TIME_ZONE=E"
37175,NC,"Transylvania",America/New_York,,,"tzbb-2026d area-majority; NWS c_16ap26 TIME_ZONE=E"
37177,NC,"Tyrrell",America/New_York,,,"tzbb-2026d area-majority; NWS c_16ap26 TIME_ZONE=E"
37179,NC,"Union",America/New_York,,,"tzbb-2026d area-majority; NWS c_16ap26 TIME_ZONE=E"
37181,NC,"Vance",America/New_York,,,"tzbb-2026d area-majority; NWS c_16ap26 TIME_ZONE=E"
37183,NC,"Wake",America/New_York,,,"tzbb-2026d area-majority; NWS c_16ap26 TIME_ZONE=E"
37185,NC,"Warren",America/New_York,,,"tzbb-2026d area-majority; NWS c_16ap26 TIME_ZONE=E"
37187,NC,"Washington",America/New_York,,,"tzbb-2026d area-majority; NWS c_16ap26 TIME_ZONE=E"
37189,NC,"Watauga",America/New_York,,,"tzbb-2026d area-majority; NWS c_16ap26 TIME_ZONE=E"
37191,NC,"Wayne",America/New_York,,,"tzbb-2026d area-majority; NWS c_16ap26 TIME_ZONE=E"
37193,NC,"Wilkes",America/New_York,,,"tzbb-2026d area-majority; NWS c_16ap26 TIME_ZONE=E"
37195,NC,"Wilson",America/New_York,,,"tzbb-2026d area-majority; NWS c_16ap26 TIME_ZONE=E"
37197,NC,"Yadkin",America/New_York,,,"tzbb-2026d area-majority; NWS c_16ap26 TIME_ZONE=E"
37199,NC,"Yancey",America/New_York,,,"tzbb-2026d area-majority; NWS c_16ap26 TIME_ZONE=E"
38001,ND,"Adams",America/Denver,,,"tzbb-2026d area-majority; NWS c_16ap26 TIME_ZONE=M"
38003,ND,"Barnes",America/Chicago,,,"tzbb-2026d area-majority; NWS c_16ap26 TIME_ZONE=C"
38005,ND,"Benson",America/Chicago,,,"tzbb-2026d area-majority; NWS c_16ap26 TIME_ZONE=C"
38007,ND,"Billings",America/Denver,,,"tzbb-2026d area-majority; NWS c_16ap26 TIME_ZONE=M"
38009,ND,"Bottineau",America/Chicago,,,"tzbb-2026d area-majority; NWS c_16ap26 TIME_ZONE=C"
38011,ND,"Bowman",America/Denver,,,"tzbb-2026d area-majority; NWS c_16ap26 TIME_ZONE=M"
38013,ND,"Burke",America/Chicago,,,"tzbb-2026d area-majority; NWS c_16ap26 TIME_ZONE=C"
38015,ND,"Burleigh",America/Chicago,,,"tzbb-2026d area-majority; NWS c_16ap26 TIME_ZONE=C"
38017,ND,"Cass",America/Chicago,,,"tzbb-2026d area-majority; NWS c_16ap26 TIME_ZONE=C"
38019,ND,"Cavalier",America/Chicago,,,"tzbb-2026d area-majority; NWS c_16ap26 TIME_ZONE=C"
38021,ND,"Dickey",America/Chicago,,,"tzbb-2026d area-majority; NWS c_16ap26 TIME_ZONE=C"
38023,ND,"Divide",America/Chicago,,,"tzbb-2026d area-majority; NWS c_16ap26 TIME_ZONE=C"
38025,ND,"Dunn",America/Denver,America/Chicago,18.44,"tzbb-2026d area-majority; NWS c_16ap26 TIME_ZONE=CM; RESOLVED: Split (49 CFR 71.7 ND line); NWS CM agrees. Area majority Mountain."
38027,ND,"Eddy",America/Chicago,,,"tzbb-2026d area-majority; NWS c_16ap26 TIME_ZONE=C"
38029,ND,"Emmons",America/Chicago,,,"tzbb-2026d area-majority; NWS c_16ap26 TIME_ZONE=C"
38031,ND,"Foster",America/Chicago,,,"tzbb-2026d area-majority; NWS c_16ap26 TIME_ZONE=C"
38033,ND,"Golden Valley",America/Denver,,,"tzbb-2026d area-majority; NWS c_16ap26 TIME_ZONE=M"
38035,ND,"Grand Forks",America/Chicago,,,"tzbb-2026d area-majority; NWS c_16ap26 TIME_ZONE=C"
38037,ND,"Grant",America/Denver,,,"tzbb-2026d area-majority; NWS c_16ap26 TIME_ZONE=M"
38039,ND,"Griggs",America/Chicago,,,"tzbb-2026d area-majority; NWS c_16ap26 TIME_ZONE=C"
38041,ND,"Hettinger",America/Denver,,,"tzbb-2026d area-majority; NWS c_16ap26 TIME_ZONE=M"
38043,ND,"Kidder",America/Chicago,,,"tzbb-2026d area-majority; NWS c_16ap26 TIME_ZONE=C"
38045,ND,"LaMoure",America/Chicago,,,"tzbb-2026d area-majority; NWS c_16ap26 TIME_ZONE=C"
38047,ND,"Logan",America/Chicago,,,"tzbb-2026d area-majority; NWS c_16ap26 TIME_ZONE=C"
38049,ND,"McHenry",America/Chicago,,,"tzbb-2026d area-majority; NWS c_16ap26 TIME_ZONE=C"
38051,ND,"McIntosh",America/Chicago,,,"tzbb-2026d area-majority; NWS c_16ap26 TIME_ZONE=C"
38053,ND,"McKenzie",America/Chicago,America/Denver,35.16,"tzbb-2026d area-majority; NWS c_16ap26 TIME_ZONE=CM; RESOLVED: Split (49 CFR 71.7 ND line); NWS CM agrees. Area majority Central (Watford City)."
38055,ND,"McLean",America/Chicago,,,"tzbb-2026d area-majority; NWS c_16ap26 TIME_ZONE=C"
38057,ND,"Mercer",America/North_Dakota/Beulah,,,"tzbb-2026d area-majority; NWS c_16ap26 TIME_ZONE=C"
38059,ND,"Morton",America/North_Dakota/New_Salem,,,"tzbb-2026d area-majority; NWS c_16ap26 TIME_ZONE=C"
38061,ND,"Mountrail",America/Chicago,,,"tzbb-2026d area-majority; NWS c_16ap26 TIME_ZONE=C"
38063,ND,"Nelson",America/Chicago,,,"tzbb-2026d area-majority; NWS c_16ap26 TIME_ZONE=C"
38065,ND,"Oliver",America/North_Dakota/Center,,,"tzbb-2026d area-majority; NWS c_16ap26 TIME_ZONE=C"
38067,ND,"Pembina",America/Chicago,,,"tzbb-2026d area-majority; NWS c_16ap26 TIME_ZONE=C"
38069,ND,"Pierce",America/Chicago,,,"tzbb-2026d area-majority; NWS c_16ap26 TIME_ZONE=C"
38071,ND,"Ramsey",America/Chicago,,,"tzbb-2026d area-majority; NWS c_16ap26 TIME_ZONE=C"
38073,ND,"Ransom",America/Chicago,,,"tzbb-2026d area-majority; NWS c_16ap26 TIME_ZONE=C"
38075,ND,"Renville",America/Chicago,,,"tzbb-2026d area-majority; NWS c_16ap26 TIME_ZONE=C"
38077,ND,"Richland",America/Chicago,,,"tzbb-2026d area-majority; NWS c_16ap26 TIME_ZONE=C"
38079,ND,"Rolette",America/Chicago,,,"tzbb-2026d area-majority; NWS c_16ap26 TIME_ZONE=C"
38081,ND,"Sargent",America/Chicago,,,"tzbb-2026d area-majority; NWS c_16ap26 TIME_ZONE=C"
38083,ND,"Sheridan",America/Chicago,,,"tzbb-2026d area-majority; NWS c_16ap26 TIME_ZONE=C"
38085,ND,"Sioux",America/Chicago,America/Denver,19.28,"tzbb-2026d area-majority; NWS c_16ap26 TIME_ZONE=CM; RESOLVED: Split (49 CFR 71.7 ND line); NWS CM agrees. Area majority Central."
38087,ND,"Slope",America/Denver,,,"tzbb-2026d area-majority; NWS c_16ap26 TIME_ZONE=M"
38089,ND,"Stark",America/Denver,,,"tzbb-2026d area-majority; NWS c_16ap26 TIME_ZONE=M"
38091,ND,"Steele",America/Chicago,,,"tzbb-2026d area-majority; NWS c_16ap26 TIME_ZONE=C"
38093,ND,"Stutsman",America/Chicago,,,"tzbb-2026d area-majority; NWS c_16ap26 TIME_ZONE=C"
38095,ND,"Towner",America/Chicago,,,"tzbb-2026d area-majority; NWS c_16ap26 TIME_ZONE=C"
38097,ND,"Traill",America/Chicago,,,"tzbb-2026d area-majority; NWS c_16ap26 TIME_ZONE=C"
38099,ND,"Walsh",America/Chicago,,,"tzbb-2026d area-majority; NWS c_16ap26 TIME_ZONE=C"
38101,ND,"Ward",America/Chicago,,,"tzbb-2026d area-majority; NWS c_16ap26 TIME_ZONE=C"
38103,ND,"Wells",America/Chicago,,,"tzbb-2026d area-majority; NWS c_16ap26 TIME_ZONE=C"
38105,ND,"Williams",America/Chicago,,,"tzbb-2026d area-majority; NWS c_16ap26 TIME_ZONE=C"
39001,OH,"Adams",America/New_York,,,"tzbb-2026d area-majority; NWS c_16ap26 TIME_ZONE=E"
39003,OH,"Allen",America/New_York,,,"tzbb-2026d area-majority; NWS c_16ap26 TIME_ZONE=E"
39005,OH,"Ashland",America/New_York,,,"tzbb-2026d area-majority; NWS c_16ap26 TIME_ZONE=E"
39007,OH,"Ashtabula",America/New_York,,,"tzbb-2026d area-majority; NWS c_16ap26 TIME_ZONE=E"
39009,OH,"Athens",America/New_York,,,"tzbb-2026d area-majority; NWS c_16ap26 TIME_ZONE=E"
39011,OH,"Auglaize",America/New_York,,,"tzbb-2026d area-majority; NWS c_16ap26 TIME_ZONE=E"
39013,OH,"Belmont",America/New_York,,,"tzbb-2026d area-majority; NWS c_16ap26 TIME_ZONE=E"
39015,OH,"Brown",America/New_York,,,"tzbb-2026d area-majority; NWS c_16ap26 TIME_ZONE=E"
39017,OH,"Butler",America/New_York,,,"tzbb-2026d area-majority; NWS c_16ap26 TIME_ZONE=E"
39019,OH,"Carroll",America/New_York,,,"tzbb-2026d area-majority; NWS c_16ap26 TIME_ZONE=E"
39021,OH,"Champaign",America/New_York,,,"tzbb-2026d area-majority; NWS c_16ap26 TIME_ZONE=E"
39023,OH,"Clark",America/New_York,,,"tzbb-2026d area-majority; NWS c_16ap26 TIME_ZONE=E"
39025,OH,"Clermont",America/New_York,,,"tzbb-2026d area-majority; NWS c_16ap26 TIME_ZONE=E"
39027,OH,"Clinton",America/New_York,,,"tzbb-2026d area-majority; NWS c_16ap26 TIME_ZONE=E"
39029,OH,"Columbiana",America/New_York,,,"tzbb-2026d area-majority; NWS c_16ap26 TIME_ZONE=E"
39031,OH,"Coshocton",America/New_York,,,"tzbb-2026d area-majority; NWS c_16ap26 TIME_ZONE=E"
39033,OH,"Crawford",America/New_York,,,"tzbb-2026d area-majority; NWS c_16ap26 TIME_ZONE=E"
39035,OH,"Cuyahoga",America/New_York,,,"tzbb-2026d area-majority; NWS c_16ap26 TIME_ZONE=E"
39037,OH,"Darke",America/New_York,,,"tzbb-2026d area-majority; NWS c_16ap26 TIME_ZONE=E"
39039,OH,"Defiance",America/New_York,,,"tzbb-2026d area-majority; NWS c_16ap26 TIME_ZONE=E"
39041,OH,"Delaware",America/New_York,,,"tzbb-2026d area-majority; NWS c_16ap26 TIME_ZONE=E"
39043,OH,"Erie",America/New_York,,,"tzbb-2026d area-majority; NWS c_16ap26 TIME_ZONE=E"
39045,OH,"Fairfield",America/New_York,,,"tzbb-2026d area-majority; NWS c_16ap26 TIME_ZONE=E"
39047,OH,"Fayette",America/New_York,,,"tzbb-2026d area-majority; NWS c_16ap26 TIME_ZONE=E"
39049,OH,"Franklin",America/New_York,,,"tzbb-2026d area-majority; NWS c_16ap26 TIME_ZONE=E"
39051,OH,"Fulton",America/New_York,,,"tzbb-2026d area-majority; NWS c_16ap26 TIME_ZONE=E"
39053,OH,"Gallia",America/New_York,,,"tzbb-2026d area-majority; NWS c_16ap26 TIME_ZONE=E"
39055,OH,"Geauga",America/New_York,,,"tzbb-2026d area-majority; NWS c_16ap26 TIME_ZONE=E"
39057,OH,"Greene",America/New_York,,,"tzbb-2026d area-majority; NWS c_16ap26 TIME_ZONE=E"
39059,OH,"Guernsey",America/New_York,,,"tzbb-2026d area-majority; NWS c_16ap26 TIME_ZONE=E"
39061,OH,"Hamilton",America/New_York,,,"tzbb-2026d area-majority; NWS c_16ap26 TIME_ZONE=E"
39063,OH,"Hancock",America/New_York,,,"tzbb-2026d area-majority; NWS c_16ap26 TIME_ZONE=E"
39065,OH,"Hardin",America/New_York,,,"tzbb-2026d area-majority; NWS c_16ap26 TIME_ZONE=E"
39067,OH,"Harrison",America/New_York,,,"tzbb-2026d area-majority; NWS c_16ap26 TIME_ZONE=E"
39069,OH,"Henry",America/New_York,,,"tzbb-2026d area-majority; NWS c_16ap26 TIME_ZONE=E"
39071,OH,"Highland",America/New_York,,,"tzbb-2026d area-majority; NWS c_16ap26 TIME_ZONE=E"
39073,OH,"Hocking",America/New_York,,,"tzbb-2026d area-majority; NWS c_16ap26 TIME_ZONE=E"
39075,OH,"Holmes",America/New_York,,,"tzbb-2026d area-majority; NWS c_16ap26 TIME_ZONE=E"
39077,OH,"Huron",America/New_York,,,"tzbb-2026d area-majority; NWS c_16ap26 TIME_ZONE=E"
39079,OH,"Jackson",America/New_York,,,"tzbb-2026d area-majority; NWS c_16ap26 TIME_ZONE=E"
39081,OH,"Jefferson",America/New_York,,,"tzbb-2026d area-majority; NWS c_16ap26 TIME_ZONE=E"
39083,OH,"Knox",America/New_York,,,"tzbb-2026d area-majority; NWS c_16ap26 TIME_ZONE=E"
39085,OH,"Lake",America/New_York,,,"tzbb-2026d area-majority; NWS c_16ap26 TIME_ZONE=E"
39087,OH,"Lawrence",America/New_York,,,"tzbb-2026d area-majority; NWS c_16ap26 TIME_ZONE=E"
39089,OH,"Licking",America/New_York,,,"tzbb-2026d area-majority; NWS c_16ap26 TIME_ZONE=E"
39091,OH,"Logan",America/New_York,,,"tzbb-2026d area-majority; NWS c_16ap26 TIME_ZONE=E"
39093,OH,"Lorain",America/New_York,,,"tzbb-2026d area-majority; NWS c_16ap26 TIME_ZONE=E"
39095,OH,"Lucas",America/New_York,,,"tzbb-2026d area-majority; NWS c_16ap26 TIME_ZONE=E"
39097,OH,"Madison",America/New_York,,,"tzbb-2026d area-majority; NWS c_16ap26 TIME_ZONE=E"
39099,OH,"Mahoning",America/New_York,,,"tzbb-2026d area-majority; NWS c_16ap26 TIME_ZONE=E"
39101,OH,"Marion",America/New_York,,,"tzbb-2026d area-majority; NWS c_16ap26 TIME_ZONE=E"
39103,OH,"Medina",America/New_York,,,"tzbb-2026d area-majority; NWS c_16ap26 TIME_ZONE=E"
39105,OH,"Meigs",America/New_York,,,"tzbb-2026d area-majority; NWS c_16ap26 TIME_ZONE=E"
39107,OH,"Mercer",America/New_York,,,"tzbb-2026d area-majority; NWS c_16ap26 TIME_ZONE=E"
39109,OH,"Miami",America/New_York,,,"tzbb-2026d area-majority; NWS c_16ap26 TIME_ZONE=E"
39111,OH,"Monroe",America/New_York,,,"tzbb-2026d area-majority; NWS c_16ap26 TIME_ZONE=E"
39113,OH,"Montgomery",America/New_York,,,"tzbb-2026d area-majority; NWS c_16ap26 TIME_ZONE=E"
39115,OH,"Morgan",America/New_York,,,"tzbb-2026d area-majority; NWS c_16ap26 TIME_ZONE=E"
39117,OH,"Morrow",America/New_York,,,"tzbb-2026d area-majority; NWS c_16ap26 TIME_ZONE=E"
39119,OH,"Muskingum",America/New_York,,,"tzbb-2026d area-majority; NWS c_16ap26 TIME_ZONE=E"
39121,OH,"Noble",America/New_York,,,"tzbb-2026d area-majority; NWS c_16ap26 TIME_ZONE=E"
39123,OH,"Ottawa",America/New_York,,,"tzbb-2026d area-majority; NWS c_16ap26 TIME_ZONE=E"
39125,OH,"Paulding",America/New_York,,,"tzbb-2026d area-majority; NWS c_16ap26 TIME_ZONE=E"
39127,OH,"Perry",America/New_York,,,"tzbb-2026d area-majority; NWS c_16ap26 TIME_ZONE=E"
39129,OH,"Pickaway",America/New_York,,,"tzbb-2026d area-majority; NWS c_16ap26 TIME_ZONE=E"
39131,OH,"Pike",America/New_York,,,"tzbb-2026d area-majority; NWS c_16ap26 TIME_ZONE=E"
39133,OH,"Portage",America/New_York,,,"tzbb-2026d area-majority; NWS c_16ap26 TIME_ZONE=E"
39135,OH,"Preble",America/New_York,,,"tzbb-2026d area-majority; NWS c_16ap26 TIME_ZONE=E"
39137,OH,"Putnam",America/New_York,,,"tzbb-2026d area-majority; NWS c_16ap26 TIME_ZONE=E"
39139,OH,"Richland",America/New_York,,,"tzbb-2026d area-majority; NWS c_16ap26 TIME_ZONE=E"
39141,OH,"Ross",America/New_York,,,"tzbb-2026d area-majority; NWS c_16ap26 TIME_ZONE=E"
39143,OH,"Sandusky",America/New_York,,,"tzbb-2026d area-majority; NWS c_16ap26 TIME_ZONE=E"
39145,OH,"Scioto",America/New_York,,,"tzbb-2026d area-majority; NWS c_16ap26 TIME_ZONE=E"
39147,OH,"Seneca",America/New_York,,,"tzbb-2026d area-majority; NWS c_16ap26 TIME_ZONE=E"
39149,OH,"Shelby",America/New_York,,,"tzbb-2026d area-majority; NWS c_16ap26 TIME_ZONE=E"
39151,OH,"Stark",America/New_York,,,"tzbb-2026d area-majority; NWS c_16ap26 TIME_ZONE=E"
39153,OH,"Summit",America/New_York,,,"tzbb-2026d area-majority; NWS c_16ap26 TIME_ZONE=E"
39155,OH,"Trumbull",America/New_York,,,"tzbb-2026d area-majority; NWS c_16ap26 TIME_ZONE=E"
39157,OH,"Tuscarawas",America/New_York,,,"tzbb-2026d area-majority; NWS c_16ap26 TIME_ZONE=E"
39159,OH,"Union",America/New_York,,,"tzbb-2026d area-majority; NWS c_16ap26 TIME_ZONE=E"
39161,OH,"Van Wert",America/New_York,,,"tzbb-2026d area-majority; NWS c_16ap26 TIME_ZONE=E"
39163,OH,"Vinton",America/New_York,,,"tzbb-2026d area-majority; NWS c_16ap26 TIME_ZONE=E"
39165,OH,"Warren",America/New_York,,,"tzbb-2026d area-majority; NWS c_16ap26 TIME_ZONE=E"
39167,OH,"Washington",America/New_York,,,"tzbb-2026d area-majority; NWS c_16ap26 TIME_ZONE=E"
39169,OH,"Wayne",America/New_York,,,"tzbb-2026d area-majority; NWS c_16ap26 TIME_ZONE=E"
39171,OH,"Williams",America/New_York,,,"tzbb-2026d area-majority; NWS c_16ap26 TIME_ZONE=E"
39173,OH,"Wood",America/New_York,,,"tzbb-2026d area-majority; NWS c_16ap26 TIME_ZONE=E"
39175,OH,"Wyandot",America/New_York,,,"tzbb-2026d area-majority; NWS c_16ap26 TIME_ZONE=E"
40001,OK,"Adair",America/Chicago,,,"tzbb-2026d area-majority; NWS c_16ap26 TIME_ZONE=C"
40003,OK,"Alfalfa",America/Chicago,,,"tzbb-2026d area-majority; NWS c_16ap26 TIME_ZONE=C"
40005,OK,"Atoka",America/Chicago,,,"tzbb-2026d area-majority; NWS c_16ap26 TIME_ZONE=C"
40007,OK,"Beaver",America/Chicago,,,"tzbb-2026d area-majority; NWS c_16ap26 TIME_ZONE=C"
40009,OK,"Beckham",America/Chicago,,,"tzbb-2026d area-majority; NWS c_16ap26 TIME_ZONE=C"
40011,OK,"Blaine",America/Chicago,,,"tzbb-2026d area-majority; NWS c_16ap26 TIME_ZONE=C"
40013,OK,"Bryan",America/Chicago,,,"tzbb-2026d area-majority; NWS c_16ap26 TIME_ZONE=C"
40015,OK,"Caddo",America/Chicago,,,"tzbb-2026d area-majority; NWS c_16ap26 TIME_ZONE=C"
40017,OK,"Canadian",America/Chicago,,,"tzbb-2026d area-majority; NWS c_16ap26 TIME_ZONE=C"
40019,OK,"Carter",America/Chicago,,,"tzbb-2026d area-majority; NWS c_16ap26 TIME_ZONE=C"
40021,OK,"Cherokee",America/Chicago,,,"tzbb-2026d area-majority; NWS c_16ap26 TIME_ZONE=C"
40023,OK,"Choctaw",America/Chicago,,,"tzbb-2026d area-majority; NWS c_16ap26 TIME_ZONE=C"
40025,OK,"Cimarron",America/Chicago,,,"tzbb-2026d area-majority; NWS c_16ap26 TIME_ZONE=C"
40027,OK,"Cleveland",America/Chicago,,,"tzbb-2026d area-majority; NWS c_16ap26 TIME_ZONE=C"
40029,OK,"Coal",America/Chicago,,,"tzbb-2026d area-majority; NWS c_16ap26 TIME_ZONE=C"
40031,OK,"Comanche",America/Chicago,,,"tzbb-2026d area-majority; NWS c_16ap26 TIME_ZONE=C"
40033,OK,"Cotton",America/Chicago,,,"tzbb-2026d area-majority; NWS c_16ap26 TIME_ZONE=C"
40035,OK,"Craig",America/Chicago,,,"tzbb-2026d area-majority; NWS c_16ap26 TIME_ZONE=C"
40037,OK,"Creek",America/Chicago,,,"tzbb-2026d area-majority; NWS c_16ap26 TIME_ZONE=C"
40039,OK,"Custer",America/Chicago,,,"tzbb-2026d area-majority; NWS c_16ap26 TIME_ZONE=C"
40041,OK,"Delaware",America/Chicago,,,"tzbb-2026d area-majority; NWS c_16ap26 TIME_ZONE=C"
40043,OK,"Dewey",America/Chicago,,,"tzbb-2026d area-majority; NWS c_16ap26 TIME_ZONE=C"
40045,OK,"Ellis",America/Chicago,,,"tzbb-2026d area-majority; NWS c_16ap26 TIME_ZONE=C"
40047,OK,"Garfield",America/Chicago,,,"tzbb-2026d area-majority; NWS c_16ap26 TIME_ZONE=C"
40049,OK,"Garvin",America/Chicago,,,"tzbb-2026d area-majority; NWS c_16ap26 TIME_ZONE=C"
40051,OK,"Grady",America/Chicago,,,"tzbb-2026d area-majority; NWS c_16ap26 TIME_ZONE=C"
40053,OK,"Grant",America/Chicago,,,"tzbb-2026d area-majority; NWS c_16ap26 TIME_ZONE=C"
40055,OK,"Greer",America/Chicago,,,"tzbb-2026d area-majority; NWS c_16ap26 TIME_ZONE=C"
40057,OK,"Harmon",America/Chicago,,,"tzbb-2026d area-majority; NWS c_16ap26 TIME_ZONE=C"
40059,OK,"Harper",America/Chicago,,,"tzbb-2026d area-majority; NWS c_16ap26 TIME_ZONE=C"
40061,OK,"Haskell",America/Chicago,,,"tzbb-2026d area-majority; NWS c_16ap26 TIME_ZONE=C"
40063,OK,"Hughes",America/Chicago,,,"tzbb-2026d area-majority; NWS c_16ap26 TIME_ZONE=C"
40065,OK,"Jackson",America/Chicago,,,"tzbb-2026d area-majority; NWS c_16ap26 TIME_ZONE=C"
40067,OK,"Jefferson",America/Chicago,,,"tzbb-2026d area-majority; NWS c_16ap26 TIME_ZONE=C"
40069,OK,"Johnston",America/Chicago,,,"tzbb-2026d area-majority; NWS c_16ap26 TIME_ZONE=C"
40071,OK,"Kay",America/Chicago,,,"tzbb-2026d area-majority; NWS c_16ap26 TIME_ZONE=C"
40073,OK,"Kingfisher",America/Chicago,,,"tzbb-2026d area-majority; NWS c_16ap26 TIME_ZONE=C"
40075,OK,"Kiowa",America/Chicago,,,"tzbb-2026d area-majority; NWS c_16ap26 TIME_ZONE=C"
40077,OK,"Latimer",America/Chicago,,,"tzbb-2026d area-majority; NWS c_16ap26 TIME_ZONE=C"
40079,OK,"Le Flore",America/Chicago,,,"tzbb-2026d area-majority; NWS c_16ap26 TIME_ZONE=C"
40081,OK,"Lincoln",America/Chicago,,,"tzbb-2026d area-majority; NWS c_16ap26 TIME_ZONE=C"
40083,OK,"Logan",America/Chicago,,,"tzbb-2026d area-majority; NWS c_16ap26 TIME_ZONE=C"
40085,OK,"Love",America/Chicago,,,"tzbb-2026d area-majority; NWS c_16ap26 TIME_ZONE=C"
40087,OK,"McClain",America/Chicago,,,"tzbb-2026d area-majority; NWS c_16ap26 TIME_ZONE=C"
40089,OK,"McCurtain",America/Chicago,,,"tzbb-2026d area-majority; NWS c_16ap26 TIME_ZONE=C"
40091,OK,"McIntosh",America/Chicago,,,"tzbb-2026d area-majority; NWS c_16ap26 TIME_ZONE=C"
40093,OK,"Major",America/Chicago,,,"tzbb-2026d area-majority; NWS c_16ap26 TIME_ZONE=C"
40095,OK,"Marshall",America/Chicago,,,"tzbb-2026d area-majority; NWS c_16ap26 TIME_ZONE=C"
40097,OK,"Mayes",America/Chicago,,,"tzbb-2026d area-majority; NWS c_16ap26 TIME_ZONE=C"
40099,OK,"Murray",America/Chicago,,,"tzbb-2026d area-majority; NWS c_16ap26 TIME_ZONE=C"
40101,OK,"Muskogee",America/Chicago,,,"tzbb-2026d area-majority; NWS c_16ap26 TIME_ZONE=C"
40103,OK,"Noble",America/Chicago,,,"tzbb-2026d area-majority; NWS c_16ap26 TIME_ZONE=C"
40105,OK,"Nowata",America/Chicago,,,"tzbb-2026d area-majority; NWS c_16ap26 TIME_ZONE=C"
40107,OK,"Okfuskee",America/Chicago,,,"tzbb-2026d area-majority; NWS c_16ap26 TIME_ZONE=C"
40109,OK,"Oklahoma",America/Chicago,,,"tzbb-2026d area-majority; NWS c_16ap26 TIME_ZONE=C"
40111,OK,"Okmulgee",America/Chicago,,,"tzbb-2026d area-majority; NWS c_16ap26 TIME_ZONE=C"
40113,OK,"Osage",America/Chicago,,,"tzbb-2026d area-majority; NWS c_16ap26 TIME_ZONE=C"
40115,OK,"Ottawa",America/Chicago,,,"tzbb-2026d area-majority; NWS c_16ap26 TIME_ZONE=C"
40117,OK,"Pawnee",America/Chicago,,,"tzbb-2026d area-majority; NWS c_16ap26 TIME_ZONE=C"
40119,OK,"Payne",America/Chicago,,,"tzbb-2026d area-majority; NWS c_16ap26 TIME_ZONE=C"
40121,OK,"Pittsburg",America/Chicago,,,"tzbb-2026d area-majority; NWS c_16ap26 TIME_ZONE=C"
40123,OK,"Pontotoc",America/Chicago,,,"tzbb-2026d area-majority; NWS c_16ap26 TIME_ZONE=C"
40125,OK,"Pottawatomie",America/Chicago,,,"tzbb-2026d area-majority; NWS c_16ap26 TIME_ZONE=C"
40127,OK,"Pushmataha",America/Chicago,,,"tzbb-2026d area-majority; NWS c_16ap26 TIME_ZONE=C"
40129,OK,"Roger Mills",America/Chicago,,,"tzbb-2026d area-majority; NWS c_16ap26 TIME_ZONE=C"
40131,OK,"Rogers",America/Chicago,,,"tzbb-2026d area-majority; NWS c_16ap26 TIME_ZONE=C"
40133,OK,"Seminole",America/Chicago,,,"tzbb-2026d area-majority; NWS c_16ap26 TIME_ZONE=C"
40135,OK,"Sequoyah",America/Chicago,,,"tzbb-2026d area-majority; NWS c_16ap26 TIME_ZONE=C"
40137,OK,"Stephens",America/Chicago,,,"tzbb-2026d area-majority; NWS c_16ap26 TIME_ZONE=C"
40139,OK,"Texas",America/Chicago,,,"tzbb-2026d area-majority; NWS c_16ap26 TIME_ZONE=C"
40141,OK,"Tillman",America/Chicago,,,"tzbb-2026d area-majority; NWS c_16ap26 TIME_ZONE=C"
40143,OK,"Tulsa",America/Chicago,,,"tzbb-2026d area-majority; NWS c_16ap26 TIME_ZONE=C"
40145,OK,"Wagoner",America/Chicago,,,"tzbb-2026d area-majority; NWS c_16ap26 TIME_ZONE=C"
40147,OK,"Washington",America/Chicago,,,"tzbb-2026d area-majority; NWS c_16ap26 TIME_ZONE=C"
40149,OK,"Washita",America/Chicago,,,"tzbb-2026d area-majority; NWS c_16ap26 TIME_ZONE=C"
40151,OK,"Woods",America/Chicago,,,"tzbb-2026d area-majority; NWS c_16ap26 TIME_ZONE=C"
40153,OK,"Woodward",America/Chicago,,,"tzbb-2026d area-majority; NWS c_16ap26 TIME_ZONE=C"
41001,OR,"Baker",America/Los_Angeles,,,"tzbb-2026d area-majority; NWS c_16ap26 TIME_ZONE=P"
41003,OR,"Benton",America/Los_Angeles,,,"tzbb-2026d area-majority; NWS c_16ap26 TIME_ZONE=P"
41005,OR,"Clackamas",America/Los_Angeles,,,"tzbb-2026d area-majority; NWS c_16ap26 TIME_ZONE=P"
41007,OR,"Clatsop",America/Los_Angeles,,,"tzbb-2026d area-majority; NWS c_16ap26 TIME_ZONE=P"
41009,OR,"Columbia",America/Los_Angeles,,,"tzbb-2026d area-majority; NWS c_16ap26 TIME_ZONE=P"
41011,OR,"Coos",America/Los_Angeles,,,"tzbb-2026d area-majority; NWS c_16ap26 TIME_ZONE=P"
41013,OR,"Crook",America/Los_Angeles,,,"tzbb-2026d area-majority; NWS c_16ap26 TIME_ZONE=P"
41015,OR,"Curry",America/Los_Angeles,,,"tzbb-2026d area-majority; NWS c_16ap26 TIME_ZONE=P"
41017,OR,"Deschutes",America/Los_Angeles,,,"tzbb-2026d area-majority; NWS c_16ap26 TIME_ZONE=P"
41019,OR,"Douglas",America/Los_Angeles,,,"tzbb-2026d area-majority; NWS c_16ap26 TIME_ZONE=P"
41021,OR,"Gilliam",America/Los_Angeles,,,"tzbb-2026d area-majority; NWS c_16ap26 TIME_ZONE=P"
41023,OR,"Grant",America/Los_Angeles,,,"tzbb-2026d area-majority; NWS c_16ap26 TIME_ZONE=P"
41025,OR,"Harney",America/Los_Angeles,,,"tzbb-2026d area-majority; NWS c_16ap26 TIME_ZONE=P"
41027,OR,"Hood River",America/Los_Angeles,,,"tzbb-2026d area-majority; NWS c_16ap26 TIME_ZONE=P"
41029,OR,"Jackson",America/Los_Angeles,,,"tzbb-2026d area-majority; NWS c_16ap26 TIME_ZONE=P"
41031,OR,"Jefferson",America/Los_Angeles,,,"tzbb-2026d area-majority; NWS c_16ap26 TIME_ZONE=P"
41033,OR,"Josephine",America/Los_Angeles,,,"tzbb-2026d area-majority; NWS c_16ap26 TIME_ZONE=P"
41035,OR,"Klamath",America/Los_Angeles,,,"tzbb-2026d area-majority; NWS c_16ap26 TIME_ZONE=P"
41037,OR,"Lake",America/Los_Angeles,,,"tzbb-2026d area-majority; NWS c_16ap26 TIME_ZONE=P"
41039,OR,"Lane",America/Los_Angeles,,,"tzbb-2026d area-majority; NWS c_16ap26 TIME_ZONE=P"
41041,OR,"Lincoln",America/Los_Angeles,,,"tzbb-2026d area-majority; NWS c_16ap26 TIME_ZONE=P"
41043,OR,"Linn",America/Los_Angeles,,,"tzbb-2026d area-majority; NWS c_16ap26 TIME_ZONE=P"
41045,OR,"Malheur",America/Boise,America/Los_Angeles,18.65,"tzbb-2026d area-majority; NWS c_16ap26 TIME_ZONE=MP; RESOLVED: Split: Malheur is Mountain except the southern strip (McDermitt area) on Pacific (49 CFR 71.9). NWS MP agrees. Area majority Mountain (America/Boise)."
41047,OR,"Marion",America/Los_Angeles,,,"tzbb-2026d area-majority; NWS c_16ap26 TIME_ZONE=P"
41049,OR,"Morrow",America/Los_Angeles,,,"tzbb-2026d area-majority; NWS c_16ap26 TIME_ZONE=P"
41051,OR,"Multnomah",America/Los_Angeles,,,"tzbb-2026d area-majority; NWS c_16ap26 TIME_ZONE=P"
41053,OR,"Polk",America/Los_Angeles,,,"tzbb-2026d area-majority; NWS c_16ap26 TIME_ZONE=P"
41055,OR,"Sherman",America/Los_Angeles,,,"tzbb-2026d area-majority; NWS c_16ap26 TIME_ZONE=P"
41057,OR,"Tillamook",America/Los_Angeles,,,"tzbb-2026d area-majority; NWS c_16ap26 TIME_ZONE=P"
41059,OR,"Umatilla",America/Los_Angeles,,,"tzbb-2026d area-majority; NWS c_16ap26 TIME_ZONE=P"
41061,OR,"Union",America/Los_Angeles,,,"tzbb-2026d area-majority; NWS c_16ap26 TIME_ZONE=P"
41063,OR,"Wallowa",America/Los_Angeles,,,"tzbb-2026d area-majority; NWS c_16ap26 TIME_ZONE=P"
41065,OR,"Wasco",America/Los_Angeles,,,"tzbb-2026d area-majority; NWS c_16ap26 TIME_ZONE=P"
41067,OR,"Washington",America/Los_Angeles,,,"tzbb-2026d area-majority; NWS c_16ap26 TIME_ZONE=P"
41069,OR,"Wheeler",America/Los_Angeles,,,"tzbb-2026d area-majority; NWS c_16ap26 TIME_ZONE=P"
41071,OR,"Yamhill",America/Los_Angeles,,,"tzbb-2026d area-majority; NWS c_16ap26 TIME_ZONE=P"
42001,PA,"Adams",America/New_York,,,"tzbb-2026d area-majority; NWS c_16ap26 TIME_ZONE=E"
42003,PA,"Allegheny",America/New_York,,,"tzbb-2026d area-majority; NWS c_16ap26 TIME_ZONE=E"
42005,PA,"Armstrong",America/New_York,,,"tzbb-2026d area-majority; NWS c_16ap26 TIME_ZONE=E"
42007,PA,"Beaver",America/New_York,,,"tzbb-2026d area-majority; NWS c_16ap26 TIME_ZONE=E"
42009,PA,"Bedford",America/New_York,,,"tzbb-2026d area-majority; NWS c_16ap26 TIME_ZONE=E"
42011,PA,"Berks",America/New_York,,,"tzbb-2026d area-majority; NWS c_16ap26 TIME_ZONE=E"
42013,PA,"Blair",America/New_York,,,"tzbb-2026d area-majority; NWS c_16ap26 TIME_ZONE=E"
42015,PA,"Bradford",America/New_York,,,"tzbb-2026d area-majority; NWS c_16ap26 TIME_ZONE=E"
42017,PA,"Bucks",America/New_York,,,"tzbb-2026d area-majority; NWS c_16ap26 TIME_ZONE=E"
42019,PA,"Butler",America/New_York,,,"tzbb-2026d area-majority; NWS c_16ap26 TIME_ZONE=E"
42021,PA,"Cambria",America/New_York,,,"tzbb-2026d area-majority; NWS c_16ap26 TIME_ZONE=E"
42023,PA,"Cameron",America/New_York,,,"tzbb-2026d area-majority; NWS c_16ap26 TIME_ZONE=E"
42025,PA,"Carbon",America/New_York,,,"tzbb-2026d area-majority; NWS c_16ap26 TIME_ZONE=E"
42027,PA,"Centre",America/New_York,,,"tzbb-2026d area-majority; NWS c_16ap26 TIME_ZONE=E"
42029,PA,"Chester",America/New_York,,,"tzbb-2026d area-majority; NWS c_16ap26 TIME_ZONE=E"
42031,PA,"Clarion",America/New_York,,,"tzbb-2026d area-majority; NWS c_16ap26 TIME_ZONE=E"
42033,PA,"Clearfield",America/New_York,,,"tzbb-2026d area-majority; NWS c_16ap26 TIME_ZONE=E"
42035,PA,"Clinton",America/New_York,,,"tzbb-2026d area-majority; NWS c_16ap26 TIME_ZONE=E"
42037,PA,"Columbia",America/New_York,,,"tzbb-2026d area-majority; NWS c_16ap26 TIME_ZONE=E"
42039,PA,"Crawford",America/New_York,,,"tzbb-2026d area-majority; NWS c_16ap26 TIME_ZONE=E"
42041,PA,"Cumberland",America/New_York,,,"tzbb-2026d area-majority; NWS c_16ap26 TIME_ZONE=E"
42043,PA,"Dauphin",America/New_York,,,"tzbb-2026d area-majority; NWS c_16ap26 TIME_ZONE=E"
42045,PA,"Delaware",America/New_York,,,"tzbb-2026d area-majority; NWS c_16ap26 TIME_ZONE=E"
42047,PA,"Elk",America/New_York,,,"tzbb-2026d area-majority; NWS c_16ap26 TIME_ZONE=E"
42049,PA,"Erie",America/New_York,,,"tzbb-2026d area-majority; NWS c_16ap26 TIME_ZONE=E"
42051,PA,"Fayette",America/New_York,,,"tzbb-2026d area-majority; NWS c_16ap26 TIME_ZONE=E"
42053,PA,"Forest",America/New_York,,,"tzbb-2026d area-majority; NWS c_16ap26 TIME_ZONE=E"
42055,PA,"Franklin",America/New_York,,,"tzbb-2026d area-majority; NWS c_16ap26 TIME_ZONE=E"
42057,PA,"Fulton",America/New_York,,,"tzbb-2026d area-majority; NWS c_16ap26 TIME_ZONE=E"
42059,PA,"Greene",America/New_York,,,"tzbb-2026d area-majority; NWS c_16ap26 TIME_ZONE=E"
42061,PA,"Huntingdon",America/New_York,,,"tzbb-2026d area-majority; NWS c_16ap26 TIME_ZONE=E"
42063,PA,"Indiana",America/New_York,,,"tzbb-2026d area-majority; NWS c_16ap26 TIME_ZONE=E"
42065,PA,"Jefferson",America/New_York,,,"tzbb-2026d area-majority; NWS c_16ap26 TIME_ZONE=E"
42067,PA,"Juniata",America/New_York,,,"tzbb-2026d area-majority; NWS c_16ap26 TIME_ZONE=E"
42069,PA,"Lackawanna",America/New_York,,,"tzbb-2026d area-majority; NWS c_16ap26 TIME_ZONE=E"
42071,PA,"Lancaster",America/New_York,,,"tzbb-2026d area-majority; NWS c_16ap26 TIME_ZONE=E"
42073,PA,"Lawrence",America/New_York,,,"tzbb-2026d area-majority; NWS c_16ap26 TIME_ZONE=E"
42075,PA,"Lebanon",America/New_York,,,"tzbb-2026d area-majority; NWS c_16ap26 TIME_ZONE=E"
42077,PA,"Lehigh",America/New_York,,,"tzbb-2026d area-majority; NWS c_16ap26 TIME_ZONE=E"
42079,PA,"Luzerne",America/New_York,,,"tzbb-2026d area-majority; NWS c_16ap26 TIME_ZONE=E"
42081,PA,"Lycoming",America/New_York,,,"tzbb-2026d area-majority; NWS c_16ap26 TIME_ZONE=E"
42083,PA,"McKean",America/New_York,,,"tzbb-2026d area-majority; NWS c_16ap26 TIME_ZONE=E"
42085,PA,"Mercer",America/New_York,,,"tzbb-2026d area-majority; NWS c_16ap26 TIME_ZONE=E"
42087,PA,"Mifflin",America/New_York,,,"tzbb-2026d area-majority; NWS c_16ap26 TIME_ZONE=E"
42089,PA,"Monroe",America/New_York,,,"tzbb-2026d area-majority; NWS c_16ap26 TIME_ZONE=E"
42091,PA,"Montgomery",America/New_York,,,"tzbb-2026d area-majority; NWS c_16ap26 TIME_ZONE=E"
42093,PA,"Montour",America/New_York,,,"tzbb-2026d area-majority; NWS c_16ap26 TIME_ZONE=E"
42095,PA,"Northampton",America/New_York,,,"tzbb-2026d area-majority; NWS c_16ap26 TIME_ZONE=E"
42097,PA,"Northumberland",America/New_York,,,"tzbb-2026d area-majority; NWS c_16ap26 TIME_ZONE=E"
42099,PA,"Perry",America/New_York,,,"tzbb-2026d area-majority; NWS c_16ap26 TIME_ZONE=E"
42101,PA,"Philadelphia",America/New_York,,,"tzbb-2026d area-majority; NWS c_16ap26 TIME_ZONE=E"
42103,PA,"Pike",America/New_York,,,"tzbb-2026d area-majority; NWS c_16ap26 TIME_ZONE=E"
42105,PA,"Potter",America/New_York,,,"tzbb-2026d area-majority; NWS c_16ap26 TIME_ZONE=E"
42107,PA,"Schuylkill",America/New_York,,,"tzbb-2026d area-majority; NWS c_16ap26 TIME_ZONE=E"
42109,PA,"Snyder",America/New_York,,,"tzbb-2026d area-majority; NWS c_16ap26 TIME_ZONE=E"
42111,PA,"Somerset",America/New_York,,,"tzbb-2026d area-majority; NWS c_16ap26 TIME_ZONE=E"
42113,PA,"Sullivan",America/New_York,,,"tzbb-2026d area-majority; NWS c_16ap26 TIME_ZONE=E"
42115,PA,"Susquehanna",America/New_York,,,"tzbb-2026d area-majority; NWS c_16ap26 TIME_ZONE=E"
42117,PA,"Tioga",America/New_York,,,"tzbb-2026d area-majority; NWS c_16ap26 TIME_ZONE=E"
42119,PA,"Union",America/New_York,,,"tzbb-2026d area-majority; NWS c_16ap26 TIME_ZONE=E"
42121,PA,"Venango",America/New_York,,,"tzbb-2026d area-majority; NWS c_16ap26 TIME_ZONE=E"
42123,PA,"Warren",America/New_York,,,"tzbb-2026d area-majority; NWS c_16ap26 TIME_ZONE=E"
42125,PA,"Washington",America/New_York,,,"tzbb-2026d area-majority; NWS c_16ap26 TIME_ZONE=E"
42127,PA,"Wayne",America/New_York,,,"tzbb-2026d area-majority; NWS c_16ap26 TIME_ZONE=E"
42129,PA,"Westmoreland",America/New_York,,,"tzbb-2026d area-majority; NWS c_16ap26 TIME_ZONE=E"
42131,PA,"Wyoming",America/New_York,,,"tzbb-2026d area-majority; NWS c_16ap26 TIME_ZONE=E"
42133,PA,"York",America/New_York,,,"tzbb-2026d area-majority; NWS c_16ap26 TIME_ZONE=E"
44001,RI,"Bristol",America/New_York,,,"tzbb-2026d area-majority; NWS c_16ap26 TIME_ZONE=E"
44003,RI,"Kent",America/New_York,,,"tzbb-2026d area-majority; NWS c_16ap26 TIME_ZONE=E"
44005,RI,"Newport",America/New_York,,,"tzbb-2026d area-majority; NWS c_16ap26 TIME_ZONE=E"
44007,RI,"Providence",America/New_York,,,"tzbb-2026d area-majority; NWS c_16ap26 TIME_ZONE=E"
44009,RI,"Washington",America/New_York,,,"tzbb-2026d area-majority; NWS c_16ap26 TIME_ZONE=E"
45001,SC,"Abbeville",America/New_York,,,"tzbb-2026d area-majority; NWS c_16ap26 TIME_ZONE=E"
45003,SC,"Aiken",America/New_York,,,"tzbb-2026d area-majority; NWS c_16ap26 TIME_ZONE=E"
45005,SC,"Allendale",America/New_York,,,"tzbb-2026d area-majority; NWS c_16ap26 TIME_ZONE=E"
45007,SC,"Anderson",America/New_York,,,"tzbb-2026d area-majority; NWS c_16ap26 TIME_ZONE=E"
45009,SC,"Bamberg",America/New_York,,,"tzbb-2026d area-majority; NWS c_16ap26 TIME_ZONE=E"
45011,SC,"Barnwell",America/New_York,,,"tzbb-2026d area-majority; NWS c_16ap26 TIME_ZONE=E"
45013,SC,"Beaufort",America/New_York,,,"tzbb-2026d area-majority; NWS c_16ap26 TIME_ZONE=E"
45015,SC,"Berkeley",America/New_York,,,"tzbb-2026d area-majority; NWS c_16ap26 TIME_ZONE=E"
45017,SC,"Calhoun",America/New_York,,,"tzbb-2026d area-majority; NWS c_16ap26 TIME_ZONE=E"
45019,SC,"Charleston",America/New_York,,,"tzbb-2026d area-majority; NWS c_16ap26 TIME_ZONE=E"
45021,SC,"Cherokee",America/New_York,,,"tzbb-2026d area-majority; NWS c_16ap26 TIME_ZONE=E"
45023,SC,"Chester",America/New_York,,,"tzbb-2026d area-majority; NWS c_16ap26 TIME_ZONE=E"
45025,SC,"Chesterfield",America/New_York,,,"tzbb-2026d area-majority; NWS c_16ap26 TIME_ZONE=E"
45027,SC,"Clarendon",America/New_York,,,"tzbb-2026d area-majority; NWS c_16ap26 TIME_ZONE=E"
45029,SC,"Colleton",America/New_York,,,"tzbb-2026d area-majority; NWS c_16ap26 TIME_ZONE=E"
45031,SC,"Darlington",America/New_York,,,"tzbb-2026d area-majority; NWS c_16ap26 TIME_ZONE=E"
45033,SC,"Dillon",America/New_York,,,"tzbb-2026d area-majority; NWS c_16ap26 TIME_ZONE=E"
45035,SC,"Dorchester",America/New_York,,,"tzbb-2026d area-majority; NWS c_16ap26 TIME_ZONE=E"
45037,SC,"Edgefield",America/New_York,,,"tzbb-2026d area-majority; NWS c_16ap26 TIME_ZONE=E"
45039,SC,"Fairfield",America/New_York,,,"tzbb-2026d area-majority; NWS c_16ap26 TIME_ZONE=E"
45041,SC,"Florence",America/New_York,,,"tzbb-2026d area-majority; NWS c_16ap26 TIME_ZONE=E"
45043,SC,"Georgetown",America/New_York,,,"tzbb-2026d area-majority; NWS c_16ap26 TIME_ZONE=E"
45045,SC,"Greenville",America/New_York,,,"tzbb-2026d area-majority; NWS c_16ap26 TIME_ZONE=E"
45047,SC,"Greenwood",America/New_York,,,"tzbb-2026d area-majority; NWS c_16ap26 TIME_ZONE=E"
45049,SC,"Hampton",America/New_York,,,"tzbb-2026d area-majority; NWS c_16ap26 TIME_ZONE=E"
45051,SC,"Horry",America/New_York,,,"tzbb-2026d area-majority; NWS c_16ap26 TIME_ZONE=E"
45053,SC,"Jasper",America/New_York,,,"tzbb-2026d area-majority; NWS c_16ap26 TIME_ZONE=E"
45055,SC,"Kershaw",America/New_York,,,"tzbb-2026d area-majority; NWS c_16ap26 TIME_ZONE=E"
45057,SC,"Lancaster",America/New_York,,,"tzbb-2026d area-majority; NWS c_16ap26 TIME_ZONE=E"
45059,SC,"Laurens",America/New_York,,,"tzbb-2026d area-majority; NWS c_16ap26 TIME_ZONE=E"
45061,SC,"Lee",America/New_York,,,"tzbb-2026d area-majority; NWS c_16ap26 TIME_ZONE=E"
45063,SC,"Lexington",America/New_York,,,"tzbb-2026d area-majority; NWS c_16ap26 TIME_ZONE=E"
45065,SC,"McCormick",America/New_York,,,"tzbb-2026d area-majority; NWS c_16ap26 TIME_ZONE=E"
45067,SC,"Marion",America/New_York,,,"tzbb-2026d area-majority; NWS c_16ap26 TIME_ZONE=E"
45069,SC,"Marlboro",America/New_York,,,"tzbb-2026d area-majority; NWS c_16ap26 TIME_ZONE=E"
45071,SC,"Newberry",America/New_York,,,"tzbb-2026d area-majority; NWS c_16ap26 TIME_ZONE=E"
45073,SC,"Oconee",America/New_York,,,"tzbb-2026d area-majority; NWS c_16ap26 TIME_ZONE=E"
45075,SC,"Orangeburg",America/New_York,,,"tzbb-2026d area-majority; NWS c_16ap26 TIME_ZONE=E"
45077,SC,"Pickens",America/New_York,,,"tzbb-2026d area-majority; NWS c_16ap26 TIME_ZONE=E"
45079,SC,"Richland",America/New_York,,,"tzbb-2026d area-majority; NWS c_16ap26 TIME_ZONE=E"
45081,SC,"Saluda",America/New_York,,,"tzbb-2026d area-majority; NWS c_16ap26 TIME_ZONE=E"
45083,SC,"Spartanburg",America/New_York,,,"tzbb-2026d area-majority; NWS c_16ap26 TIME_ZONE=E"
45085,SC,"Sumter",America/New_York,,,"tzbb-2026d area-majority; NWS c_16ap26 TIME_ZONE=E"
45087,SC,"Union",America/New_York,,,"tzbb-2026d area-majority; NWS c_16ap26 TIME_ZONE=E"
45089,SC,"Williamsburg",America/New_York,,,"tzbb-2026d area-majority; NWS c_16ap26 TIME_ZONE=E"
45091,SC,"York",America/New_York,,,"tzbb-2026d area-majority; NWS c_16ap26 TIME_ZONE=E"
46003,SD,"Aurora",America/Chicago,,,"tzbb-2026d area-majority; NWS c_16ap26 TIME_ZONE=C"
46005,SD,"Beadle",America/Chicago,,,"tzbb-2026d area-majority; NWS c_16ap26 TIME_ZONE=C"
46007,SD,"Bennett",America/Denver,,,"tzbb-2026d area-majority; NWS c_16ap26 TIME_ZONE=M"
46009,SD,"Bon Homme",America/Chicago,,,"tzbb-2026d area-majority; NWS c_16ap26 TIME_ZONE=C"
46011,SD,"Brookings",America/Chicago,,,"tzbb-2026d area-majority; NWS c_16ap26 TIME_ZONE=C"
46013,SD,"Brown",America/Chicago,,,"tzbb-2026d area-majority; NWS c_16ap26 TIME_ZONE=C"
46015,SD,"Brule",America/Chicago,,,"tzbb-2026d area-majority; NWS c_16ap26 TIME_ZONE=C"
46017,SD,"Buffalo",America/Chicago,,,"tzbb-2026d area-majority; NWS c_16ap26 TIME_ZONE=C"
46019,SD,"Butte",America/Denver,,,"tzbb-2026d area-majority; NWS c_16ap26 TIME_ZONE=M"
46021,SD,"Campbell",America/Chicago,America/Denver,0.73,"tzbb-2026d area-majority; NWS c_16ap26 TIME_ZONE=C; RESOLVED: 0.7% sliver Mountain along the Missouri/Lake Oahe line; NWS C. County = Central."
46023,SD,"Charles Mix",America/Chicago,,,"tzbb-2026d area-majority; NWS c_16ap26 TIME_ZONE=C"
46025,SD,"Clark",America/Chicago,,,"tzbb-2026d area-majority; NWS c_16ap26 TIME_ZONE=C"
46027,SD,"Clay",America/Chicago,,,"tzbb-2026d area-majority; NWS c_16ap26 TIME_ZONE=C"
46029,SD,"Codington",America/Chicago,,,"tzbb-2026d area-majority; NWS c_16ap26 TIME_ZONE=C"
46031,SD,"Corson",America/Denver,,,"tzbb-2026d area-majority; NWS c_16ap26 TIME_ZONE=M"
46033,SD,"Custer",America/Denver,,,"tzbb-2026d area-majority; NWS c_16ap26 TIME_ZONE=M"
46035,SD,"Davison",America/Chicago,,,"tzbb-2026d area-majority; NWS c_16ap26 TIME_ZONE=C"
46037,SD,"Day",America/Chicago,,,"tzbb-2026d area-majority; NWS c_16ap26 TIME_ZONE=C"
46039,SD,"Deuel",America/Chicago,,,"tzbb-2026d area-majority; NWS c_16ap26 TIME_ZONE=C"
46041,SD,"Dewey",America/Denver,,,"tzbb-2026d area-majority; NWS c_16ap26 TIME_ZONE=M"
46043,SD,"Douglas",America/Chicago,,,"tzbb-2026d area-majority; NWS c_16ap26 TIME_ZONE=C"
46045,SD,"Edmunds",America/Chicago,,,"tzbb-2026d area-majority; NWS c_16ap26 TIME_ZONE=C"
46047,SD,"Fall River",America/Denver,,,"tzbb-2026d area-majority; NWS c_16ap26 TIME_ZONE=M"
46049,SD,"Faulk",America/Chicago,,,"tzbb-2026d area-majority; NWS c_16ap26 TIME_ZONE=C"
46051,SD,"Grant",America/Chicago,,,"tzbb-2026d area-majority; NWS c_16ap26 TIME_ZONE=C"
46053,SD,"Gregory",America/Chicago,,,"tzbb-2026d area-majority; NWS c_16ap26 TIME_ZONE=C"
46055,SD,"Haakon",America/Denver,,,"tzbb-2026d area-majority; NWS c_16ap26 TIME_ZONE=M"
46057,SD,"Hamlin",America/Chicago,,,"tzbb-2026d area-majority; NWS c_16ap26 TIME_ZONE=C"
46059,SD,"Hand",America/Chicago,,,"tzbb-2026d area-majority; NWS c_16ap26 TIME_ZONE=C"
46061,SD,"Hanson",America/Chicago,,,"tzbb-2026d area-majority; NWS c_16ap26 TIME_ZONE=C"
46063,SD,"Harding",America/Denver,,,"tzbb-2026d area-majority; NWS c_16ap26 TIME_ZONE=M"
46065,SD,"Hughes",America/Chicago,,,"tzbb-2026d area-majority; NWS c_16ap26 TIME_ZONE=C"
46067,SD,"Hutchinson",America/Chicago,,,"tzbb-2026d area-majority; NWS c_16ap26 TIME_ZONE=C"
46069,SD,"Hyde",America/Chicago,,,"tzbb-2026d area-majority; NWS c_16ap26 TIME_ZONE=C"
46071,SD,"Jackson",America/Denver,,,"tzbb-2026d area-majority; NWS c_16ap26 TIME_ZONE=M"
46073,SD,"Jerauld",America/Chicago,,,"tzbb-2026d area-majority; NWS c_16ap26 TIME_ZONE=C"
46075,SD,"Jones",America/Chicago,,,"tzbb-2026d area-majority; NWS c_16ap26 TIME_ZONE=C"
46077,SD,"Kingsbury",America/Chicago,,,"tzbb-2026d area-majority; NWS c_16ap26 TIME_ZONE=C"
46079,SD,"Lake",America/Chicago,,,"tzbb-2026d area-majority; NWS c_16ap26 TIME_ZONE=C"
46081,SD,"Lawrence",America/Denver,,,"tzbb-2026d area-majority; NWS c_16ap26 TIME_ZONE=M"
46083,SD,"Lincoln",America/Chicago,,,"tzbb-2026d area-majority; NWS c_16ap26 TIME_ZONE=C"
46085,SD,"Lyman",America/Chicago,,,"tzbb-2026d area-majority; NWS c_16ap26 TIME_ZONE=C"
46087,SD,"McCook",America/Chicago,,,"tzbb-2026d area-majority; NWS c_16ap26 TIME_ZONE=C"
46089,SD,"McPherson",America/Chicago,,,"tzbb-2026d area-majority; NWS c_16ap26 TIME_ZONE=C"
46091,SD,"Marshall",America/Chicago,,,"tzbb-2026d area-majority; NWS c_16ap26 TIME_ZONE=C"
46093,SD,"Meade",America/Denver,,,"tzbb-2026d area-majority; NWS c_16ap26 TIME_ZONE=M"
46095,SD,"Mellette",America/Chicago,,,"tzbb-2026d area-majority; NWS c_16ap26 TIME_ZONE=C"
46097,SD,"Miner",America/Chicago,,,"tzbb-2026d area-majority; NWS c_16ap26 TIME_ZONE=C"
46099,SD,"Minnehaha",America/Chicago,,,"tzbb-2026d area-majority; NWS c_16ap26 TIME_ZONE=C"
46101,SD,"Moody",America/Chicago,,,"tzbb-2026d area-majority; NWS c_16ap26 TIME_ZONE=C"
46102,SD,"Oglala Lakota",America/Denver,,,"tzbb-2026d area-majority; NWS c_16ap26 TIME_ZONE=M"
46103,SD,"Pennington",America/Denver,,,"tzbb-2026d area-majority; NWS c_16ap26 TIME_ZONE=M"
46105,SD,"Perkins",America/Denver,,,"tzbb-2026d area-majority; NWS c_16ap26 TIME_ZONE=M"
46107,SD,"Potter",America/Chicago,,,"tzbb-2026d area-majority; NWS c_16ap26 TIME_ZONE=C"
46109,SD,"Roberts",America/Chicago,,,"tzbb-2026d area-majority; NWS c_16ap26 TIME_ZONE=C"
46111,SD,"Sanborn",America/Chicago,,,"tzbb-2026d area-majority; NWS c_16ap26 TIME_ZONE=C"
46115,SD,"Spink",America/Chicago,,,"tzbb-2026d area-majority; NWS c_16ap26 TIME_ZONE=C"
46117,SD,"Stanley",America/Denver,America/Chicago,16.47,"tzbb-2026d area-majority; NWS c_16ap26 TIME_ZONE=CM; RESOLVED: Split (49 CFR 71.7: line leaves the Missouri at the original C&NW railway crossing near Pierre and runs SW to the Jones Co. line). SE part Central; Fort Pierre town centre is ~500 m on the Mountain side in tzbb. NWS CM agrees. Area majority Mountain."
46119,SD,"Sully",America/Chicago,,,"tzbb-2026d area-majority; NWS c_16ap26 TIME_ZONE=C"
46121,SD,"Todd",America/Chicago,,,"tzbb-2026d area-majority; NWS c_16ap26 TIME_ZONE=C"
46123,SD,"Tripp",America/Chicago,,,"tzbb-2026d area-majority; NWS c_16ap26 TIME_ZONE=C"
46125,SD,"Turner",America/Chicago,,,"tzbb-2026d area-majority; NWS c_16ap26 TIME_ZONE=C"
46127,SD,"Union",America/Chicago,,,"tzbb-2026d area-majority; NWS c_16ap26 TIME_ZONE=C"
46129,SD,"Walworth",America/Chicago,,,"tzbb-2026d area-majority; NWS c_16ap26 TIME_ZONE=C"
46135,SD,"Yankton",America/Chicago,,,"tzbb-2026d area-majority; NWS c_16ap26 TIME_ZONE=C"
46137,SD,"Ziebach",America/Denver,,,"tzbb-2026d area-majority; NWS c_16ap26 TIME_ZONE=M"
47001,TN,"Anderson",America/New_York,,,"tzbb-2026d area-majority; NWS c_16ap26 TIME_ZONE=E"
47003,TN,"Bedford",America/Chicago,,,"tzbb-2026d area-majority; NWS c_16ap26 TIME_ZONE=C"
47005,TN,"Benton",America/Chicago,,,"tzbb-2026d area-majority; NWS c_16ap26 TIME_ZONE=C"
47007,TN,"Bledsoe",America/Chicago,,,"tzbb-2026d area-majority; NWS c_16ap26 TIME_ZONE=C"
47009,TN,"Blount",America/New_York,,,"tzbb-2026d area-majority; NWS c_16ap26 TIME_ZONE=E"
47011,TN,"Bradley",America/New_York,,,"tzbb-2026d area-majority; NWS c_16ap26 TIME_ZONE=E"
47013,TN,"Campbell",America/New_York,,,"tzbb-2026d area-majority; NWS c_16ap26 TIME_ZONE=E"
47015,TN,"Cannon",America/Chicago,,,"tzbb-2026d area-majority; NWS c_16ap26 TIME_ZONE=C"
47017,TN,"Carroll",America/Chicago,,,"tzbb-2026d area-majority; NWS c_16ap26 TIME_ZONE=C"
47019,TN,"Carter",America/New_York,,,"tzbb-2026d area-majority; NWS c_16ap26 TIME_ZONE=E"
47021,TN,"Cheatham",America/Chicago,,,"tzbb-2026d area-majority; NWS c_16ap26 TIME_ZONE=C"
47023,TN,"Chester",America/Chicago,,,"tzbb-2026d area-majority; NWS c_16ap26 TIME_ZONE=C"
47025,TN,"Claiborne",America/New_York,,,"tzbb-2026d area-majority; NWS c_16ap26 TIME_ZONE=E"
47027,TN,"Clay",America/Chicago,,,"tzbb-2026d area-majority; NWS c_16ap26 TIME_ZONE=C"
47029,TN,"Cocke",America/New_York,,,"tzbb-2026d area-majority; NWS c_16ap26 TIME_ZONE=E"
47031,TN,"Coffee",America/Chicago,,,"tzbb-2026d area-majority; NWS c_16ap26 TIME_ZONE=C"
47033,TN,"Crockett",America/Chicago,,,"tzbb-2026d area-majority; NWS c_16ap26 TIME_ZONE=C"
47035,TN,"Cumberland",America/Chicago,,,"tzbb-2026d area-majority; NWS c_16ap26 TIME_ZONE=C"
47037,TN,"Davidson",America/Chicago,,,"tzbb-2026d area-majority; NWS c_16ap26 TIME_ZONE=C"
47039,TN,"Decatur",America/Chicago,,,"tzbb-2026d area-majority; NWS c_16ap26 TIME_ZONE=C"
47041,TN,"De Kalb",America/Chicago,,,"tzbb-2026d area-majority; NWS c_16ap26 TIME_ZONE=C"
47043,TN,"Dickson",America/Chicago,,,"tzbb-2026d area-majority; NWS c_16ap26 TIME_ZONE=C"
47045,TN,"Dyer",America/Chicago,,,"tzbb-2026d area-majority; NWS c_16ap26 TIME_ZONE=C"
47047,TN,"Fayette",America/Chicago,,,"tzbb-2026d area-majority; NWS c_16ap26 TIME_ZONE=C"
47049,TN,"Fentress",America/Chicago,,,"tzbb-2026d area-majority; NWS c_16ap26 TIME_ZONE=C"
47051,TN,"Franklin",America/Chicago,,,"tzbb-2026d area-majority; NWS c_16ap26 TIME_ZONE=C"
47053,TN,"Gibson",America/Chicago,,,"tzbb-2026d area-majority; NWS c_16ap26 TIME_ZONE=C"
47055,TN,"Giles",America/Chicago,,,"tzbb-2026d area-majority; NWS c_16ap26 TIME_ZONE=C"
47057,TN,"Grainger",America/New_York,,,"tzbb-2026d area-majority; NWS c_16ap26 TIME_ZONE=E"
47059,TN,"Greene",America/New_York,,,"tzbb-2026d area-majority; NWS c_16ap26 TIME_ZONE=E"
47061,TN,"Grundy",America/Chicago,,,"tzbb-2026d area-majority; NWS c_16ap26 TIME_ZONE=C"
47063,TN,"Hamblen",America/New_York,,,"tzbb-2026d area-majority; NWS c_16ap26 TIME_ZONE=E"
47065,TN,"Hamilton",America/New_York,,,"tzbb-2026d area-majority; NWS c_16ap26 TIME_ZONE=E"
47067,TN,"Hancock",America/New_York,,,"tzbb-2026d area-majority; NWS c_16ap26 TIME_ZONE=E"
47069,TN,"Hardeman",America/Chicago,,,"tzbb-2026d area-majority; NWS c_16ap26 TIME_ZONE=C"
47071,TN,"Hardin",America/Chicago,,,"tzbb-2026d area-majority; NWS c_16ap26 TIME_ZONE=C"
47073,TN,"Hawkins",America/New_York,,,"tzbb-2026d area-majority; NWS c_16ap26 TIME_ZONE=E"
47075,TN,"Haywood",America/Chicago,,,"tzbb-2026d area-majority; NWS c_16ap26 TIME_ZONE=C"
47077,TN,"Henderson",America/Chicago,,,"tzbb-2026d area-majority; NWS c_16ap26 TIME_ZONE=C"
47079,TN,"Henry",America/Chicago,,,"tzbb-2026d area-majority; NWS c_16ap26 TIME_ZONE=C"
47081,TN,"Hickman",America/Chicago,,,"tzbb-2026d area-majority; NWS c_16ap26 TIME_ZONE=C"
47083,TN,"Houston",America/Chicago,,,"tzbb-2026d area-majority; NWS c_16ap26 TIME_ZONE=C"
47085,TN,"Humphreys",America/Chicago,,,"tzbb-2026d area-majority; NWS c_16ap26 TIME_ZONE=C"
47087,TN,"Jackson",America/Chicago,,,"tzbb-2026d area-majority; NWS c_16ap26 TIME_ZONE=C"
47089,TN,"Jefferson",America/New_York,,,"tzbb-2026d area-majority; NWS c_16ap26 TIME_ZONE=E"
47091,TN,"Johnson",America/New_York,,,"tzbb-2026d area-majority; NWS c_16ap26 TIME_ZONE=E"
47093,TN,"Knox",America/New_York,,,"tzbb-2026d area-majority; NWS c_16ap26 TIME_ZONE=E"
47095,TN,"Lake",America/Chicago,,,"tzbb-2026d area-majority; NWS c_16ap26 TIME_ZONE=C"
47097,TN,"Lauderdale",America/Chicago,,,"tzbb-2026d area-majority; NWS c_16ap26 TIME_ZONE=C"
47099,TN,"Lawrence",America/Chicago,,,"tzbb-2026d area-majority; NWS c_16ap26 TIME_ZONE=C"
47101,TN,"Lewis",America/Chicago,,,"tzbb-2026d area-majority; NWS c_16ap26 TIME_ZONE=C"
47103,TN,"Lincoln",America/Chicago,,,"tzbb-2026d area-majority; NWS c_16ap26 TIME_ZONE=C"
47105,TN,"Loudon",America/New_York,,,"tzbb-2026d area-majority; NWS c_16ap26 TIME_ZONE=E"
47107,TN,"McMinn",America/New_York,,,"tzbb-2026d area-majority; NWS c_16ap26 TIME_ZONE=E"
47109,TN,"McNairy",America/Chicago,,,"tzbb-2026d area-majority; NWS c_16ap26 TIME_ZONE=C"
47111,TN,"Macon",America/Chicago,,,"tzbb-2026d area-majority; NWS c_16ap26 TIME_ZONE=C"
47113,TN,"Madison",America/Chicago,,,"tzbb-2026d area-majority; NWS c_16ap26 TIME_ZONE=C"
47115,TN,"Marion",America/Chicago,,,"tzbb-2026d area-majority; NWS c_16ap26 TIME_ZONE=C"
47117,TN,"Marshall",America/Chicago,,,"tzbb-2026d area-majority; NWS c_16ap26 TIME_ZONE=C"
47119,TN,"Maury",America/Chicago,,,"tzbb-2026d area-majority; NWS c_16ap26 TIME_ZONE=C"
47121,TN,"Meigs",America/New_York,,,"tzbb-2026d area-majority; NWS c_16ap26 TIME_ZONE=E"
47123,TN,"Monroe",America/New_York,,,"tzbb-2026d area-majority; NWS c_16ap26 TIME_ZONE=E"
47125,TN,"Montgomery",America/Chicago,,,"tzbb-2026d area-majority; NWS c_16ap26 TIME_ZONE=C"
47127,TN,"Moore",America/Chicago,,,"tzbb-2026d area-majority; NWS c_16ap26 TIME_ZONE=C"
47129,TN,"Morgan",America/New_York,,,"tzbb-2026d area-majority; NWS c_16ap26 TIME_ZONE=E"
47131,TN,"Obion",America/Chicago,,,"tzbb-2026d area-majority; NWS c_16ap26 TIME_ZONE=C"
47133,TN,"Overton",America/Chicago,,,"tzbb-2026d area-majority; NWS c_16ap26 TIME_ZONE=C"
47135,TN,"Perry",America/Chicago,,,"tzbb-2026d area-majority; NWS c_16ap26 TIME_ZONE=C"
47137,TN,"Pickett",America/Chicago,,,"tzbb-2026d area-majority; NWS c_16ap26 TIME_ZONE=C"
47139,TN,"Polk",America/New_York,,,"tzbb-2026d area-majority; NWS c_16ap26 TIME_ZONE=E"
47141,TN,"Putnam",America/Chicago,,,"tzbb-2026d area-majority; NWS c_16ap26 TIME_ZONE=C"
47143,TN,"Rhea",America/New_York,,,"tzbb-2026d area-majority; NWS c_16ap26 TIME_ZONE=E"
47145,TN,"Roane",America/New_York,,,"tzbb-2026d area-majority; NWS c_16ap26 TIME_ZONE=E"
47147,TN,"Robertson",America/Chicago,,,"tzbb-2026d area-majority; NWS c_16ap26 TIME_ZONE=C"
47149,TN,"Rutherford",America/Chicago,,,"tzbb-2026d area-majority; NWS c_16ap26 TIME_ZONE=C"
47151,TN,"Scott",America/New_York,,,"tzbb-2026d area-majority; NWS c_16ap26 TIME_ZONE=E"
47153,TN,"Sequatchie",America/Chicago,,,"tzbb-2026d area-majority; NWS c_16ap26 TIME_ZONE=C"
47155,TN,"Sevier",America/New_York,,,"tzbb-2026d area-majority; NWS c_16ap26 TIME_ZONE=E"
47157,TN,"Shelby",America/Chicago,,,"tzbb-2026d area-majority; NWS c_16ap26 TIME_ZONE=C"
47159,TN,"Smith",America/Chicago,,,"tzbb-2026d area-majority; NWS c_16ap26 TIME_ZONE=C"
47161,TN,"Stewart",America/Chicago,,,"tzbb-2026d area-majority; NWS c_16ap26 TIME_ZONE=C"
47163,TN,"Sullivan",America/New_York,,,"tzbb-2026d area-majority; NWS c_16ap26 TIME_ZONE=E"
47165,TN,"Sumner",America/Chicago,,,"tzbb-2026d area-majority; NWS c_16ap26 TIME_ZONE=C"
47167,TN,"Tipton",America/Chicago,,,"tzbb-2026d area-majority; NWS c_16ap26 TIME_ZONE=C"
47169,TN,"Trousdale",America/Chicago,,,"tzbb-2026d area-majority; NWS c_16ap26 TIME_ZONE=C"
47171,TN,"Unicoi",America/New_York,,,"tzbb-2026d area-majority; NWS c_16ap26 TIME_ZONE=E"
47173,TN,"Union",America/New_York,,,"tzbb-2026d area-majority; NWS c_16ap26 TIME_ZONE=E"
47175,TN,"Van Buren",America/Chicago,,,"tzbb-2026d area-majority; NWS c_16ap26 TIME_ZONE=C"
47177,TN,"Warren",America/Chicago,,,"tzbb-2026d area-majority; NWS c_16ap26 TIME_ZONE=C"
47179,TN,"Washington",America/New_York,,,"tzbb-2026d area-majority; NWS c_16ap26 TIME_ZONE=E"
47181,TN,"Wayne",America/Chicago,,,"tzbb-2026d area-majority; NWS c_16ap26 TIME_ZONE=C"
47183,TN,"Weakley",America/Chicago,,,"tzbb-2026d area-majority; NWS c_16ap26 TIME_ZONE=C"
47185,TN,"White",America/Chicago,,,"tzbb-2026d area-majority; NWS c_16ap26 TIME_ZONE=C"
47187,TN,"Williamson",America/Chicago,,,"tzbb-2026d area-majority; NWS c_16ap26 TIME_ZONE=C"
47189,TN,"Wilson",America/Chicago,,,"tzbb-2026d area-majority; NWS c_16ap26 TIME_ZONE=C"
48001,TX,"Anderson",America/Chicago,,,"tzbb-2026d area-majority; NWS c_16ap26 TIME_ZONE=C"
48003,TX,"Andrews",America/Chicago,,,"tzbb-2026d area-majority; NWS c_16ap26 TIME_ZONE=C"
48005,TX,"Angelina",America/Chicago,,,"tzbb-2026d area-majority; NWS c_16ap26 TIME_ZONE=C"
48007,TX,"Aransas",America/Chicago,,,"tzbb-2026d area-majority; NWS c_16ap26 TIME_ZONE=C"
48009,TX,"Archer",America/Chicago,,,"tzbb-2026d area-majority; NWS c_16ap26 TIME_ZONE=C"
48011,TX,"Armstrong",America/Chicago,,,"tzbb-2026d area-majority; NWS c_16ap26 TIME_ZONE=C"
48013,TX,"Atascosa",America/Chicago,,,"tzbb-2026d area-majority; NWS c_16ap26 TIME_ZONE=C"
48015,TX,"Austin",America/Chicago,,,"tzbb-2026d area-majority; NWS c_16ap26 TIME_ZONE=C"
48017,TX,"Bailey",America/Chicago,,,"tzbb-2026d area-majority; NWS c_16ap26 TIME_ZONE=C"
48019,TX,"Bandera",America/Chicago,,,"tzbb-2026d area-majority; NWS c_16ap26 TIME_ZONE=C"
48021,TX,"Bastrop",America/Chicago,,,"tzbb-2026d area-majority; NWS c_16ap26 TIME_ZONE=C"
48023,TX,"Baylor",America/Chicago,,,"tzbb-2026d area-majority; NWS c_16ap26 TIME_ZONE=C"
48025,TX,"Bee",America/Chicago,,,"tzbb-2026d area-majority; NWS c_16ap26 TIME_ZONE=C"
48027,TX,"Bell",America/Chicago,,,"tzbb-2026d area-majority; NWS c_16ap26 TIME_ZONE=C"
48029,TX,"Bexar",America/Chicago,,,"tzbb-2026d area-majority; NWS c_16ap26 TIME_ZONE=C"
48031,TX,"Blanco",America/Chicago,,,"tzbb-2026d area-majority; NWS c_16ap26 TIME_ZONE=C"
48033,TX,"Borden",America/Chicago,,,"tzbb-2026d area-majority; NWS c_16ap26 TIME_ZONE=C"
48035,TX,"Bosque",America/Chicago,,,"tzbb-2026d area-majority; NWS c_16ap26 TIME_ZONE=C"
48037,TX,"Bowie",America/Chicago,,,"tzbb-2026d area-majority; NWS c_16ap26 TIME_ZONE=C"
48039,TX,"Brazoria",America/Chicago,,,"tzbb-2026d area-majority; NWS c_16ap26 TIME_ZONE=C"
48041,TX,"Brazos",America/Chicago,,,"tzbb-2026d area-majority; NWS c_16ap26 TIME_ZONE=C"
48043,TX,"Brewster",America/Chicago,,,"tzbb-2026d area-majority; NWS c_16ap26 TIME_ZONE=C"
48045,TX,"Briscoe",America/Chicago,,,"tzbb-2026d area-majority; NWS c_16ap26 TIME_ZONE=C"
48047,TX,"Brooks",America/Chicago,,,"tzbb-2026d area-majority; NWS c_16ap26 TIME_ZONE=C"
48049,TX,"Brown",America/Chicago,,,"tzbb-2026d area-majority; NWS c_16ap26 TIME_ZONE=C"
48051,TX,"Burleson",America/Chicago,,,"tzbb-2026d area-majority; NWS c_16ap26 TIME_ZONE=C"
48053,TX,"Burnet",America/Chicago,,,"tzbb-2026d area-majority; NWS c_16ap26 TIME_ZONE=C"
48055,TX,"Caldwell",America/Chicago,,,"tzbb-2026d area-majority; NWS c_16ap26 TIME_ZONE=C"
48057,TX,"Calhoun",America/Chicago,,,"tzbb-2026d area-majority; NWS c_16ap26 TIME_ZONE=C"
48059,TX,"Callahan",America/Chicago,,,"tzbb-2026d area-majority; NWS c_16ap26 TIME_ZONE=C"
48061,TX,"Cameron",America/Chicago,,,"tzbb-2026d area-majority; NWS c_16ap26 TIME_ZONE=C"
48063,TX,"Camp",America/Chicago,,,"tzbb-2026d area-majority; NWS c_16ap26 TIME_ZONE=C"
48065,TX,"Carson",America/Chicago,,,"tzbb-2026d area-majority; NWS c_16ap26 TIME_ZONE=C"
48067,TX,"Cass",America/Chicago,,,"tzbb-2026d area-majority; NWS c_16ap26 TIME_ZONE=C"
48069,TX,"Castro",America/Chicago,,,"tzbb-2026d area-majority; NWS c_16ap26 TIME_ZONE=C"
48071,TX,"Chambers",America/Chicago,,,"tzbb-2026d area-majority; NWS c_16ap26 TIME_ZONE=C"
48073,TX,"Cherokee",America/Chicago,,,"tzbb-2026d area-majority; NWS c_16ap26 TIME_ZONE=C"
48075,TX,"Childress",America/Chicago,,,"tzbb-2026d area-majority; NWS c_16ap26 TIME_ZONE=C"
48077,TX,"Clay",America/Chicago,,,"tzbb-2026d area-majority; NWS c_16ap26 TIME_ZONE=C"
48079,TX,"Cochran",America/Chicago,,,"tzbb-2026d area-majority; NWS c_16ap26 TIME_ZONE=C"
48081,TX,"Coke",America/Chicago,,,"tzbb-2026d area-majority; NWS c_16ap26 TIME_ZONE=C"
48083,TX,"Coleman",America/Chicago,,,"tzbb-2026d area-majority; NWS c_16ap26 TIME_ZONE=C"
48085,TX,"Collin",America/Chicago,,,"tzbb-2026d area-majority; NWS c_16ap26 TIME_ZONE=C"
48087,TX,"Collingsworth",America/Chicago,,,"tzbb-2026d area-majority; NWS c_16ap26 TIME_ZONE=C"
48089,TX,"Colorado",America/Chicago,,,"tzbb-2026d area-majority; NWS c_16ap26 TIME_ZONE=C"
48091,TX,"Comal",America/Chicago,,,"tzbb-2026d area-majority; NWS c_16ap26 TIME_ZONE=C"
48093,TX,"Comanche",America/Chicago,,,"tzbb-2026d area-majority; NWS c_16ap26 TIME_ZONE=C"
48095,TX,"Concho",America/Chicago,,,"tzbb-2026d area-majority; NWS c_16ap26 TIME_ZONE=C"
48097,TX,"Cooke",America/Chicago,,,"tzbb-2026d area-majority; NWS c_16ap26 TIME_ZONE=C"
48099,TX,"Coryell",America/Chicago,,,"tzbb-2026d area-majority; NWS c_16ap26 TIME_ZONE=C"
48101,TX,"Cottle",America/Chicago,,,"tzbb-2026d area-majority; NWS c_16ap26 TIME_ZONE=C"
48103,TX,"Crane",America/Chicago,,,"tzbb-2026d area-majority; NWS c_16ap26 TIME_ZONE=C"
48105,TX,"Crockett",America/Chicago,,,"tzbb-2026d area-majority; NWS c_16ap26 TIME_ZONE=C"
48107,TX,"Crosby",America/Chicago,,,"tzbb-2026d area-majority; NWS c_16ap26 TIME_ZONE=C"
48109,TX,"Culberson",America/Chicago,,,"tzbb-2026d area-majority; NWS c_16ap26 TIME_ZONE=CM; RESOLVED: NWS says CM; legal line (49 CFR 71.7) follows the east line of Hudspeth Co., so all of Culberson is Central; the NWS M part = Guadalupe Mountains NP, which keeps MT unofficially. tzbb = Central. Decision: Central."
48111,TX,"Dallam",America/Chicago,,,"tzbb-2026d area-majority; NWS c_16ap26 TIME_ZONE=C"
48113,TX,"Dallas",America/Chicago,,,"tzbb-2026d area-majority; NWS c_16ap26 TIME_ZONE=C"
48115,TX,"Dawson",America/Chicago,,,"tzbb-2026d area-majority; NWS c_16ap26 TIME_ZONE=C"
48117,TX,"Deaf Smith",America/Chicago,,,"tzbb-2026d area-majority; NWS c_16ap26 TIME_ZONE=C"
48119,TX,"Delta",America/Chicago,,,"tzbb-2026d area-majority; NWS c_16ap26 TIME_ZONE=C"
48121,TX,"Denton",America/Chicago,,,"tzbb-2026d area-majority; NWS c_16ap26 TIME_ZONE=C"
48123,TX,"DeWitt",America/Chicago,,,"tzbb-2026d area-majority; NWS c_16ap26 TIME_ZONE=C"
48125,TX,"Dickens",America/Chicago,,,"tzbb-2026d area-majority; NWS c_16ap26 TIME_ZONE=C"
48127,TX,"Dimmit",America/Chicago,,,"tzbb-2026d area-majority; NWS c_16ap26 TIME_ZONE=C"
48129,TX,"Donley",America/Chicago,,,"tzbb-2026d area-majority; NWS c_16ap26 TIME_ZONE=C"
48131,TX,"Duval",America/Chicago,,,"tzbb-2026d area-majority; NWS c_16ap26 TIME_ZONE=C"
48133,TX,"Eastland",America/Chicago,,,"tzbb-2026d area-majority; NWS c_16ap26 TIME_ZONE=C"
48135,TX,"Ector",America/Chicago,,,"tzbb-2026d area-majority; NWS c_16ap26 TIME_ZONE=C"
48137,TX,"Edwards",America/Chicago,,,"tzbb-2026d area-majority; NWS c_16ap26 TIME_ZONE=C"
48139,TX,"Ellis",America/Chicago,,,"tzbb-2026d area-majority; NWS c_16ap26 TIME_ZONE=C"
48141,TX,"El Paso",America/Denver,,,"tzbb-2026d area-majority; NWS c_16ap26 TIME_ZONE=M"
48143,TX,"Erath",America/Chicago,,,"tzbb-2026d area-majority; NWS c_16ap26 TIME_ZONE=C"
48145,TX,"Falls",America/Chicago,,,"tzbb-2026d area-majority; NWS c_16ap26 TIME_ZONE=C"
48147,TX,"Fannin",America/Chicago,,,"tzbb-2026d area-majority; NWS c_16ap26 TIME_ZONE=C"
48149,TX,"Fayette",America/Chicago,,,"tzbb-2026d area-majority; NWS c_16ap26 TIME_ZONE=C"
48151,TX,"Fisher",America/Chicago,,,"tzbb-2026d area-majority; NWS c_16ap26 TIME_ZONE=C"
48153,TX,"Floyd",America/Chicago,,,"tzbb-2026d area-majority; NWS c_16ap26 TIME_ZONE=C"
48155,TX,"Foard",America/Chicago,,,"tzbb-2026d area-majority; NWS c_16ap26 TIME_ZONE=C"
48157,TX,"Fort Bend",America/Chicago,,,"tzbb-2026d area-majority; NWS c_16ap26 TIME_ZONE=C"
48159,TX,"Franklin",America/Chicago,,,"tzbb-2026d area-majority; NWS c_16ap26 TIME_ZONE=C"
48161,TX,"Freestone",America/Chicago,,,"tzbb-2026d area-majority; NWS c_16ap26 TIME_ZONE=C"
48163,TX,"Frio",America/Chicago,,,"tzbb-2026d area-majority; NWS c_16ap26 TIME_ZONE=C"
48165,TX,"Gaines",America/Chicago,,,"tzbb-2026d area-majority; NWS c_16ap26 TIME_ZONE=C"
48167,TX,"Galveston",America/Chicago,,,"tzbb-2026d area-majority; NWS c_16ap26 TIME_ZONE=C"
48169,TX,"Garza",America/Chicago,,,"tzbb-2026d area-majority; NWS c_16ap26 TIME_ZONE=C"
48171,TX,"Gillespie",America/Chicago,,,"tzbb-2026d area-majority; NWS c_16ap26 TIME_ZONE=C"
48173,TX,"Glasscock",America/Chicago,,,"tzbb-2026d area-majority; NWS c_16ap26 TIME_ZONE=C"
48175,TX,"Goliad",America/Chicago,,,"tzbb-2026d area-majority; NWS c_16ap26 TIME_ZONE=C"
48177,TX,"Gonzales",America/Chicago,,,"tzbb-2026d area-majority; NWS c_16ap26 TIME_ZONE=C"
48179,TX,"Gray",America/Chicago,,,"tzbb-2026d area-majority; NWS c_16ap26 TIME_ZONE=C"
48181,TX,"Grayson",America/Chicago,,,"tzbb-2026d area-majority; NWS c_16ap26 TIME_ZONE=C"
48183,TX,"Gregg",America/Chicago,,,"tzbb-2026d area-majority; NWS c_16ap26 TIME_ZONE=C"
48185,TX,"Grimes",America/Chicago,,,"tzbb-2026d area-majority; NWS c_16ap26 TIME_ZONE=C"
48187,TX,"Guadalupe",America/Chicago,,,"tzbb-2026d area-majority; NWS c_16ap26 TIME_ZONE=C"
48189,TX,"Hale",America/Chicago,,,"tzbb-2026d area-majority; NWS c_16ap26 TIME_ZONE=C"
48191,TX,"Hall",America/Chicago,,,"tzbb-2026d area-majority; NWS c_16ap26 TIME_ZONE=C"
48193,TX,"Hamilton",America/Chicago,,,"tzbb-2026d area-majority; NWS c_16ap26 TIME_ZONE=C"
48195,TX,"Hansford",America/Chicago,,,"tzbb-2026d area-majority; NWS c_16ap26 TIME_ZONE=C"
48197,TX,"Hardeman",America/Chicago,,,"tzbb-2026d area-majority; NWS c_16ap26 TIME_ZONE=C"
48199,TX,"Hardin",America/Chicago,,,"tzbb-2026d area-majority; NWS c_16ap26 TIME_ZONE=C"
48201,TX,"Harris",America/Chicago,,,"tzbb-2026d area-majority; NWS c_16ap26 TIME_ZONE=C"
48203,TX,"Harrison",America/Chicago,,,"tzbb-2026d area-majority; NWS c_16ap26 TIME_ZONE=C"
48205,TX,"Hartley",America/Chicago,,,"tzbb-2026d area-majority; NWS c_16ap26 TIME_ZONE=C"
48207,TX,"Haskell",America/Chicago,,,"tzbb-2026d area-majority; NWS c_16ap26 TIME_ZONE=C"
48209,TX,"Hays",America/Chicago,,,"tzbb-2026d area-majority; NWS c_16ap26 TIME_ZONE=C"
48211,TX,"Hemphill",America/Chicago,,,"tzbb-2026d area-majority; NWS c_16ap26 TIME_ZONE=C"
48213,TX,"Henderson",America/Chicago,,,"tzbb-2026d area-majority; NWS c_16ap26 TIME_ZONE=C"
48215,TX,"Hidalgo",America/Chicago,,,"tzbb-2026d area-majority; NWS c_16ap26 TIME_ZONE=C"
48217,TX,"Hill",America/Chicago,,,"tzbb-2026d area-majority; NWS c_16ap26 TIME_ZONE=C"
48219,TX,"Hockley",America/Chicago,,,"tzbb-2026d area-majority; NWS c_16ap26 TIME_ZONE=C"
48221,TX,"Hood",America/Chicago,,,"tzbb-2026d area-majority; NWS c_16ap26 TIME_ZONE=C"
48223,TX,"Hopkins",America/Chicago,,,"tzbb-2026d area-majority; NWS c_16ap26 TIME_ZONE=C"
48225,TX,"Houston",America/Chicago,,,"tzbb-2026d area-majority; NWS c_16ap26 TIME_ZONE=C"
48227,TX,"Howard",America/Chicago,,,"tzbb-2026d area-majority; NWS c_16ap26 TIME_ZONE=C"
48229,TX,"Hudspeth",America/Denver,,,"tzbb-2026d area-majority; NWS c_16ap26 TIME_ZONE=M"
48231,TX,"Hunt",America/Chicago,,,"tzbb-2026d area-majority; NWS c_16ap26 TIME_ZONE=C"
48233,TX,"Hutchinson",America/Chicago,,,"tzbb-2026d area-majority; NWS c_16ap26 TIME_ZONE=C"
48235,TX,"Irion",America/Chicago,,,"tzbb-2026d area-majority; NWS c_16ap26 TIME_ZONE=C"
48237,TX,"Jack",America/Chicago,,,"tzbb-2026d area-majority; NWS c_16ap26 TIME_ZONE=C"
48239,TX,"Jackson",America/Chicago,,,"tzbb-2026d area-majority; NWS c_16ap26 TIME_ZONE=C"
48241,TX,"Jasper",America/Chicago,,,"tzbb-2026d area-majority; NWS c_16ap26 TIME_ZONE=C"
48243,TX,"Jeff Davis",America/Chicago,,,"tzbb-2026d area-majority; NWS c_16ap26 TIME_ZONE=C"
48245,TX,"Jefferson",America/Chicago,,,"tzbb-2026d area-majority; NWS c_16ap26 TIME_ZONE=C"
48247,TX,"Jim Hogg",America/Chicago,,,"tzbb-2026d area-majority; NWS c_16ap26 TIME_ZONE=C"
48249,TX,"Jim Wells",America/Chicago,,,"tzbb-2026d area-majority; NWS c_16ap26 TIME_ZONE=C"
48251,TX,"Johnson",America/Chicago,,,"tzbb-2026d area-majority; NWS c_16ap26 TIME_ZONE=C"
48253,TX,"Jones",America/Chicago,,,"tzbb-2026d area-majority; NWS c_16ap26 TIME_ZONE=C"
48255,TX,"Karnes",America/Chicago,,,"tzbb-2026d area-majority; NWS c_16ap26 TIME_ZONE=C"
48257,TX,"Kaufman",America/Chicago,,,"tzbb-2026d area-majority; NWS c_16ap26 TIME_ZONE=C"
48259,TX,"Kendall",America/Chicago,,,"tzbb-2026d area-majority; NWS c_16ap26 TIME_ZONE=C"
48261,TX,"Kenedy",America/Chicago,,,"tzbb-2026d area-majority; NWS c_16ap26 TIME_ZONE=C"
48263,TX,"Kent",America/Chicago,,,"tzbb-2026d area-majority; NWS c_16ap26 TIME_ZONE=C"
48265,TX,"Kerr",America/Chicago,,,"tzbb-2026d area-majority; NWS c_16ap26 TIME_ZONE=C"
48267,TX,"Kimble",America/Chicago,,,"tzbb-2026d area-majority; NWS c_16ap26 TIME_ZONE=C"
48269,TX,"King",America/Chicago,,,"tzbb-2026d area-majority; NWS c_16ap26 TIME_ZONE=C"
48271,TX,"Kinney",America/Chicago,,,"tzbb-2026d area-majority; NWS c_16ap26 TIME_ZONE=C"
48273,TX,"Kleberg",America/Chicago,,,"tzbb-2026d area-majority; NWS c_16ap26 TIME_ZONE=C"
48275,TX,"Knox",America/Chicago,,,"tzbb-2026d area-majority; NWS c_16ap26 TIME_ZONE=C"
48277,TX,"Lamar",America/Chicago,,,"tzbb-2026d area-majority; NWS c_16ap26 TIME_ZONE=C"
48279,TX,"Lamb",America/Chicago,,,"tzbb-2026d area-majority; NWS c_16ap26 TIME_ZONE=C"
48281,TX,"Lampasas",America/Chicago,,,"tzbb-2026d area-majority; NWS c_16ap26 TIME_ZONE=C"
48283,TX,"La Salle",America/Chicago,,,"tzbb-2026d area-majority; NWS c_16ap26 TIME_ZONE=C"
48285,TX,"Lavaca",America/Chicago,,,"tzbb-2026d area-majority; NWS c_16ap26 TIME_ZONE=C"
48287,TX,"Lee",America/Chicago,,,"tzbb-2026d area-majority; NWS c_16ap26 TIME_ZONE=C"
48289,TX,"Leon",America/Chicago,,,"tzbb-2026d area-majority; NWS c_16ap26 TIME_ZONE=C"
48291,TX,"Liberty",America/Chicago,,,"tzbb-2026d area-majority; NWS c_16ap26 TIME_ZONE=C"
48293,TX,"Limestone",America/Chicago,,,"tzbb-2026d area-majority; NWS c_16ap26 TIME_ZONE=C"
48295,TX,"Lipscomb",America/Chicago,,,"tzbb-2026d area-majority; NWS c_16ap26 TIME_ZONE=C"
48297,TX,"Live Oak",America/Chicago,,,"tzbb-2026d area-majority; NWS c_16ap26 TIME_ZONE=C"
48299,TX,"Llano",America/Chicago,,,"tzbb-2026d area-majority; NWS c_16ap26 TIME_ZONE=C"
48301,TX,"Loving",America/Chicago,,,"tzbb-2026d area-majority; NWS c_16ap26 TIME_ZONE=C"
48303,TX,"Lubbock",America/Chicago,,,"tzbb-2026d area-majority; NWS c_16ap26 TIME_ZONE=C"
48305,TX,"Lynn",America/Chicago,,,"tzbb-2026d area-majority; NWS c_16ap26 TIME_ZONE=C"
48307,TX,"McCulloch",America/Chicago,,,"tzbb-2026d area-majority; NWS c_16ap26 TIME_ZONE=C"
48309,TX,"McLennan",America/Chicago,,,"tzbb-2026d area-majority; NWS c_16ap26 TIME_ZONE=C"
48311,TX,"McMullen",America/Chicago,,,"tzbb-2026d area-majority; NWS c_16ap26 TIME_ZONE=C"
48313,TX,"Madison",America/Chicago,,,"tzbb-2026d area-majority; NWS c_16ap26 TIME_ZONE=C"
48315,TX,"Marion",America/Chicago,,,"tzbb-2026d area-majority; NWS c_16ap26 TIME_ZONE=C"
48317,TX,"Martin",America/Chicago,,,"tzbb-2026d area-majority; NWS c_16ap26 TIME_ZONE=C"
48319,TX,"Mason",America/Chicago,,,"tzbb-2026d area-majority; NWS c_16ap26 TIME_ZONE=C"
48321,TX,"Matagorda",America/Chicago,,,"tzbb-2026d area-majority; NWS c_16ap26 TIME_ZONE=C"
48323,TX,"Maverick",America/Chicago,,,"tzbb-2026d area-majority; NWS c_16ap26 TIME_ZONE=C"
48325,TX,"Medina",America/Chicago,,,"tzbb-2026d area-majority; NWS c_16ap26 TIME_ZONE=C"
48327,TX,"Menard",America/Chicago,,,"tzbb-2026d area-majority; NWS c_16ap26 TIME_ZONE=C"
48329,TX,"Midland",America/Chicago,,,"tzbb-2026d area-majority; NWS c_16ap26 TIME_ZONE=C"
48331,TX,"Milam",America/Chicago,,,"tzbb-2026d area-majority; NWS c_16ap26 TIME_ZONE=C"
48333,TX,"Mills",America/Chicago,,,"tzbb-2026d area-majority; NWS c_16ap26 TIME_ZONE=C"
48335,TX,"Mitchell",America/Chicago,,,"tzbb-2026d area-majority; NWS c_16ap26 TIME_ZONE=C"
48337,TX,"Montague",America/Chicago,,,"tzbb-2026d area-majority; NWS c_16ap26 TIME_ZONE=C"
48339,TX,"Montgomery",America/Chicago,,,"tzbb-2026d area-majority; NWS c_16ap26 TIME_ZONE=C"
48341,TX,"Moore",America/Chicago,,,"tzbb-2026d area-majority; NWS c_16ap26 TIME_ZONE=C"
48343,TX,"Morris",America/Chicago,,,"tzbb-2026d area-majority; NWS c_16ap26 TIME_ZONE=C"
48345,TX,"Motley",America/Chicago,,,"tzbb-2026d area-majority; NWS c_16ap26 TIME_ZONE=C"
48347,TX,"Nacogdoches",America/Chicago,,,"tzbb-2026d area-majority; NWS c_16ap26 TIME_ZONE=C"
48349,TX,"Navarro",America/Chicago,,,"tzbb-2026d area-majority; NWS c_16ap26 TIME_ZONE=C"
48351,TX,"Newton",America/Chicago,,,"tzbb-2026d area-majority; NWS c_16ap26 TIME_ZONE=C"
48353,TX,"Nolan",America/Chicago,,,"tzbb-2026d area-majority; NWS c_16ap26 TIME_ZONE=C"
48355,TX,"Nueces",America/Chicago,,,"tzbb-2026d area-majority; NWS c_16ap26 TIME_ZONE=C"
48357,TX,"Ochiltree",America/Chicago,,,"tzbb-2026d area-majority; NWS c_16ap26 TIME_ZONE=C"
48359,TX,"Oldham",America/Chicago,,,"tzbb-2026d area-majority; NWS c_16ap26 TIME_ZONE=C"
48361,TX,"Orange",America/Chicago,,,"tzbb-2026d area-majority; NWS c_16ap26 TIME_ZONE=C"
48363,TX,"Palo Pinto",America/Chicago,,,"tzbb-2026d area-majority; NWS c_16ap26 TIME_ZONE=C"
48365,TX,"Panola",America/Chicago,,,"tzbb-2026d area-majority; NWS c_16ap26 TIME_ZONE=C"
48367,TX,"Parker",America/Chicago,,,"tzbb-2026d area-majority; NWS c_16ap26 TIME_ZONE=C"
48369,TX,"Parmer",America/Chicago,,,"tzbb-2026d area-majority; NWS c_16ap26 TIME_ZONE=C"
48371,TX,"Pecos",America/Chicago,,,"tzbb-2026d area-majority; NWS c_16ap26 TIME_ZONE=C"
48373,TX,"Polk",America/Chicago,,,"tzbb-2026d area-majority; NWS c_16ap26 TIME_ZONE=C"
48375,TX,"Potter",America/Chicago,,,"tzbb-2026d area-majority; NWS c_16ap26 TIME_ZONE=C"
48377,TX,"Presidio",America/Chicago,,,"tzbb-2026d area-majority; NWS c_16ap26 TIME_ZONE=C"
48379,TX,"Rains",America/Chicago,,,"tzbb-2026d area-majority; NWS c_16ap26 TIME_ZONE=C"
48381,TX,"Randall",America/Chicago,,,"tzbb-2026d area-majority; NWS c_16ap26 TIME_ZONE=C"
48383,TX,"Reagan",America/Chicago,,,"tzbb-2026d area-majority; NWS c_16ap26 TIME_ZONE=C"
48385,TX,"Real",America/Chicago,,,"tzbb-2026d area-majority; NWS c_16ap26 TIME_ZONE=C"
48387,TX,"Red River",America/Chicago,,,"tzbb-2026d area-majority; NWS c_16ap26 TIME_ZONE=C"
48389,TX,"Reeves",America/Chicago,,,"tzbb-2026d area-majority; NWS c_16ap26 TIME_ZONE=C"
48391,TX,"Refugio",America/Chicago,,,"tzbb-2026d area-majority; NWS c_16ap26 TIME_ZONE=C"
48393,TX,"Roberts",America/Chicago,,,"tzbb-2026d area-majority; NWS c_16ap26 TIME_ZONE=C"
48395,TX,"Robertson",America/Chicago,,,"tzbb-2026d area-majority; NWS c_16ap26 TIME_ZONE=C"
48397,TX,"Rockwall",America/Chicago,,,"tzbb-2026d area-majority; NWS c_16ap26 TIME_ZONE=C"
48399,TX,"Runnels",America/Chicago,,,"tzbb-2026d area-majority; NWS c_16ap26 TIME_ZONE=C"
48401,TX,"Rusk",America/Chicago,,,"tzbb-2026d area-majority; NWS c_16ap26 TIME_ZONE=C"
48403,TX,"Sabine",America/Chicago,,,"tzbb-2026d area-majority; NWS c_16ap26 TIME_ZONE=C"
48405,TX,"San Augustine",America/Chicago,,,"tzbb-2026d area-majority; NWS c_16ap26 TIME_ZONE=C"
48407,TX,"San Jacinto",America/Chicago,,,"tzbb-2026d area-majority; NWS c_16ap26 TIME_ZONE=C"
48409,TX,"San Patricio",America/Chicago,,,"tzbb-2026d area-majority; NWS c_16ap26 TIME_ZONE=C"
48411,TX,"San Saba",America/Chicago,,,"tzbb-2026d area-majority; NWS c_16ap26 TIME_ZONE=C"
48413,TX,"Schleicher",America/Chicago,,,"tzbb-2026d area-majority; NWS c_16ap26 TIME_ZONE=C"
48415,TX,"Scurry",America/Chicago,,,"tzbb-2026d area-majority; NWS c_16ap26 TIME_ZONE=C"
48417,TX,"Shackelford",America/Chicago,,,"tzbb-2026d area-majority; NWS c_16ap26 TIME_ZONE=C"
48419,TX,"Shelby",America/Chicago,,,"tzbb-2026d area-majority; NWS c_16ap26 TIME_ZONE=C"
48421,TX,"Sherman",America/Chicago,,,"tzbb-2026d area-majority; NWS c_16ap26 TIME_ZONE=C"
48423,TX,"Smith",America/Chicago,,,"tzbb-2026d area-majority; NWS c_16ap26 TIME_ZONE=C"
48425,TX,"Somervell",America/Chicago,,,"tzbb-2026d area-majority; NWS c_16ap26 TIME_ZONE=C"
48427,TX,"Starr",America/Chicago,,,"tzbb-2026d area-majority; NWS c_16ap26 TIME_ZONE=C"
48429,TX,"Stephens",America/Chicago,,,"tzbb-2026d area-majority; NWS c_16ap26 TIME_ZONE=C"
48431,TX,"Sterling",America/Chicago,,,"tzbb-2026d area-majority; NWS c_16ap26 TIME_ZONE=C"
48433,TX,"Stonewall",America/Chicago,,,"tzbb-2026d area-majority; NWS c_16ap26 TIME_ZONE=C"
48435,TX,"Sutton",America/Chicago,,,"tzbb-2026d area-majority; NWS c_16ap26 TIME_ZONE=C"
48437,TX,"Swisher",America/Chicago,,,"tzbb-2026d area-majority; NWS c_16ap26 TIME_ZONE=C"
48439,TX,"Tarrant",America/Chicago,,,"tzbb-2026d area-majority; NWS c_16ap26 TIME_ZONE=C"
48441,TX,"Taylor",America/Chicago,,,"tzbb-2026d area-majority; NWS c_16ap26 TIME_ZONE=C"
48443,TX,"Terrell",America/Chicago,,,"tzbb-2026d area-majority; NWS c_16ap26 TIME_ZONE=C"
48445,TX,"Terry",America/Chicago,,,"tzbb-2026d area-majority; NWS c_16ap26 TIME_ZONE=C"
48447,TX,"Throckmorton",America/Chicago,,,"tzbb-2026d area-majority; NWS c_16ap26 TIME_ZONE=C"
48449,TX,"Titus",America/Chicago,,,"tzbb-2026d area-majority; NWS c_16ap26 TIME_ZONE=C"
48451,TX,"Tom Green",America/Chicago,,,"tzbb-2026d area-majority; NWS c_16ap26 TIME_ZONE=C"
48453,TX,"Travis",America/Chicago,,,"tzbb-2026d area-majority; NWS c_16ap26 TIME_ZONE=C"
48455,TX,"Trinity",America/Chicago,,,"tzbb-2026d area-majority; NWS c_16ap26 TIME_ZONE=C"
48457,TX,"Tyler",America/Chicago,,,"tzbb-2026d area-majority; NWS c_16ap26 TIME_ZONE=C"
48459,TX,"Upshur",America/Chicago,,,"tzbb-2026d area-majority; NWS c_16ap26 TIME_ZONE=C"
48461,TX,"Upton",America/Chicago,,,"tzbb-2026d area-majority; NWS c_16ap26 TIME_ZONE=C"
48463,TX,"Uvalde",America/Chicago,,,"tzbb-2026d area-majority; NWS c_16ap26 TIME_ZONE=C"
48465,TX,"Val Verde",America/Chicago,,,"tzbb-2026d area-majority; NWS c_16ap26 TIME_ZONE=C"
48467,TX,"Van Zandt",America/Chicago,,,"tzbb-2026d area-majority; NWS c_16ap26 TIME_ZONE=C"
48469,TX,"Victoria",America/Chicago,,,"tzbb-2026d area-majority; NWS c_16ap26 TIME_ZONE=C"
48471,TX,"Walker",America/Chicago,,,"tzbb-2026d area-majority; NWS c_16ap26 TIME_ZONE=C"
48473,TX,"Waller",America/Chicago,,,"tzbb-2026d area-majority; NWS c_16ap26 TIME_ZONE=C"
48475,TX,"Ward",America/Chicago,,,"tzbb-2026d area-majority; NWS c_16ap26 TIME_ZONE=C"
48477,TX,"Washington",America/Chicago,,,"tzbb-2026d area-majority; NWS c_16ap26 TIME_ZONE=C"
48479,TX,"Webb",America/Chicago,,,"tzbb-2026d area-majority; NWS c_16ap26 TIME_ZONE=C"
48481,TX,"Wharton",America/Chicago,,,"tzbb-2026d area-majority; NWS c_16ap26 TIME_ZONE=C"
48483,TX,"Wheeler",America/Chicago,,,"tzbb-2026d area-majority; NWS c_16ap26 TIME_ZONE=C"
48485,TX,"Wichita",America/Chicago,,,"tzbb-2026d area-majority; NWS c_16ap26 TIME_ZONE=C"
48487,TX,"Wilbarger",America/Chicago,,,"tzbb-2026d area-majority; NWS c_16ap26 TIME_ZONE=C"
48489,TX,"Willacy",America/Chicago,,,"tzbb-2026d area-majority; NWS c_16ap26 TIME_ZONE=C"
48491,TX,"Williamson",America/Chicago,,,"tzbb-2026d area-majority; NWS c_16ap26 TIME_ZONE=C"
48493,TX,"Wilson",America/Chicago,,,"tzbb-2026d area-majority; NWS c_16ap26 TIME_ZONE=C"
48495,TX,"Winkler",America/Chicago,,,"tzbb-2026d area-majority; NWS c_16ap26 TIME_ZONE=C"
48497,TX,"Wise",America/Chicago,,,"tzbb-2026d area-majority; NWS c_16ap26 TIME_ZONE=C"
48499,TX,"Wood",America/Chicago,,,"tzbb-2026d area-majority; NWS c_16ap26 TIME_ZONE=C"
48501,TX,"Yoakum",America/Chicago,,,"tzbb-2026d area-majority; NWS c_16ap26 TIME_ZONE=C"
48503,TX,"Young",America/Chicago,,,"tzbb-2026d area-majority; NWS c_16ap26 TIME_ZONE=C"
48505,TX,"Zapata",America/Chicago,,,"tzbb-2026d area-majority; NWS c_16ap26 TIME_ZONE=C"
48507,TX,"Zavala",America/Chicago,,,"tzbb-2026d area-majority; NWS c_16ap26 TIME_ZONE=C"
49001,UT,"Beaver",America/Denver,,,"tzbb-2026d area-majority; NWS c_16ap26 TIME_ZONE=M"
49003,UT,"Box Elder",America/Denver,,,"tzbb-2026d area-majority; NWS c_16ap26 TIME_ZONE=M"
49005,UT,"Cache",America/Denver,,,"tzbb-2026d area-majority; NWS c_16ap26 TIME_ZONE=M"
49007,UT,"Carbon",America/Denver,,,"tzbb-2026d area-majority; NWS c_16ap26 TIME_ZONE=M"
49009,UT,"Daggett",America/Denver,,,"tzbb-2026d area-majority; NWS c_16ap26 TIME_ZONE=M"
49011,UT,"Davis",America/Denver,,,"tzbb-2026d area-majority; NWS c_16ap26 TIME_ZONE=M"
49013,UT,"Duchesne",America/Denver,,,"tzbb-2026d area-majority; NWS c_16ap26 TIME_ZONE=M"
49015,UT,"Emery",America/Denver,,,"tzbb-2026d area-majority; NWS c_16ap26 TIME_ZONE=M"
49017,UT,"Garfield",America/Denver,,,"tzbb-2026d area-majority; NWS c_16ap26 TIME_ZONE=M"
49019,UT,"Grand",America/Denver,,,"tzbb-2026d area-majority; NWS c_16ap26 TIME_ZONE=M"
49021,UT,"Iron",America/Denver,,,"tzbb-2026d area-majority; NWS c_16ap26 TIME_ZONE=M"
49023,UT,"Juab",America/Denver,,,"tzbb-2026d area-majority; NWS c_16ap26 TIME_ZONE=M"
49025,UT,"Kane",America/Denver,,,"tzbb-2026d area-majority; NWS c_16ap26 TIME_ZONE=M"
49027,UT,"Millard",America/Denver,,,"tzbb-2026d area-majority; NWS c_16ap26 TIME_ZONE=M"
49029,UT,"Morgan",America/Denver,,,"tzbb-2026d area-majority; NWS c_16ap26 TIME_ZONE=M"
49031,UT,"Piute",America/Denver,,,"tzbb-2026d area-majority; NWS c_16ap26 TIME_ZONE=M"
49033,UT,"Rich",America/Denver,,,"tzbb-2026d area-majority; NWS c_16ap26 TIME_ZONE=M"
49035,UT,"Salt Lake",America/Denver,,,"tzbb-2026d area-majority; NWS c_16ap26 TIME_ZONE=M"
49037,UT,"San Juan",America/Denver,,,"tzbb-2026d area-majority; NWS c_16ap26 TIME_ZONE=M"
49039,UT,"Sanpete",America/Denver,,,"tzbb-2026d area-majority; NWS c_16ap26 TIME_ZONE=M"
49041,UT,"Sevier",America/Denver,,,"tzbb-2026d area-majority; NWS c_16ap26 TIME_ZONE=M"
49043,UT,"Summit",America/Denver,,,"tzbb-2026d area-majority; NWS c_16ap26 TIME_ZONE=M"
49045,UT,"Tooele",America/Denver,,,"tzbb-2026d area-majority; NWS c_16ap26 TIME_ZONE=M"
49047,UT,"Uintah",America/Denver,,,"tzbb-2026d area-majority; NWS c_16ap26 TIME_ZONE=M"
49049,UT,"Utah",America/Denver,,,"tzbb-2026d area-majority; NWS c_16ap26 TIME_ZONE=M"
49051,UT,"Wasatch",America/Denver,,,"tzbb-2026d area-majority; NWS c_16ap26 TIME_ZONE=M"
49053,UT,"Washington",America/Denver,,,"tzbb-2026d area-majority; NWS c_16ap26 TIME_ZONE=M"
49055,UT,"Wayne",America/Denver,,,"tzbb-2026d area-majority; NWS c_16ap26 TIME_ZONE=M"
49057,UT,"Weber",America/Denver,,,"tzbb-2026d area-majority; NWS c_16ap26 TIME_ZONE=M"
50001,VT,"Addison",America/New_York,,,"tzbb-2026d area-majority; NWS c_16ap26 TIME_ZONE=E"
50003,VT,"Bennington",America/New_York,,,"tzbb-2026d area-majority; NWS c_16ap26 TIME_ZONE=E"
50005,VT,"Caledonia",America/New_York,,,"tzbb-2026d area-majority; NWS c_16ap26 TIME_ZONE=E"
50007,VT,"Chittenden",America/New_York,,,"tzbb-2026d area-majority; NWS c_16ap26 TIME_ZONE=E"
50009,VT,"Essex",America/New_York,,,"tzbb-2026d area-majority; NWS c_16ap26 TIME_ZONE=E"
50011,VT,"Franklin",America/New_York,,,"tzbb-2026d area-majority; NWS c_16ap26 TIME_ZONE=E"
50013,VT,"Grand Isle",America/New_York,,,"tzbb-2026d area-majority; NWS c_16ap26 TIME_ZONE=E"
50015,VT,"Lamoille",America/New_York,,,"tzbb-2026d area-majority; NWS c_16ap26 TIME_ZONE=E"
50017,VT,"Orange",America/New_York,,,"tzbb-2026d area-majority; NWS c_16ap26 TIME_ZONE=E"
50019,VT,"Orleans",America/New_York,,,"tzbb-2026d area-majority; NWS c_16ap26 TIME_ZONE=E"
50021,VT,"Rutland",America/New_York,,,"tzbb-2026d area-majority; NWS c_16ap26 TIME_ZONE=E"
50023,VT,"Washington",America/New_York,,,"tzbb-2026d area-majority; NWS c_16ap26 TIME_ZONE=E"
50025,VT,"Windham",America/New_York,,,"tzbb-2026d area-majority; NWS c_16ap26 TIME_ZONE=E"
50027,VT,"Windsor",America/New_York,,,"tzbb-2026d area-majority; NWS c_16ap26 TIME_ZONE=E"
51001,VA,"Accomack",America/New_York,,,"tzbb-2026d area-majority; NWS c_16ap26 TIME_ZONE=E"
51003,VA,"Albemarle",America/New_York,,,"tzbb-2026d area-majority; NWS c_16ap26 TIME_ZONE=E"
51005,VA,"Alleghany",America/New_York,,,"tzbb-2026d area-majority; NWS c_16ap26 TIME_ZONE=E"
51007,VA,"Amelia",America/New_York,,,"tzbb-2026d area-majority; NWS c_16ap26 TIME_ZONE=E"
51009,VA,"Amherst",America/New_York,,,"tzbb-2026d area-majority; NWS c_16ap26 TIME_ZONE=E"
51011,VA,"Appomattox",America/New_York,,,"tzbb-2026d area-majority; NWS c_16ap26 TIME_ZONE=E"
51013,VA,"Arlington",America/New_York,,,"tzbb-2026d area-majority; NWS c_16ap26 TIME_ZONE=E"
51015,VA,"Augusta",America/New_York,,,"tzbb-2026d area-majority; NWS c_16ap26 TIME_ZONE=E"
51017,VA,"Bath",America/New_York,,,"tzbb-2026d area-majority; NWS c_16ap26 TIME_ZONE=E"
51019,VA,"Bedford",America/New_York,,,"tzbb-2026d area-majority; NWS c_16ap26 TIME_ZONE=E"
51021,VA,"Bland",America/New_York,,,"tzbb-2026d area-majority; NWS c_16ap26 TIME_ZONE=E"
51023,VA,"Botetourt",America/New_York,,,"tzbb-2026d area-majority; NWS c_16ap26 TIME_ZONE=E"
51025,VA,"Brunswick",America/New_York,,,"tzbb-2026d area-majority; NWS c_16ap26 TIME_ZONE=E"
51027,VA,"Buchanan",America/New_York,,,"tzbb-2026d area-majority; NWS c_16ap26 TIME_ZONE=E"
51029,VA,"Buckingham",America/New_York,,,"tzbb-2026d area-majority; NWS c_16ap26 TIME_ZONE=E"
51031,VA,"Campbell",America/New_York,,,"tzbb-2026d area-majority; NWS c_16ap26 TIME_ZONE=E"
51033,VA,"Caroline",America/New_York,,,"tzbb-2026d area-majority; NWS c_16ap26 TIME_ZONE=E"
51035,VA,"Carroll",America/New_York,,,"tzbb-2026d area-majority; NWS c_16ap26 TIME_ZONE=E"
51036,VA,"Charles City",America/New_York,,,"tzbb-2026d area-majority; NWS c_16ap26 TIME_ZONE=E"
51037,VA,"Charlotte",America/New_York,,,"tzbb-2026d area-majority; NWS c_16ap26 TIME_ZONE=E"
51041,VA,"Chesterfield",America/New_York,,,"tzbb-2026d area-majority; NWS c_16ap26 TIME_ZONE=E"
51043,VA,"Clarke",America/New_York,,,"tzbb-2026d area-majority; NWS c_16ap26 TIME_ZONE=E"
51045,VA,"Craig",America/New_York,,,"tzbb-2026d area-majority; NWS c_16ap26 TIME_ZONE=E"
51047,VA,"Culpeper",America/New_York,,,"tzbb-2026d area-majority; NWS c_16ap26 TIME_ZONE=E"
51049,VA,"Cumberland",America/New_York,,,"tzbb-2026d area-majority; NWS c_16ap26 TIME_ZONE=E"
51051,VA,"Dickenson",America/New_York,,,"tzbb-2026d area-majority; NWS c_16ap26 TIME_ZONE=E"
51053,VA,"Dinwiddie",America/New_York,,,"tzbb-2026d area-majority; NWS c_16ap26 TIME_ZONE=E"
51057,VA,"Essex",America/New_York,,,"tzbb-2026d area-majority; NWS c_16ap26 TIME_ZONE=E"
51059,VA,"Fairfax",America/New_York,,,"tzbb-2026d area-majority; NWS c_16ap26 TIME_ZONE=E"
51061,VA,"Fauquier",America/New_York,,,"tzbb-2026d area-majority; NWS c_16ap26 TIME_ZONE=E"
51063,VA,"Floyd",America/New_York,,,"tzbb-2026d area-majority; NWS c_16ap26 TIME_ZONE=E"
51065,VA,"Fluvanna",America/New_York,,,"tzbb-2026d area-majority; NWS c_16ap26 TIME_ZONE=E"
51067,VA,"Franklin",America/New_York,,,"tzbb-2026d area-majority; NWS c_16ap26 TIME_ZONE=E"
51069,VA,"Frederick",America/New_York,,,"tzbb-2026d area-majority; NWS c_16ap26 TIME_ZONE=E"
51071,VA,"Giles",America/New_York,,,"tzbb-2026d area-majority; NWS c_16ap26 TIME_ZONE=E"
51073,VA,"Gloucester",America/New_York,,,"tzbb-2026d area-majority; NWS c_16ap26 TIME_ZONE=E"
51075,VA,"Goochland",America/New_York,,,"tzbb-2026d area-majority; NWS c_16ap26 TIME_ZONE=E"
51077,VA,"Grayson",America/New_York,,,"tzbb-2026d area-majority; NWS c_16ap26 TIME_ZONE=E"
51079,VA,"Greene",America/New_York,,,"tzbb-2026d area-majority; NWS c_16ap26 TIME_ZONE=E"
51081,VA,"Greensville",America/New_York,,,"tzbb-2026d area-majority; NWS c_16ap26 TIME_ZONE=E"
51083,VA,"Halifax",America/New_York,,,"tzbb-2026d area-majority; NWS c_16ap26 TIME_ZONE=E"
51085,VA,"Hanover",America/New_York,,,"tzbb-2026d area-majority; NWS c_16ap26 TIME_ZONE=E"
51087,VA,"Henrico",America/New_York,,,"tzbb-2026d area-majority; NWS c_16ap26 TIME_ZONE=E"
51089,VA,"Henry",America/New_York,,,"tzbb-2026d area-majority; NWS c_16ap26 TIME_ZONE=E"
51091,VA,"Highland",America/New_York,,,"tzbb-2026d area-majority; NWS c_16ap26 TIME_ZONE=E"
51093,VA,"Isle of Wight",America/New_York,,,"tzbb-2026d area-majority; NWS c_16ap26 TIME_ZONE=E"
51095,VA,"James City",America/New_York,,,"tzbb-2026d area-majority; NWS c_16ap26 TIME_ZONE=E"
51097,VA,"King and Queen",America/New_York,,,"tzbb-2026d area-majority; NWS c_16ap26 TIME_ZONE=E"
51099,VA,"King George",America/New_York,,,"tzbb-2026d area-majority; NWS c_16ap26 TIME_ZONE=E"
51101,VA,"King William",America/New_York,,,"tzbb-2026d area-majority; NWS c_16ap26 TIME_ZONE=E"
51103,VA,"Lancaster",America/New_York,,,"tzbb-2026d area-majority; NWS c_16ap26 TIME_ZONE=E"
51105,VA,"Lee",America/New_York,,,"tzbb-2026d area-majority; NWS c_16ap26 TIME_ZONE=E"
51107,VA,"Loudoun",America/New_York,,,"tzbb-2026d area-majority; NWS c_16ap26 TIME_ZONE=E"
51109,VA,"Louisa",America/New_York,,,"tzbb-2026d area-majority; NWS c_16ap26 TIME_ZONE=E"
51111,VA,"Lunenburg",America/New_York,,,"tzbb-2026d area-majority; NWS c_16ap26 TIME_ZONE=E"
51113,VA,"Madison",America/New_York,,,"tzbb-2026d area-majority; NWS c_16ap26 TIME_ZONE=E"
51115,VA,"Mathews",America/New_York,,,"tzbb-2026d area-majority; NWS c_16ap26 TIME_ZONE=E"
51117,VA,"Mecklenburg",America/New_York,,,"tzbb-2026d area-majority; NWS c_16ap26 TIME_ZONE=E"
51119,VA,"Middlesex",America/New_York,,,"tzbb-2026d area-majority; NWS c_16ap26 TIME_ZONE=E"
51121,VA,"Montgomery",America/New_York,,,"tzbb-2026d area-majority; NWS c_16ap26 TIME_ZONE=E"
51125,VA,"Nelson",America/New_York,,,"tzbb-2026d area-majority; NWS c_16ap26 TIME_ZONE=E"
51127,VA,"New Kent",America/New_York,,,"tzbb-2026d area-majority; NWS c_16ap26 TIME_ZONE=E"
51131,VA,"Northampton",America/New_York,,,"tzbb-2026d area-majority; NWS c_16ap26 TIME_ZONE=E"
51133,VA,"Northumberland",America/New_York,,,"tzbb-2026d area-majority; NWS c_16ap26 TIME_ZONE=E"
51135,VA,"Nottoway",America/New_York,,,"tzbb-2026d area-majority; NWS c_16ap26 TIME_ZONE=E"
51137,VA,"Orange",America/New_York,,,"tzbb-2026d area-majority; NWS c_16ap26 TIME_ZONE=E"
51139,VA,"Page",America/New_York,,,"tzbb-2026d area-majority; NWS c_16ap26 TIME_ZONE=E"
51141,VA,"Patrick",America/New_York,,,"tzbb-2026d area-majority; NWS c_16ap26 TIME_ZONE=E"
51143,VA,"Pittsylvania",America/New_York,,,"tzbb-2026d area-majority; NWS c_16ap26 TIME_ZONE=E"
51145,VA,"Powhatan",America/New_York,,,"tzbb-2026d area-majority; NWS c_16ap26 TIME_ZONE=E"
51147,VA,"Prince Edward",America/New_York,,,"tzbb-2026d area-majority; NWS c_16ap26 TIME_ZONE=E"
51149,VA,"Prince George",America/New_York,,,"tzbb-2026d area-majority; NWS c_16ap26 TIME_ZONE=E"
51153,VA,"Prince William",America/New_York,,,"tzbb-2026d area-majority; NWS c_16ap26 TIME_ZONE=E"
51155,VA,"Pulaski",America/New_York,,,"tzbb-2026d area-majority; NWS c_16ap26 TIME_ZONE=E"
51157,VA,"Rappahannock",America/New_York,,,"tzbb-2026d area-majority; NWS c_16ap26 TIME_ZONE=E"
51159,VA,"Richmond",America/New_York,,,"tzbb-2026d area-majority; NWS c_16ap26 TIME_ZONE=E"
51161,VA,"Roanoke",America/New_York,,,"tzbb-2026d area-majority; NWS c_16ap26 TIME_ZONE=E"
51163,VA,"Rockbridge",America/New_York,,,"tzbb-2026d area-majority; NWS c_16ap26 TIME_ZONE=E"
51165,VA,"Rockingham",America/New_York,,,"tzbb-2026d area-majority; NWS c_16ap26 TIME_ZONE=E"
51167,VA,"Russell",America/New_York,,,"tzbb-2026d area-majority; NWS c_16ap26 TIME_ZONE=E"
51169,VA,"Scott",America/New_York,,,"tzbb-2026d area-majority; NWS c_16ap26 TIME_ZONE=E"
51171,VA,"Shenandoah",America/New_York,,,"tzbb-2026d area-majority; NWS c_16ap26 TIME_ZONE=E"
51173,VA,"Smyth",America/New_York,,,"tzbb-2026d area-majority; NWS c_16ap26 TIME_ZONE=E"
51175,VA,"Southampton",America/New_York,,,"tzbb-2026d area-majority; NWS c_16ap26 TIME_ZONE=E"
51177,VA,"Spotsylvania",America/New_York,,,"tzbb-2026d area-majority; NWS c_16ap26 TIME_ZONE=E"
51179,VA,"Stafford",America/New_York,,,"tzbb-2026d area-majority; NWS c_16ap26 TIME_ZONE=E"
51181,VA,"Surry",America/New_York,,,"tzbb-2026d area-majority; NWS c_16ap26 TIME_ZONE=E"
51183,VA,"Sussex",America/New_York,,,"tzbb-2026d area-majority; NWS c_16ap26 TIME_ZONE=E"
51185,VA,"Tazewell",America/New_York,,,"tzbb-2026d area-majority; NWS c_16ap26 TIME_ZONE=E"
51187,VA,"Warren",America/New_York,,,"tzbb-2026d area-majority; NWS c_16ap26 TIME_ZONE=E"
51191,VA,"Washington",America/New_York,,,"tzbb-2026d area-majority; NWS c_16ap26 TIME_ZONE=E"
51193,VA,"Westmoreland",America/New_York,,,"tzbb-2026d area-majority; NWS c_16ap26 TIME_ZONE=E"
51195,VA,"Wise",America/New_York,,,"tzbb-2026d area-majority; NWS c_16ap26 TIME_ZONE=E"
51197,VA,"Wythe",America/New_York,,,"tzbb-2026d area-majority; NWS c_16ap26 TIME_ZONE=E"
51199,VA,"York",America/New_York,,,"tzbb-2026d area-majority; NWS c_16ap26 TIME_ZONE=E"
51510,VA,"City of Alexandria",America/New_York,,,"tzbb-2026d area-majority; NWS c_16ap26 TIME_ZONE=E"
51520,VA,"City of Bristol",America/New_York,,,"tzbb-2026d area-majority; NWS c_16ap26 TIME_ZONE=E"
51530,VA,"City of Buena Vista",America/New_York,,,"tzbb-2026d area-majority; NWS c_16ap26 TIME_ZONE=E"
51540,VA,"City of Charlottesville",America/New_York,,,"tzbb-2026d area-majority; NWS c_16ap26 TIME_ZONE=E"
51550,VA,"City of Chesapeake",America/New_York,,,"tzbb-2026d area-majority; NWS c_16ap26 TIME_ZONE=E"
51570,VA,"City of Colonial Heights",America/New_York,,,"tzbb-2026d area-majority; NWS c_16ap26 TIME_ZONE=E"
51580,VA,"City of Covington",America/New_York,,,"tzbb-2026d area-majority; NWS c_16ap26 TIME_ZONE=E"
51590,VA,"City of Danville",America/New_York,,,"tzbb-2026d area-majority; NWS c_16ap26 TIME_ZONE=E"
51595,VA,"City of Emporia",America/New_York,,,"tzbb-2026d area-majority; NWS c_16ap26 TIME_ZONE=E"
51600,VA,"City of Fairfax",America/New_York,,,"tzbb-2026d area-majority; NWS c_16ap26 TIME_ZONE=E"
51610,VA,"City of Falls Church",America/New_York,,,"tzbb-2026d area-majority; NWS c_16ap26 TIME_ZONE=E"
51620,VA,"City of Franklin",America/New_York,,,"tzbb-2026d area-majority; NWS c_16ap26 TIME_ZONE=E"
51630,VA,"City of Fredericksburg",America/New_York,,,"tzbb-2026d area-majority; NWS c_16ap26 TIME_ZONE=E"
51640,VA,"City of Galax",America/New_York,,,"tzbb-2026d area-majority; NWS c_16ap26 TIME_ZONE=E"
51650,VA,"City of Hampton",America/New_York,,,"tzbb-2026d area-majority; NWS c_16ap26 TIME_ZONE=E"
51660,VA,"City of Harrisonburg",America/New_York,,,"tzbb-2026d area-majority; NWS c_16ap26 TIME_ZONE=E"
51670,VA,"City of Hopewell",America/New_York,,,"tzbb-2026d area-majority; NWS c_16ap26 TIME_ZONE=E"
51678,VA,"City of Lexington",America/New_York,,,"tzbb-2026d area-majority; NWS c_16ap26 TIME_ZONE=E"
51680,VA,"City of Lynchburg",America/New_York,,,"tzbb-2026d area-majority; NWS c_16ap26 TIME_ZONE=E"
51683,VA,"City of Manassas",America/New_York,,,"tzbb-2026d area-majority; NWS c_16ap26 TIME_ZONE=E"
51685,VA,"City of Manassas Park",America/New_York,,,"tzbb-2026d area-majority; NWS c_16ap26 TIME_ZONE=E"
51690,VA,"City of Martinsville",America/New_York,,,"tzbb-2026d area-majority; NWS c_16ap26 TIME_ZONE=E"
51700,VA,"City of Newport News",America/New_York,,,"tzbb-2026d area-majority; NWS c_16ap26 TIME_ZONE=E"
51710,VA,"City of Norfolk",America/New_York,,,"tzbb-2026d area-majority; NWS c_16ap26 TIME_ZONE=E"
51720,VA,"City of Norton",America/New_York,,,"tzbb-2026d area-majority; NWS c_16ap26 TIME_ZONE=E"
51730,VA,"City of Petersburg",America/New_York,,,"tzbb-2026d area-majority; NWS c_16ap26 TIME_ZONE=E"
51735,VA,"City of Poquoson",America/New_York,,,"tzbb-2026d area-majority; NWS c_16ap26 TIME_ZONE=E"
51740,VA,"City of Portsmouth",America/New_York,,,"tzbb-2026d area-majority; NWS c_16ap26 TIME_ZONE=E"
51750,VA,"City of Radford",America/New_York,,,"tzbb-2026d area-majority; NWS c_16ap26 TIME_ZONE=E"
51760,VA,"City of Richmond",America/New_York,,,"tzbb-2026d area-majority; NWS c_16ap26 TIME_ZONE=E"
51770,VA,"City of Roanoke",America/New_York,,,"tzbb-2026d area-majority; NWS c_16ap26 TIME_ZONE=E"
51775,VA,"City of Salem",America/New_York,,,"tzbb-2026d area-majority; NWS c_16ap26 TIME_ZONE=E"
51790,VA,"City of Staunton",America/New_York,,,"tzbb-2026d area-majority; NWS c_16ap26 TIME_ZONE=E"
51800,VA,"City of Suffolk",America/New_York,,,"tzbb-2026d area-majority; NWS c_16ap26 TIME_ZONE=E"
51810,VA,"City of Virginia Beach",America/New_York,,,"tzbb-2026d area-majority; NWS c_16ap26 TIME_ZONE=E"
51820,VA,"City of Waynesboro",America/New_York,,,"tzbb-2026d area-majority; NWS c_16ap26 TIME_ZONE=E"
51830,VA,"City of Williamsburg",America/New_York,,,"tzbb-2026d area-majority; NWS c_16ap26 TIME_ZONE=E"
51840,VA,"City of Winchester",America/New_York,,,"tzbb-2026d area-majority; NWS c_16ap26 TIME_ZONE=E"
53001,WA,"Adams",America/Los_Angeles,,,"tzbb-2026d area-majority; NWS c_16ap26 TIME_ZONE=P"
53003,WA,"Asotin",America/Los_Angeles,,,"tzbb-2026d area-majority; NWS c_16ap26 TIME_ZONE=P"
53005,WA,"Benton",America/Los_Angeles,,,"tzbb-2026d area-majority; NWS c_16ap26 TIME_ZONE=P"
53007,WA,"Chelan",America/Los_Angeles,,,"tzbb-2026d area-majority; NWS c_16ap26 TIME_ZONE=P"
53009,WA,"Clallam",America/Los_Angeles,,,"tzbb-2026d area-majority; NWS c_16ap26 TIME_ZONE=P"
53011,WA,"Clark",America/Los_Angeles,,,"tzbb-2026d area-majority; NWS c_16ap26 TIME_ZONE=P"
53013,WA,"Columbia",America/Los_Angeles,,,"tzbb-2026d area-majority; NWS c_16ap26 TIME_ZONE=P"
53015,WA,"Cowlitz",America/Los_Angeles,,,"tzbb-2026d area-majority; NWS c_16ap26 TIME_ZONE=P"
53017,WA,"Douglas",America/Los_Angeles,,,"tzbb-2026d area-majority; NWS c_16ap26 TIME_ZONE=P"
53019,WA,"Ferry",America/Los_Angeles,,,"tzbb-2026d area-majority; NWS c_16ap26 TIME_ZONE=P"
53021,WA,"Franklin",America/Los_Angeles,,,"tzbb-2026d area-majority; NWS c_16ap26 TIME_ZONE=P"
53023,WA,"Garfield",America/Los_Angeles,,,"tzbb-2026d area-majority; NWS c_16ap26 TIME_ZONE=P"
53025,WA,"Grant",America/Los_Angeles,,,"tzbb-2026d area-majority; NWS c_16ap26 TIME_ZONE=P"
53027,WA,"Grays Harbor",America/Los_Angeles,,,"tzbb-2026d area-majority; NWS c_16ap26 TIME_ZONE=P"
53029,WA,"Island",America/Los_Angeles,,,"tzbb-2026d area-majority; NWS c_16ap26 TIME_ZONE=P"
53031,WA,"Jefferson",America/Los_Angeles,,,"tzbb-2026d area-majority; NWS c_16ap26 TIME_ZONE=P"
53033,WA,"King",America/Los_Angeles,,,"tzbb-2026d area-majority; NWS c_16ap26 TIME_ZONE=P"
53035,WA,"Kitsap",America/Los_Angeles,,,"tzbb-2026d area-majority; NWS c_16ap26 TIME_ZONE=P"
53037,WA,"Kittitas",America/Los_Angeles,,,"tzbb-2026d area-majority; NWS c_16ap26 TIME_ZONE=P"
53039,WA,"Klickitat",America/Los_Angeles,,,"tzbb-2026d area-majority; NWS c_16ap26 TIME_ZONE=P"
53041,WA,"Lewis",America/Los_Angeles,,,"tzbb-2026d area-majority; NWS c_16ap26 TIME_ZONE=P"
53043,WA,"Lincoln",America/Los_Angeles,,,"tzbb-2026d area-majority; NWS c_16ap26 TIME_ZONE=P"
53045,WA,"Mason",America/Los_Angeles,,,"tzbb-2026d area-majority; NWS c_16ap26 TIME_ZONE=P"
53047,WA,"Okanogan",America/Los_Angeles,,,"tzbb-2026d area-majority; NWS c_16ap26 TIME_ZONE=P"
53049,WA,"Pacific",America/Los_Angeles,,,"tzbb-2026d area-majority; NWS c_16ap26 TIME_ZONE=P"
53051,WA,"Pend Oreille",America/Los_Angeles,,,"tzbb-2026d area-majority; NWS c_16ap26 TIME_ZONE=P"
53053,WA,"Pierce",America/Los_Angeles,,,"tzbb-2026d area-majority; NWS c_16ap26 TIME_ZONE=P"
53055,WA,"San Juan",America/Los_Angeles,,,"tzbb-2026d area-majority; NWS c_16ap26 TIME_ZONE=P"
53057,WA,"Skagit",America/Los_Angeles,,,"tzbb-2026d area-majority; NWS c_16ap26 TIME_ZONE=P"
53059,WA,"Skamania",America/Los_Angeles,,,"tzbb-2026d area-majority; NWS c_16ap26 TIME_ZONE=P"
53061,WA,"Snohomish",America/Los_Angeles,,,"tzbb-2026d area-majority; NWS c_16ap26 TIME_ZONE=P"
53063,WA,"Spokane",America/Los_Angeles,,,"tzbb-2026d area-majority; NWS c_16ap26 TIME_ZONE=P"
53065,WA,"Stevens",America/Los_Angeles,,,"tzbb-2026d area-majority; NWS c_16ap26 TIME_ZONE=P"
53067,WA,"Thurston",America/Los_Angeles,,,"tzbb-2026d area-majority; NWS c_16ap26 TIME_ZONE=P"
53069,WA,"Wahkiakum",America/Los_Angeles,,,"tzbb-2026d area-majority; NWS c_16ap26 TIME_ZONE=P"
53071,WA,"Walla Walla",America/Los_Angeles,,,"tzbb-2026d area-majority; NWS c_16ap26 TIME_ZONE=P"
53073,WA,"Whatcom",America/Los_Angeles,,,"tzbb-2026d area-majority; NWS c_16ap26 TIME_ZONE=P"
53075,WA,"Whitman",America/Los_Angeles,,,"tzbb-2026d area-majority; NWS c_16ap26 TIME_ZONE=P"
53077,WA,"Yakima",America/Los_Angeles,,,"tzbb-2026d area-majority; NWS c_16ap26 TIME_ZONE=P"
54001,WV,"Barbour",America/New_York,,,"tzbb-2026d area-majority; NWS c_16ap26 TIME_ZONE=E"
54003,WV,"Berkeley",America/New_York,,,"tzbb-2026d area-majority; NWS c_16ap26 TIME_ZONE=E"
54005,WV,"Boone",America/New_York,,,"tzbb-2026d area-majority; NWS c_16ap26 TIME_ZONE=E"
54007,WV,"Braxton",America/New_York,,,"tzbb-2026d area-majority; NWS c_16ap26 TIME_ZONE=E"
54009,WV,"Brooke",America/New_York,,,"tzbb-2026d area-majority; NWS c_16ap26 TIME_ZONE=E"
54011,WV,"Cabell",America/New_York,,,"tzbb-2026d area-majority; NWS c_16ap26 TIME_ZONE=E"
54013,WV,"Calhoun",America/New_York,,,"tzbb-2026d area-majority; NWS c_16ap26 TIME_ZONE=E"
54015,WV,"Clay",America/New_York,,,"tzbb-2026d area-majority; NWS c_16ap26 TIME_ZONE=E"
54017,WV,"Doddridge",America/New_York,,,"tzbb-2026d area-majority; NWS c_16ap26 TIME_ZONE=E"
54019,WV,"Fayette",America/New_York,,,"tzbb-2026d area-majority; NWS c_16ap26 TIME_ZONE=E"
54021,WV,"Gilmer",America/New_York,,,"tzbb-2026d area-majority; NWS c_16ap26 TIME_ZONE=E"
54023,WV,"Grant",America/New_York,,,"tzbb-2026d area-majority; NWS c_16ap26 TIME_ZONE=E"
54025,WV,"Greenbrier",America/New_York,,,"tzbb-2026d area-majority; NWS c_16ap26 TIME_ZONE=E"
54027,WV,"Hampshire",America/New_York,,,"tzbb-2026d area-majority; NWS c_16ap26 TIME_ZONE=E"
54029,WV,"Hancock",America/New_York,,,"tzbb-2026d area-majority; NWS c_16ap26 TIME_ZONE=E"
54031,WV,"Hardy",America/New_York,,,"tzbb-2026d area-majority; NWS c_16ap26 TIME_ZONE=E"
54033,WV,"Harrison",America/New_York,,,"tzbb-2026d area-majority; NWS c_16ap26 TIME_ZONE=E"
54035,WV,"Jackson",America/New_York,,,"tzbb-2026d area-majority; NWS c_16ap26 TIME_ZONE=E"
54037,WV,"Jefferson",America/New_York,,,"tzbb-2026d area-majority; NWS c_16ap26 TIME_ZONE=E"
54039,WV,"Kanawha",America/New_York,,,"tzbb-2026d area-majority; NWS c_16ap26 TIME_ZONE=E"
54041,WV,"Lewis",America/New_York,,,"tzbb-2026d area-majority; NWS c_16ap26 TIME_ZONE=E"
54043,WV,"Lincoln",America/New_York,,,"tzbb-2026d area-majority; NWS c_16ap26 TIME_ZONE=E"
54045,WV,"Logan",America/New_York,,,"tzbb-2026d area-majority; NWS c_16ap26 TIME_ZONE=E"
54047,WV,"McDowell",America/New_York,,,"tzbb-2026d area-majority; NWS c_16ap26 TIME_ZONE=E"
54049,WV,"Marion",America/New_York,,,"tzbb-2026d area-majority; NWS c_16ap26 TIME_ZONE=E"
54051,WV,"Marshall",America/New_York,,,"tzbb-2026d area-majority; NWS c_16ap26 TIME_ZONE=E"
54053,WV,"Mason",America/New_York,,,"tzbb-2026d area-majority; NWS c_16ap26 TIME_ZONE=E"
54055,WV,"Mercer",America/New_York,,,"tzbb-2026d area-majority; NWS c_16ap26 TIME_ZONE=E"
54057,WV,"Mineral",America/New_York,,,"tzbb-2026d area-majority; NWS c_16ap26 TIME_ZONE=E"
54059,WV,"Mingo",America/New_York,,,"tzbb-2026d area-majority; NWS c_16ap26 TIME_ZONE=E"
54061,WV,"Monongalia",America/New_York,,,"tzbb-2026d area-majority; NWS c_16ap26 TIME_ZONE=E"
54063,WV,"Monroe",America/New_York,,,"tzbb-2026d area-majority; NWS c_16ap26 TIME_ZONE=E"
54065,WV,"Morgan",America/New_York,,,"tzbb-2026d area-majority; NWS c_16ap26 TIME_ZONE=E"
54067,WV,"Nicholas",America/New_York,,,"tzbb-2026d area-majority; NWS c_16ap26 TIME_ZONE=E"
54069,WV,"Ohio",America/New_York,,,"tzbb-2026d area-majority; NWS c_16ap26 TIME_ZONE=E"
54071,WV,"Pendleton",America/New_York,,,"tzbb-2026d area-majority; NWS c_16ap26 TIME_ZONE=E"
54073,WV,"Pleasants",America/New_York,,,"tzbb-2026d area-majority; NWS c_16ap26 TIME_ZONE=E"
54075,WV,"Pocahontas",America/New_York,,,"tzbb-2026d area-majority; NWS c_16ap26 TIME_ZONE=E"
54077,WV,"Preston",America/New_York,,,"tzbb-2026d area-majority; NWS c_16ap26 TIME_ZONE=E"
54079,WV,"Putnam",America/New_York,,,"tzbb-2026d area-majority; NWS c_16ap26 TIME_ZONE=E"
54081,WV,"Raleigh",America/New_York,,,"tzbb-2026d area-majority; NWS c_16ap26 TIME_ZONE=E"
54083,WV,"Randolph",America/New_York,,,"tzbb-2026d area-majority; NWS c_16ap26 TIME_ZONE=E"
54085,WV,"Ritchie",America/New_York,,,"tzbb-2026d area-majority; NWS c_16ap26 TIME_ZONE=E"
54087,WV,"Roane",America/New_York,,,"tzbb-2026d area-majority; NWS c_16ap26 TIME_ZONE=E"
54089,WV,"Summers",America/New_York,,,"tzbb-2026d area-majority; NWS c_16ap26 TIME_ZONE=E"
54091,WV,"Taylor",America/New_York,,,"tzbb-2026d area-majority; NWS c_16ap26 TIME_ZONE=E"
54093,WV,"Tucker",America/New_York,,,"tzbb-2026d area-majority; NWS c_16ap26 TIME_ZONE=E"
54095,WV,"Tyler",America/New_York,,,"tzbb-2026d area-majority; NWS c_16ap26 TIME_ZONE=E"
54097,WV,"Upshur",America/New_York,,,"tzbb-2026d area-majority; NWS c_16ap26 TIME_ZONE=E"
54099,WV,"Wayne",America/New_York,,,"tzbb-2026d area-majority; NWS c_16ap26 TIME_ZONE=E"
54101,WV,"Webster",America/New_York,,,"tzbb-2026d area-majority; NWS c_16ap26 TIME_ZONE=E"
54103,WV,"Wetzel",America/New_York,,,"tzbb-2026d area-majority; NWS c_16ap26 TIME_ZONE=E"
54105,WV,"Wirt",America/New_York,,,"tzbb-2026d area-majority; NWS c_16ap26 TIME_ZONE=E"
54107,WV,"Wood",America/New_York,,,"tzbb-2026d area-majority; NWS c_16ap26 TIME_ZONE=E"
54109,WV,"Wyoming",America/New_York,,,"tzbb-2026d area-majority; NWS c_16ap26 TIME_ZONE=E"
55001,WI,"Adams",America/Chicago,,,"tzbb-2026d area-majority; NWS c_16ap26 TIME_ZONE=C"
55003,WI,"Ashland",America/Chicago,,,"tzbb-2026d area-majority; NWS c_16ap26 TIME_ZONE=C"
55005,WI,"Barron",America/Chicago,,,"tzbb-2026d area-majority; NWS c_16ap26 TIME_ZONE=C"
55007,WI,"Bayfield",America/Chicago,,,"tzbb-2026d area-majority; NWS c_16ap26 TIME_ZONE=C"
55009,WI,"Brown",America/Chicago,,,"tzbb-2026d area-majority; NWS c_16ap26 TIME_ZONE=C"
55011,WI,"Buffalo",America/Chicago,,,"tzbb-2026d area-majority; NWS c_16ap26 TIME_ZONE=C"
55013,WI,"Burnett",America/Chicago,,,"tzbb-2026d area-majority; NWS c_16ap26 TIME_ZONE=C"
55015,WI,"Calumet",America/Chicago,,,"tzbb-2026d area-majority; NWS c_16ap26 TIME_ZONE=C"
55017,WI,"Chippewa",America/Chicago,,,"tzbb-2026d area-majority; NWS c_16ap26 TIME_ZONE=C"
55019,WI,"Clark",America/Chicago,,,"tzbb-2026d area-majority; NWS c_16ap26 TIME_ZONE=C"
55021,WI,"Columbia",America/Chicago,,,"tzbb-2026d area-majority; NWS c_16ap26 TIME_ZONE=C"
55023,WI,"Crawford",America/Chicago,,,"tzbb-2026d area-majority; NWS c_16ap26 TIME_ZONE=C"
55025,WI,"Dane",America/Chicago,,,"tzbb-2026d area-majority; NWS c_16ap26 TIME_ZONE=C"
55027,WI,"Dodge",America/Chicago,,,"tzbb-2026d area-majority; NWS c_16ap26 TIME_ZONE=C"
55029,WI,"Door",America/Chicago,,,"tzbb-2026d area-majority; NWS c_16ap26 TIME_ZONE=C"
55031,WI,"Douglas",America/Chicago,,,"tzbb-2026d area-majority; NWS c_16ap26 TIME_ZONE=C"
55033,WI,"Dunn",America/Chicago,,,"tzbb-2026d area-majority; NWS c_16ap26 TIME_ZONE=C"
55035,WI,"Eau Claire",America/Chicago,,,"tzbb-2026d area-majority; NWS c_16ap26 TIME_ZONE=C"
55037,WI,"Florence",America/Chicago,,,"tzbb-2026d area-majority; NWS c_16ap26 TIME_ZONE=C"
55039,WI,"Fond du Lac",America/Chicago,,,"tzbb-2026d area-majority; NWS c_16ap26 TIME_ZONE=C"
55041,WI,"Forest",America/Chicago,,,"tzbb-2026d area-majority; NWS c_16ap26 TIME_ZONE=C"
55043,WI,"Grant",America/Chicago,,,"tzbb-2026d area-majority; NWS c_16ap26 TIME_ZONE=C"
55045,WI,"Green",America/Chicago,,,"tzbb-2026d area-majority; NWS c_16ap26 TIME_ZONE=C"
55047,WI,"Green Lake",America/Chicago,,,"tzbb-2026d area-majority; NWS c_16ap26 TIME_ZONE=C"
55049,WI,"Iowa",America/Chicago,,,"tzbb-2026d area-majority; NWS c_16ap26 TIME_ZONE=C"
55051,WI,"Iron",America/Chicago,,,"tzbb-2026d area-majority; NWS c_16ap26 TIME_ZONE=C"
55053,WI,"Jackson",America/Chicago,,,"tzbb-2026d area-majority; NWS c_16ap26 TIME_ZONE=C"
55055,WI,"Jefferson",America/Chicago,,,"tzbb-2026d area-majority; NWS c_16ap26 TIME_ZONE=C"
55057,WI,"Juneau",America/Chicago,,,"tzbb-2026d area-majority; NWS c_16ap26 TIME_ZONE=C"
55059,WI,"Kenosha",America/Chicago,,,"tzbb-2026d area-majority; NWS c_16ap26 TIME_ZONE=C"
55061,WI,"Kewaunee",America/Chicago,,,"tzbb-2026d area-majority; NWS c_16ap26 TIME_ZONE=C"
55063,WI,"La Crosse",America/Chicago,,,"tzbb-2026d area-majority; NWS c_16ap26 TIME_ZONE=C"
55065,WI,"Lafayette",America/Chicago,,,"tzbb-2026d area-majority; NWS c_16ap26 TIME_ZONE=C"
55067,WI,"Langlade",America/Chicago,,,"tzbb-2026d area-majority; NWS c_16ap26 TIME_ZONE=C"
55069,WI,"Lincoln",America/Chicago,,,"tzbb-2026d area-majority; NWS c_16ap26 TIME_ZONE=C"
55071,WI,"Manitowoc",America/Chicago,,,"tzbb-2026d area-majority; NWS c_16ap26 TIME_ZONE=C"
55073,WI,"Marathon",America/Chicago,,,"tzbb-2026d area-majority; NWS c_16ap26 TIME_ZONE=C"
55075,WI,"Marinette",America/Chicago,,,"tzbb-2026d area-majority; NWS c_16ap26 TIME_ZONE=C"
55077,WI,"Marquette",America/Chicago,,,"tzbb-2026d area-majority; NWS c_16ap26 TIME_ZONE=C"
55078,WI,"Menominee",America/Chicago,,,"tzbb-2026d area-majority; NWS c_16ap26 TIME_ZONE=C"
55079,WI,"Milwaukee",America/Chicago,,,"tzbb-2026d area-majority; NWS c_16ap26 TIME_ZONE=C"
55081,WI,"Monroe",America/Chicago,,,"tzbb-2026d area-majority; NWS c_16ap26 TIME_ZONE=C"
55083,WI,"Oconto",America/Chicago,,,"tzbb-2026d area-majority; NWS c_16ap26 TIME_ZONE=C"
55085,WI,"Oneida",America/Chicago,,,"tzbb-2026d area-majority; NWS c_16ap26 TIME_ZONE=C"
55087,WI,"Outagamie",America/Chicago,,,"tzbb-2026d area-majority; NWS c_16ap26 TIME_ZONE=C"
55089,WI,"Ozaukee",America/Chicago,,,"tzbb-2026d area-majority; NWS c_16ap26 TIME_ZONE=C"
55091,WI,"Pepin",America/Chicago,,,"tzbb-2026d area-majority; NWS c_16ap26 TIME_ZONE=C"
55093,WI,"Pierce",America/Chicago,,,"tzbb-2026d area-majority; NWS c_16ap26 TIME_ZONE=C"
55095,WI,"Polk",America/Chicago,,,"tzbb-2026d area-majority; NWS c_16ap26 TIME_ZONE=C"
55097,WI,"Portage",America/Chicago,,,"tzbb-2026d area-majority; NWS c_16ap26 TIME_ZONE=C"
55099,WI,"Price",America/Chicago,,,"tzbb-2026d area-majority; NWS c_16ap26 TIME_ZONE=C"
55101,WI,"Racine",America/Chicago,,,"tzbb-2026d area-majority; NWS c_16ap26 TIME_ZONE=C"
55103,WI,"Richland",America/Chicago,,,"tzbb-2026d area-majority; NWS c_16ap26 TIME_ZONE=C"
55105,WI,"Rock",America/Chicago,,,"tzbb-2026d area-majority; NWS c_16ap26 TIME_ZONE=C"
55107,WI,"Rusk",America/Chicago,,,"tzbb-2026d area-majority; NWS c_16ap26 TIME_ZONE=C"
55109,WI,"St. Croix",America/Chicago,,,"tzbb-2026d area-majority; NWS c_16ap26 TIME_ZONE=C"
55111,WI,"Sauk",America/Chicago,,,"tzbb-2026d area-majority; NWS c_16ap26 TIME_ZONE=C"
55113,WI,"Sawyer",America/Chicago,,,"tzbb-2026d area-majority; NWS c_16ap26 TIME_ZONE=C"
55115,WI,"Shawano",America/Chicago,,,"tzbb-2026d area-majority; NWS c_16ap26 TIME_ZONE=C"
55117,WI,"Sheboygan",America/Chicago,,,"tzbb-2026d area-majority; NWS c_16ap26 TIME_ZONE=C"
55119,WI,"Taylor",America/Chicago,,,"tzbb-2026d area-majority; NWS c_16ap26 TIME_ZONE=C"
55121,WI,"Trempealeau",America/Chicago,,,"tzbb-2026d area-majority; NWS c_16ap26 TIME_ZONE=C"
55123,WI,"Vernon",America/Chicago,,,"tzbb-2026d area-majority; NWS c_16ap26 TIME_ZONE=C"
55125,WI,"Vilas",America/Chicago,,,"tzbb-2026d area-majority; NWS c_16ap26 TIME_ZONE=C"
55127,WI,"Walworth",America/Chicago,,,"tzbb-2026d area-majority; NWS c_16ap26 TIME_ZONE=C"
55129,WI,"Washburn",America/Chicago,,,"tzbb-2026d area-majority; NWS c_16ap26 TIME_ZONE=C"
55131,WI,"Washington",America/Chicago,,,"tzbb-2026d area-majority; NWS c_16ap26 TIME_ZONE=C"
55133,WI,"Waukesha",America/Chicago,,,"tzbb-2026d area-majority; NWS c_16ap26 TIME_ZONE=C"
55135,WI,"Waupaca",America/Chicago,,,"tzbb-2026d area-majority; NWS c_16ap26 TIME_ZONE=C"
55137,WI,"Waushara",America/Chicago,,,"tzbb-2026d area-majority; NWS c_16ap26 TIME_ZONE=C"
55139,WI,"Winnebago",America/Chicago,,,"tzbb-2026d area-majority; NWS c_16ap26 TIME_ZONE=C"
55141,WI,"Wood",America/Chicago,,,"tzbb-2026d area-majority; NWS c_16ap26 TIME_ZONE=C"
56001,WY,"Albany",America/Denver,,,"tzbb-2026d area-majority; NWS c_16ap26 TIME_ZONE=M"
56003,WY,"Big Horn",America/Denver,,,"tzbb-2026d area-majority; NWS c_16ap26 TIME_ZONE=M"
56005,WY,"Campbell",America/Denver,,,"tzbb-2026d area-majority; NWS c_16ap26 TIME_ZONE=M"
56007,WY,"Carbon",America/Denver,,,"tzbb-2026d area-majority; NWS c_16ap26 TIME_ZONE=M"
56009,WY,"Converse",America/Denver,,,"tzbb-2026d area-majority; NWS c_16ap26 TIME_ZONE=M"
56011,WY,"Crook",America/Denver,,,"tzbb-2026d area-majority; NWS c_16ap26 TIME_ZONE=M"
56013,WY,"Fremont",America/Denver,,,"tzbb-2026d area-majority; NWS c_16ap26 TIME_ZONE=M"
56015,WY,"Goshen",America/Denver,,,"tzbb-2026d area-majority; NWS c_16ap26 TIME_ZONE=M"
56017,WY,"Hot Springs",America/Denver,,,"tzbb-2026d area-majority; NWS c_16ap26 TIME_ZONE=M"
56019,WY,"Johnson",America/Denver,,,"tzbb-2026d area-majority; NWS c_16ap26 TIME_ZONE=M"
56021,WY,"Laramie",America/Denver,,,"tzbb-2026d area-majority; NWS c_16ap26 TIME_ZONE=M"
56023,WY,"Lincoln",America/Denver,,,"tzbb-2026d area-majority; NWS c_16ap26 TIME_ZONE=M"
56025,WY,"Natrona",America/Denver,,,"tzbb-2026d area-majority; NWS c_16ap26 TIME_ZONE=M"
56027,WY,"Niobrara",America/Denver,,,"tzbb-2026d area-majority; NWS c_16ap26 TIME_ZONE=M"
56029,WY,"Park",America/Denver,,,"tzbb-2026d area-majority; NWS c_16ap26 TIME_ZONE=M"
56031,WY,"Platte",America/Denver,,,"tzbb-2026d area-majority; NWS c_16ap26 TIME_ZONE=M"
56033,WY,"Sheridan",America/Denver,,,"tzbb-2026d area-majority; NWS c_16ap26 TIME_ZONE=M"
56035,WY,"Sublette",America/Denver,,,"tzbb-2026d area-majority; NWS c_16ap26 TIME_ZONE=M"
56037,WY,"Sweetwater",America/Denver,,,"tzbb-2026d area-majority; NWS c_16ap26 TIME_ZONE=M"
56039,WY,"Teton",America/Denver,,,"tzbb-2026d area-majority; NWS c_16ap26 TIME_ZONE=M"
56041,WY,"Uinta",America/Denver,,,"tzbb-2026d area-majority; NWS c_16ap26 TIME_ZONE=M"
56043,WY,"Washakie",America/Denver,,,"tzbb-2026d area-majority; NWS c_16ap26 TIME_ZONE=M"
56045,WY,"Weston",America/Denver,,,"tzbb-2026d area-majority; NWS c_16ap26 TIME_ZONE=M"
72001,PR,"Adjuntas",America/Puerto_Rico,,,"tzbb-2026d area-majority; NWS c_16ap26 TIME_ZONE=V"
72003,PR,"Aguada",America/Puerto_Rico,,,"tzbb-2026d area-majority; NWS c_16ap26 TIME_ZONE=V"
72005,PR,"Aguadilla",America/Puerto_Rico,,,"tzbb-2026d area-majority; NWS c_16ap26 TIME_ZONE=V"
72007,PR,"Aguas Buenas",America/Puerto_Rico,,,"tzbb-2026d area-majority; NWS c_16ap26 TIME_ZONE=V"
72009,PR,"Aibonito",America/Puerto_Rico,,,"tzbb-2026d area-majority; NWS c_16ap26 TIME_ZONE=V"
72011,PR,"Anasco",America/Puerto_Rico,,,"tzbb-2026d area-majority; NWS c_16ap26 TIME_ZONE=V"
72013,PR,"Arecibo",America/Puerto_Rico,,,"tzbb-2026d area-majority; NWS c_16ap26 TIME_ZONE=V"
72015,PR,"Arroyo",America/Puerto_Rico,,,"tzbb-2026d area-majority; NWS c_16ap26 TIME_ZONE=V"
72017,PR,"Barceloneta",America/Puerto_Rico,,,"tzbb-2026d area-majority; NWS c_16ap26 TIME_ZONE=V"
72019,PR,"Barranquitas",America/Puerto_Rico,,,"tzbb-2026d area-majority; NWS c_16ap26 TIME_ZONE=V"
72021,PR,"Bayamon",America/Puerto_Rico,,,"tzbb-2026d area-majority; NWS c_16ap26 TIME_ZONE=V"
72023,PR,"Cabo Rojo",America/Puerto_Rico,,,"tzbb-2026d area-majority; NWS c_16ap26 TIME_ZONE=V"
72025,PR,"Caguas",America/Puerto_Rico,,,"tzbb-2026d area-majority; NWS c_16ap26 TIME_ZONE=V"
72027,PR,"Camuy",America/Puerto_Rico,,,"tzbb-2026d area-majority; NWS c_16ap26 TIME_ZONE=V"
72029,PR,"Canovanas",America/Puerto_Rico,,,"tzbb-2026d area-majority; NWS c_16ap26 TIME_ZONE=V"
72031,PR,"Carolina",America/Puerto_Rico,,,"tzbb-2026d area-majority; NWS c_16ap26 TIME_ZONE=V"
72033,PR,"Catano",America/Puerto_Rico,,,"tzbb-2026d area-majority; NWS c_16ap26 TIME_ZONE=V"
72035,PR,"Cayey",America/Puerto_Rico,,,"tzbb-2026d area-majority; NWS c_16ap26 TIME_ZONE=V"
72037,PR,"Ceiba",America/Puerto_Rico,,,"tzbb-2026d area-majority; NWS c_16ap26 TIME_ZONE=V"
72039,PR,"Ciales",America/Puerto_Rico,,,"tzbb-2026d area-majority; NWS c_16ap26 TIME_ZONE=V"
72041,PR,"Cidra",America/Puerto_Rico,,,"tzbb-2026d area-majority; NWS c_16ap26 TIME_ZONE=V"
72043,PR,"Coamo",America/Puerto_Rico,,,"tzbb-2026d area-majority; NWS c_16ap26 TIME_ZONE=V"
72045,PR,"Comerio",America/Puerto_Rico,,,"tzbb-2026d area-majority; NWS c_16ap26 TIME_ZONE=V"
72047,PR,"Corozal",America/Puerto_Rico,,,"tzbb-2026d area-majority; NWS c_16ap26 TIME_ZONE=V"
72049,PR,"Culebra",America/Puerto_Rico,,,"tzbb-2026d area-majority; NWS c_16ap26 TIME_ZONE=V"
72051,PR,"Dorado",America/Puerto_Rico,,,"tzbb-2026d area-majority; NWS c_16ap26 TIME_ZONE=V"
72053,PR,"Fajardo",America/Puerto_Rico,,,"tzbb-2026d area-majority; NWS c_16ap26 TIME_ZONE=V"
72054,PR,"Florida",America/Puerto_Rico,,,"tzbb-2026d area-majority; NWS c_16ap26 TIME_ZONE=V"
72055,PR,"Guanica",America/Puerto_Rico,,,"tzbb-2026d area-majority; NWS c_16ap26 TIME_ZONE=V"
72057,PR,"Guayama",America/Puerto_Rico,,,"tzbb-2026d area-majority; NWS c_16ap26 TIME_ZONE=V"
72059,PR,"Guayanilla",America/Puerto_Rico,,,"tzbb-2026d area-majority; NWS c_16ap26 TIME_ZONE=V"
72061,PR,"Guaynabo",America/Puerto_Rico,,,"tzbb-2026d area-majority; NWS c_16ap26 TIME_ZONE=V"
72063,PR,"Gurabo",America/Puerto_Rico,,,"tzbb-2026d area-majority; NWS c_16ap26 TIME_ZONE=V"
72065,PR,"Hatillo",America/Puerto_Rico,,,"tzbb-2026d area-majority; NWS c_16ap26 TIME_ZONE=V"
72067,PR,"Hormigueros",America/Puerto_Rico,,,"tzbb-2026d area-majority; NWS c_16ap26 TIME_ZONE=V"
72069,PR,"Humacao",America/Puerto_Rico,,,"tzbb-2026d area-majority; NWS c_16ap26 TIME_ZONE=V"
72071,PR,"Isabela",America/Puerto_Rico,,,"tzbb-2026d area-majority; NWS c_16ap26 TIME_ZONE=V"
72073,PR,"Jayuya",America/Puerto_Rico,,,"tzbb-2026d area-majority; NWS c_16ap26 TIME_ZONE=V"
72075,PR,"Juana Diaz",America/Puerto_Rico,,,"tzbb-2026d area-majority; NWS c_16ap26 TIME_ZONE=V"
72077,PR,"Juncos",America/Puerto_Rico,,,"tzbb-2026d area-majority; NWS c_16ap26 TIME_ZONE=V"
72079,PR,"Lajas",America/Puerto_Rico,,,"tzbb-2026d area-majority; NWS c_16ap26 TIME_ZONE=V"
72081,PR,"Lares",America/Puerto_Rico,,,"tzbb-2026d area-majority; NWS c_16ap26 TIME_ZONE=V"
72083,PR,"Las Marias",America/Puerto_Rico,,,"tzbb-2026d area-majority; NWS c_16ap26 TIME_ZONE=V"
72085,PR,"Las Piedras",America/Puerto_Rico,,,"tzbb-2026d area-majority; NWS c_16ap26 TIME_ZONE=V"
72087,PR,"Loiza",America/Puerto_Rico,,,"tzbb-2026d area-majority; NWS c_16ap26 TIME_ZONE=V"
72089,PR,"Luquillo",America/Puerto_Rico,,,"tzbb-2026d area-majority; NWS c_16ap26 TIME_ZONE=V"
72091,PR,"Manati",America/Puerto_Rico,,,"tzbb-2026d area-majority; NWS c_16ap26 TIME_ZONE=V"
72093,PR,"Maricao",America/Puerto_Rico,,,"tzbb-2026d area-majority; NWS c_16ap26 TIME_ZONE=V"
72095,PR,"Maunabo",America/Puerto_Rico,,,"tzbb-2026d area-majority; NWS c_16ap26 TIME_ZONE=V"
72097,PR,"Mayaguez",America/Puerto_Rico,,,"tzbb-2026d area-majority; NWS c_16ap26 TIME_ZONE=V"
72099,PR,"Moca",America/Puerto_Rico,,,"tzbb-2026d area-majority; NWS c_16ap26 TIME_ZONE=V"
72101,PR,"Morovis",America/Puerto_Rico,,,"tzbb-2026d area-majority; NWS c_16ap26 TIME_ZONE=V"
72103,PR,"Naguabo",America/Puerto_Rico,,,"tzbb-2026d area-majority; NWS c_16ap26 TIME_ZONE=V"
72105,PR,"Naranjito",America/Puerto_Rico,,,"tzbb-2026d area-majority; NWS c_16ap26 TIME_ZONE=V"
72107,PR,"Orocovis",America/Puerto_Rico,,,"tzbb-2026d area-majority; NWS c_16ap26 TIME_ZONE=V"
72109,PR,"Patillas",America/Puerto_Rico,,,"tzbb-2026d area-majority; NWS c_16ap26 TIME_ZONE=V"
72111,PR,"Penuelas",America/Puerto_Rico,,,"tzbb-2026d area-majority; NWS c_16ap26 TIME_ZONE=V"
72113,PR,"Ponce",America/Puerto_Rico,,,"tzbb-2026d area-majority; NWS c_16ap26 TIME_ZONE=V"
72115,PR,"Quebradillas",America/Puerto_Rico,,,"tzbb-2026d area-majority; NWS c_16ap26 TIME_ZONE=V"
72117,PR,"Rincon",America/Puerto_Rico,,,"tzbb-2026d area-majority; NWS c_16ap26 TIME_ZONE=V"
72119,PR,"Rio Grande",America/Puerto_Rico,,,"tzbb-2026d area-majority; NWS c_16ap26 TIME_ZONE=V"
72121,PR,"Sabana Grande",America/Puerto_Rico,,,"tzbb-2026d area-majority; NWS c_16ap26 TIME_ZONE=V"
72123,PR,"Salinas",America/Puerto_Rico,,,"tzbb-2026d area-majority; NWS c_16ap26 TIME_ZONE=V"
72125,PR,"San German",America/Puerto_Rico,,,"tzbb-2026d area-majority; NWS c_16ap26 TIME_ZONE=V"
72127,PR,"San Juan",America/Puerto_Rico,,,"tzbb-2026d area-majority; NWS c_16ap26 TIME_ZONE=V"
72129,PR,"San Lorenzo",America/Puerto_Rico,,,"tzbb-2026d area-majority; NWS c_16ap26 TIME_ZONE=V"
72131,PR,"San Sebastian",America/Puerto_Rico,,,"tzbb-2026d area-majority; NWS c_16ap26 TIME_ZONE=V"
72133,PR,"Santa Isabel",America/Puerto_Rico,,,"tzbb-2026d area-majority; NWS c_16ap26 TIME_ZONE=V"
72135,PR,"Toa Alta",America/Puerto_Rico,,,"tzbb-2026d area-majority; NWS c_16ap26 TIME_ZONE=V"
72137,PR,"Toa Baja",America/Puerto_Rico,,,"tzbb-2026d area-majority; NWS c_16ap26 TIME_ZONE=V"
72139,PR,"Trujillo Alto",America/Puerto_Rico,,,"tzbb-2026d area-majority; NWS c_16ap26 TIME_ZONE=V"
72141,PR,"Utuado",America/Puerto_Rico,,,"tzbb-2026d area-majority; NWS c_16ap26 TIME_ZONE=V"
72143,PR,"Vega Alta",America/Puerto_Rico,,,"tzbb-2026d area-majority; NWS c_16ap26 TIME_ZONE=V"
72145,PR,"Vega Baja",America/Puerto_Rico,,,"tzbb-2026d area-majority; NWS c_16ap26 TIME_ZONE=V"
72147,PR,"Vieques",America/Puerto_Rico,,,"tzbb-2026d area-majority; NWS c_16ap26 TIME_ZONE=V"
72149,PR,"Villalba",America/Puerto_Rico,,,"tzbb-2026d area-majority; NWS c_16ap26 TIME_ZONE=V"
72151,PR,"Yabucoa",America/Puerto_Rico,,,"tzbb-2026d area-majority; NWS c_16ap26 TIME_ZONE=V"
72153,PR,"Yauco",America/Puerto_Rico,,,"tzbb-2026d area-majority; NWS c_16ap26 TIME_ZONE=V"
78010,VI,"Saint Croix",America/St_Thomas,,,"tzbb-2026d area-majority; NWS c_16ap26 TIME_ZONE=V"
78020,VI,"Saint John",America/St_Thomas,,,"tzbb-2026d area-majority; NWS c_16ap26 TIME_ZONE=V"
78030,VI,"Saint Thomas",America/St_Thomas,,,"tzbb-2026d area-majority; NWS c_16ap26 TIME_ZONE=V"
